"SKU","OfferTermCode","RateCode","TermType","PriceDescription","EffectiveDate","StartingRange","EndingRange","Unit","PricePerUnit","Currency","LeaseContractLength","PurchaseOption","OfferingClass","Product Family","serviceCode","Location","Location Type","Volume Type","Group","Group Description","usageType","operation","Region Code","serviceName","TableClass"
"222RXP75TCN6HS9K","JRTCKXETXF","222RXP75TCN6HS9K.JRTCKXETXF.6YS6EN2CT7","OnDemand","$0.00000024 per DynamoDB Streams read request unit (GovCloud (US))","2026-07-01","0","Inf","Requests","0.0000002400","USD",,,,"API Request","AmazonDynamoDB","AWS GovCloud (US-West)","AWS Region",,"DDB-StreamsReadRequests","DynamoDB Streams read request (GetRecords API)","UGW1-Streams-Requests","GetRecords","us-gov-west-1","Amazon DynamoDB",
"23M9NM8HVN35P59A","JRTCKXETXF","23M9NM8HVN35P59A.JRTCKXETXF.6YS6EN2CT7","OnDemand","$0.00239 per GB of vector data searched in Asia Pacific (New Zealand)","2026-07-01","0","Inf","GB","0.0023900000","USD",,,,"Amazon DynamoDB PayPerRequest Throughput","AmazonDynamoDB","Asia Pacific (New Zealand)","AWS Region",,,,"APS8-VectorSearch","","ap-southeast-6","Amazon DynamoDB","Standard"
"23V3QTMTUU9GTUT5","JRTCKXETXF","23V3QTMTUU9GTUT5.JRTCKXETXF.6YS6EN2CT7","OnDemand","USD 0.10 per GB-Month for TimedBackupStorage-ByteHrs in EU (Stockholm)","2026-07-01","0","Inf","GB-Month","0.1000000000","USD",,,,"Amazon DynamoDB On-Demand Backup Storage","AmazonDynamoDB","EU (Stockholm)","AWS Region","Amazon DynamoDB - On-Demand Backup Storage",,,"EUN1-TimedBackupStorage-ByteHrs","","eu-north-1","Amazon DynamoDB",
"23YD79DRF2CMV2ME","JRTCKXETXF","23YD79DRF2CMV2ME.JRTCKXETXF.6YS6EN2CT7","OnDemand","$1.172 per million IA write request units in South America (Sao Paulo)","2026-07-01","0","Inf","WriteRequestUnits","0.0000011720","USD",,,,"Amazon DynamoDB PayPerRequest Throughput","AmazonDynamoDB","South America (Sao Paulo)","AWS Region",,"DDB-WriteUnitsIA","DynamoDB PayPerRequest Write Request Units IA","SAE1-IA-WriteRequestUnits","PayPerRequestThroughput","sa-east-1","Amazon DynamoDB",
"249CM94YJ6E2JHV8","JRTCKXETXF","249CM94YJ6E2JHV8.JRTCKXETXF.6YS6EN2CT7","OnDemand","$0.7375 per GB of IA vector write requests in Europe (Spain)","2026-07-01","0","Inf","GB","0.7375000000","USD",,,,"Amazon DynamoDB PayPerRequest Throughput","AmazonDynamoDB","Europe (Spain)","AWS Region",,,,"EUS2-IA-VectorWriteRequest","","eu-south-2","Amazon DynamoDB",
"27PU8VNH2D3KDTZG","JRTCKXETXF","27PU8VNH2D3KDTZG.JRTCKXETXF.HBHVWY47CM","OnDemand","$0.00 per hour for 25 units of read capacity for a month (free tier)","2026-07-01","0","18600","ReadCapacityUnit-Hrs","0.0000000000","USD",,,,"Provisioned IOPS","AmazonDynamoDB","South America (Sao Paulo)","AWS Region",,"DDB-ReadUnits","DynamoDB Provisioned Read Units","SAE1-ReadCapacityUnit-Hrs","CommittedThroughput","sa-east-1","Amazon DynamoDB",
"27PU8VNH2D3KDTZG","JRTCKXETXF","27PU8VNH2D3KDTZG.JRTCKXETXF.E63J5HTPNN","OnDemand","$0.000195 per hour for units of read capacity beyond the free tier","2026-07-01","18600","Inf","ReadCapacityUnit-Hrs","0.0001950000","USD",,,,"Provisioned IOPS","AmazonDynamoDB","South America (Sao Paulo)","AWS Region",,"DDB-ReadUnits","DynamoDB Provisioned Read Units","SAE1-ReadCapacityUnit-Hrs","CommittedThroughput","sa-east-1","Amazon DynamoDB",
"27PU8VNH2D3KDTZG","VG8YD49WWM","27PU8VNH2D3KDTZG.VG8YD49WWM.6YS6EN2CT7","Reserved","Amazon DynamoDB, Reserved Read Capacity used this month","2026-08-04","0","Inf","ReadCapacityUnit-Hrs","0.0000240000","USD","3yr","Heavy Utilization","standard","Provisioned IOPS","AmazonDynamoDB","South America (Sao Paulo)","AWS Region",,"DDB-ReadUnits","DynamoDB Provisioned Read Units","SAE1-ReadCapacityUnit-Hrs","CommittedThroughput","sa-east-1","Amazon DynamoDB",
"27PU8VNH2D3KDTZG","VG8YD49WWM","27PU8VNH2D3KDTZG.VG8YD49WWM.2TG2D8R56U","Reserved","Upfront Fee","2026-08-04",,,"Quantity","0.54","USD","3yr","Heavy Utilization","standard","Provisioned IOPS","AmazonDynamoDB","South America (Sao Paulo)","AWS Region",,"DDB-ReadUnits","DynamoDB Provisioned Read Units","SAE1-ReadCapacityUnit-Hrs","CommittedThroughput","sa-east-1","Amazon DynamoDB",
"27PU8VNH2D3KDTZG","YTVHEVGPBZ","27PU8VNH2D3KDTZG.YTVHEVGPBZ.6YS6EN2CT7","Reserved","Amazon DynamoDB, Reserved Read Capacity used this month","2026-08-04","0","Inf","ReadCapacityUnit-Hrs","0.0000380000","USD","1yr","Heavy Utilization","standard","Provisioned IOPS","AmazonDynamoDB","South America (Sao Paulo)","AWS Region",,"DDB-ReadUnits","DynamoDB Provisioned Read Units","SAE1-ReadCapacityUnit-Hrs","CommittedThroughput","sa-east-1","Amazon DynamoDB",
"27PU8VNH2D3KDTZG","YTVHEVGPBZ","27PU8VNH2D3KDTZG.YTVHEVGPBZ.2TG2D8R56U","Reserved","Upfront Fee","2026-08-04",,,"Quantity","0.45","USD","1yr","Heavy Utilization","standard","Provisioned IOPS","AmazonDynamoDB","South America (Sao Paulo)","AWS Region",,"DDB-ReadUnits","DynamoDB Provisioned Read Units","SAE1-ReadCapacityUnit-Hrs","CommittedThroughput","sa-east-1","Amazon DynamoDB",
"28F5UUC3ZUDFGPU8","JRTCKXETXF","28F5UUC3ZUDFGPU8.JRTCKXETXF.HBHVWY47CM","OnDemand","$0.00 per hour for 25 units of read capacity for a month (free tier)","2026-07-01","0","18600","ReadCapacityUnit-Hrs","0.0000000000","USD",,,,"Provisioned IOPS","AmazonDynamoDB","Asia Pacific (Singapore)","AWS Region",,"DDB-ReadUnits","DynamoDB Provisioned Read Units","APS1-ReadCapacityUnit-Hrs","CommittedThroughput","ap-southeast-1","Amazon DynamoDB",
"28F5UUC3ZUDFGPU8","JRTCKXETXF","28F5UUC3ZUDFGPU8.JRTCKXETXF.E63J5HTPNN","OnDemand","$0.000148 per hour for units of read capacity beyond the free tier","2026-07-01","18600","Inf","ReadCapacityUnit-Hrs","0.0001480000","USD",,,,"Provisioned IOPS","AmazonDynamoDB","Asia Pacific (Singapore)","AWS Region",,"DDB-ReadUnits","DynamoDB Provisioned Read Units","APS1-ReadCapacityUnit-Hrs","CommittedThroughput","ap-southeast-1","Amazon DynamoDB",
"28F5UUC3ZUDFGPU8","VG8YD49WWM","28F5UUC3ZUDFGPU8.VG8YD49WWM.6YS6EN2CT7","Reserved","Amazon DynamoDB, Reserved Read Capacity used this month","2026-08-04","0","Inf","ReadCapacityUnit-Hrs","0.0000180000","USD","3yr","Heavy Utilization","standard","Provisioned IOPS","AmazonDynamoDB","Asia Pacific (Singapore)","AWS Region",,"DDB-ReadUnits","DynamoDB Provisioned Read Units","APS1-ReadCapacityUnit-Hrs","CommittedThroughput","ap-southeast-1","Amazon DynamoDB",
"28F5UUC3ZUDFGPU8","VG8YD49WWM","28F5UUC3ZUDFGPU8.VG8YD49WWM.2TG2D8R56U","Reserved","Upfront Fee","2026-08-04",,,"Quantity","0.4104","USD","3yr","Heavy Utilization","standard","Provisioned IOPS","AmazonDynamoDB","Asia Pacific (Singapore)","AWS Region",,"DDB-ReadUnits","DynamoDB Provisioned Read Units","APS1-ReadCapacityUnit-Hrs","CommittedThroughput","ap-southeast-1","Amazon DynamoDB",
"28F5UUC3ZUDFGPU8","YTVHEVGPBZ","28F5UUC3ZUDFGPU8.YTVHEVGPBZ.6YS6EN2CT7","Reserved","Amazon DynamoDB, Reserved Read Capacity used this month","2026-08-04","0","Inf","ReadCapacityUnit-Hrs","0.0000290000","USD","1yr","Heavy Utilization","standard","Provisioned IOPS","AmazonDynamoDB","Asia Pacific (Singapore)","AWS Region",,"DDB-ReadUnits","DynamoDB Provisioned Read Units","APS1-ReadCapacityUnit-Hrs","CommittedThroughput","ap-southeast-1","Amazon DynamoDB",
"28F5UUC3ZUDFGPU8","YTVHEVGPBZ","28F5UUC3ZUDFGPU8.YTVHEVGPBZ.2TG2D8R56U","Reserved","Upfront Fee","2026-08-04",,,"Quantity","0.342","USD","1yr","Heavy Utilization","standard","Provisioned IOPS","AmazonDynamoDB","Asia Pacific (Singapore)","AWS Region",,"DDB-ReadUnits","DynamoDB Provisioned Read Units","APS1-ReadCapacityUnit-Hrs","CommittedThroughput","ap-southeast-1","Amazon DynamoDB",
"28MHQBZ3ZAPGPGQC","JRTCKXETXF","28MHQBZ3ZAPGPGQC.JRTCKXETXF.6YS6EN2CT7","OnDemand","$0.65 per GB of IA vector write requests in US East (Ohio)","2026-07-01","0","Inf","GB","0.6500000000","USD",,,,"Amazon DynamoDB PayPerRequest Throughput","AmazonDynamoDB","US East (Ohio)","AWS Region",,,,"USE2-IA-VectorWriteRequest","","us-east-2","Amazon DynamoDB",
"28WXWMXGX6PHR8Y5","JRTCKXETXF","28WXWMXGX6PHR8Y5.JRTCKXETXF.6YS6EN2CT7","OnDemand","$0.11886 per GB-Month of IA storage in EU (London)","2026-07-01","0","Inf","GB-Mo","0.1188600000","USD",,,,"Database Storage","AmazonDynamoDB","EU (London)","AWS Region","Amazon DynamoDB - Indexed DataStore - IA",,,"EUW2-IA-TimedStorage-ByteHrs","","eu-west-2","Amazon DynamoDB",
"29FW33RDW87MSHN6","JRTCKXETXF","29FW33RDW87MSHN6.JRTCKXETXF.6YS6EN2CT7","OnDemand","$0.11400 per GB-Month of IA storage in Asia Pacific (Tokyo)","2026-07-01","0","Inf","GB-Mo","0.1140000000","USD",,,,"Database Storage","AmazonDynamoDB","Asia Pacific (Tokyo)","AWS Region","Amazon DynamoDB - Indexed DataStore - IA",,,"APN1-IA-TimedStorage-ByteHrs","","ap-northeast-1","Amazon DynamoDB",
"2B5A2GVFNUDVUX8R","JRTCKXETXF","2B5A2GVFNUDVUX8R.JRTCKXETXF.6YS6EN2CT7","OnDemand","$0.1395 per million read request units","2026-07-01","0","Inf","ReadRequestUnits","0.0000001395","USD",,,,"Amazon DynamoDB PayPerRequest Throughput","AmazonDynamoDB","US West (N. California)","AWS Region",,"DDB-ReadUnits","DynamoDB PayPerRequest Read Request Units","USW1-ReadRequestUnits","PayPerRequestThroughput","us-west-1","Amazon DynamoDB",
"2CQ27J3MQHPXUAX8","JRTCKXETXF","2CQ27J3MQHPXUAX8.JRTCKXETXF.6YS6EN2CT7","OnDemand","$0.103 per million Change Data Capture Units for Kinesis Data Streams in Asia Pacific (Thailand)","2026-07-01","0","Inf","ChangeDataCaptureUnits","0.0000001030","USD",,,,,"AmazonDynamoDB","Asia Pacific (Thailand)","AWS Region",,"DDB-Kinesis","Change Data Capture Units for Kinesis Data Streams","APS9-ChangeDataCaptureUnits-Kinesis","DelegatedOperations","ap-southeast-7","Amazon DynamoDB",
"2DJK9PK8DCF3THX4","JRTCKXETXF","2DJK9PK8DCF3THX4.JRTCKXETXF.6YS6EN2CT7","OnDemand","$0.1140 per GB of incremental data exported in Asia Pacific (Osaka)","2026-07-01","0","Inf","GB","0.1140000000","USD",,,,"Amazon DynamoDB Export Data Size","AmazonDynamoDB","Asia Pacific (Osaka)","AWS Region","Amazon DynamoDB - Incremental Export",,,"APN3-IncrementalExportDataSize-Bytes","","ap-northeast-3","Amazon DynamoDB",
"2DSJ8N77MXAM22YF","JRTCKXETXF","2DSJ8N77MXAM22YF.JRTCKXETXF.M9QGYPQ72M","OnDemand","$0.00 for 2.5 million DynamoDB Streams read request units for a month (free tier) (EU Central(Frankfurt))","2026-07-01","0","2500000","Requests","0.0000000000","USD",,,,"API Request","AmazonDynamoDB","EU (Frankfurt)","AWS Region",,"DDB-StreamsReadRequests","DynamoDB Streams read request (GetRecords API)","EUC1-Streams-Requests","GetRecords","eu-central-1","Amazon DynamoDB",
"2DSJ8N77MXAM22YF","JRTCKXETXF","2DSJ8N77MXAM22YF.JRTCKXETXF.AUKFMGQW43","OnDemand","$0.0000002448 per DynamoDB Streams read request unit beyond free tier (EU Central(Frankfurt))","2026-07-01","2500000","Inf","Requests","0.0000002450","USD",,,,"API Request","AmazonDynamoDB","EU (Frankfurt)","AWS Region",,"DDB-StreamsReadRequests","DynamoDB Streams read request (GetRecords API)","EUC1-Streams-Requests","GetRecords","eu-central-1","Amazon DynamoDB",
"2DY4MTRYHNE35RW2","JRTCKXETXF","2DY4MTRYHNE35RW2.JRTCKXETXF.6YS6EN2CT7","OnDemand","$0.1200 per million change data capture units for Kinesis Data Streams in AWS GovCloud (US-East)","2026-07-01","0","Inf","ChangeDataCaptureUnits","0.0000001200","USD",,,,,"AmazonDynamoDB","AWS GovCloud (US-East)","AWS Region",,"DDB-Kinesis","Change Data Capture Units for Kinesis Data Streams","UGE1-ChangeDataCaptureUnits-Kinesis","DelegatedOperations","us-gov-east-1","Amazon DynamoDB",
"2EBF8MWYX93SQJMR","JRTCKXETXF","2EBF8MWYX93SQJMR.JRTCKXETXF.6YS6EN2CT7","OnDemand","$0.12240 per GB of data exported in EU (Frankfurt)","2026-07-01","0","Inf","GB","0.1224000000","USD",,,,"Amazon DynamoDB Export Data Size","AmazonDynamoDB","EU (Frankfurt)","AWS Region","Amazon DynamoDB - Export Size",,,"EUC1-ExportDataSize-Bytes","","eu-central-1","Amazon DynamoDB",
"2G5P9D3UCX52PBCB","JRTCKXETXF","2G5P9D3UCX52PBCB.JRTCKXETXF.6YS6EN2CT7","OnDemand","$0.00258 per GB of IA vector data searched in Asia Pacific (Malaysia)","2026-07-01","0","Inf","GB","0.0025800000","USD",,,,"Amazon DynamoDB PayPerRequest Throughput","AmazonDynamoDB","Asia Pacific (Malaysia)","AWS Region",,,,"APS7-IA-VectorSearch","","ap-southeast-5","Amazon DynamoDB",
"2H65P8TKB237EX5Z","JRTCKXETXF","2H65P8TKB237EX5Z.JRTCKXETXF.6YS6EN2CT7","OnDemand","$0.264 per GB-Mo for TimedPITRStorage-ByteHrs in Israel (Tel Aviv)","2026-07-01","0","Inf","GB-Mo","0.2640000000","USD",,,,"Database Storage","AmazonDynamoDB","Israel (Tel Aviv)","AWS Region","Amazon DynamoDB - Point-In-Time-Restore (PITR) Backup Storage",,,"ILC1-TimedPITRStorage-ByteHrs","","il-central-1","Amazon DynamoDB",
"2HPSAWPXJ2JJJ6XY","JRTCKXETXF","2HPSAWPXJ2JJJ6XY.JRTCKXETXF.G2A93NZ7DT","OnDemand","$0.00 per GB-Month of storage for first 25 free GB-Months","2026-07-01","0","25","GB-Mo","0.0000000000","USD",,,,"Database Storage","AmazonDynamoDB","Asia Pacific (Tokyo)","AWS Region","Amazon DynamoDB - Indexed DataStore",,,"APN1-TimedStorage-ByteHrs","","ap-northeast-1","Amazon DynamoDB",
"2HPSAWPXJ2JJJ6XY","JRTCKXETXF","2HPSAWPXJ2JJJ6XY.JRTCKXETXF.VYAP54KATQ","OnDemand","$0.285 per GB-Month of storage used beyond first 25 free GB-Months","2026-07-01","25","Inf","GB-Mo","0.2850000000","USD",,,,"Database Storage","AmazonDynamoDB","Asia Pacific (Tokyo)","AWS Region","Amazon DynamoDB - Indexed DataStore",,,"APN1-TimedStorage-ByteHrs","","ap-northeast-1","Amazon DynamoDB",
"2MKBPX84HAJMCZGM","JRTCKXETXF","2MKBPX84HAJMCZGM.JRTCKXETXF.6YS6EN2CT7","OnDemand","$1.06 per million ReplicatedWriteRequestUnits in Israel (Tel Aviv)","2026-07-01","0","Inf","ReplicatedWriteRequestUnits","0.0000010600","USD",,,,"Amazon DynamoDB PayPerRequest Throughput","AmazonDynamoDB","Israel (Tel Aviv)","AWS Region",,"DDB-ReplicatedWriteUnitsIA","DynamoDB PayPerRequest Replicated Write Request Units IA","ILC1-IA-ReplWriteRequestUnits","PayPerRequestThroughput","il-central-1","Amazon DynamoDB",
"2MTFZQBFNY8X33AS","JRTCKXETXF","2MTFZQBFNY8X33AS.JRTCKXETXF.6YS6EN2CT7","OnDemand","$0.71 per million write request units in Asia Pacific (Hyderabad)","2026-07-01","0","Inf","WriteRequestUnits","0.0000007100","USD",,,,"Amazon DynamoDB PayPerRequest Throughput","AmazonDynamoDB","Asia Pacific (Hyderabad)","AWS Region",,"DDB-WriteUnits","DynamoDB PayPerRequest Write Request Units","APS5-WriteRequestUnits","PayPerRequestThroughput","ap-south-2","Amazon DynamoDB",
"2MXS4N3MEKCXUYUQ","JRTCKXETXF","2MXS4N3MEKCXUYUQ.JRTCKXETXF.6YS6EN2CT7","OnDemand","$0.2023 per GB for data import in Africa (Cape Town)","2026-07-01","0","Inf","GB","0.2023000000","USD",,,,"Amazon DynamoDB Import Data Size","AmazonDynamoDB","Africa (Cape Town)","AWS Region","Amazon DynamoDB - Import Size",,,"AFS1-ImportDataSize-Bytes","","af-south-1","Amazon DynamoDB",
"2N7M854NXZMWGP6U","JRTCKXETXF","2N7M854NXZMWGP6U.JRTCKXETXF.6YS6EN2CT7","OnDemand","$0.1026 per GB of data exported in Asia Pacific (Malaysia)","2026-07-01","0","Inf","GB","0.1026000000","USD",,,,"Amazon DynamoDB Export Data Size","AmazonDynamoDB","Asia Pacific (Malaysia)","AWS Region","Amazon DynamoDB - Export Size",,,"APS7-ExportDataSize-Bytes","","ap-southeast-5","Amazon DynamoDB",
"2P7R84JCGQ8HYWDD","JRTCKXETXF","2P7R84JCGQ8HYWDD.JRTCKXETXF.6YS6EN2CT7","OnDemand","$0.231 per GB-Month of storage used for DynamoDB PITR backup in EU (Milan)","2026-07-01","0","Inf","GB-Mo","0.2310000000","USD",,,,"Database Storage","AmazonDynamoDB","EU (Milan)","AWS Region","Amazon DynamoDB - Point-In-Time-Restore (PITR) Backup Storage",,,"EUS1-TimedPITRStorage-ByteHrs","","eu-south-1","Amazon DynamoDB",
"2Q96P5F3GGKWF8VQ","JRTCKXETXF","2Q96P5F3GGKWF8VQ.JRTCKXETXF.HBHVWY47CM","OnDemand","$0.00 per hour for 25 units of write capacity for a month (free tier) in Asia Pacific (Jakarta)","2026-07-01","0","18600","WriteCapacityUnit-Hrs","0.0000000000","USD",,,,"Provisioned IOPS","AmazonDynamoDB","Asia Pacific (Jakarta)","AWS Region",,"DDB-WriteUnits","DynamoDB Provisioned Write Units","APS4-WriteCapacityUnit-Hrs","CommittedThroughput","ap-southeast-3","Amazon DynamoDB",
"2Q96P5F3GGKWF8VQ","JRTCKXETXF","2Q96P5F3GGKWF8VQ.JRTCKXETXF.E63J5HTPNN","OnDemand","$0.00074 per hour for units of write capacity beyond the free tier in Asia Pacific (Jakarta)","2026-07-01","18600","Inf","WriteCapacityUnit-Hrs","0.0007400000","USD",,,,"Provisioned IOPS","AmazonDynamoDB","Asia Pacific (Jakarta)","AWS Region",,"DDB-WriteUnits","DynamoDB Provisioned Write Units","APS4-WriteCapacityUnit-Hrs","CommittedThroughput","ap-southeast-3","Amazon DynamoDB",
"2Q96P5F3GGKWF8VQ","YTVHEVGPBZ","2Q96P5F3GGKWF8VQ.YTVHEVGPBZ.6YS6EN2CT7","Reserved","Amazon DynamoDB, Reserved Write Capacity used this month","2026-08-04","0","Inf","WriteCapacityUnit-Hrs","0.0001460000","USD","1yr","Heavy Utilization","standard","Provisioned IOPS","AmazonDynamoDB","Asia Pacific (Jakarta)","AWS Region",,"DDB-WriteUnits","DynamoDB Provisioned Write Units","APS4-WriteCapacityUnit-Hrs","CommittedThroughput","ap-southeast-3","Amazon DynamoDB",
"2Q96P5F3GGKWF8VQ","YTVHEVGPBZ","2Q96P5F3GGKWF8VQ.YTVHEVGPBZ.2TG2D8R56U","Reserved","Upfront Fee","2026-08-04",,,"Quantity","1.71","USD","1yr","Heavy Utilization","standard","Provisioned IOPS","AmazonDynamoDB","Asia Pacific (Jakarta)","AWS Region",,"DDB-WriteUnits","DynamoDB Provisioned Write Units","APS4-WriteCapacityUnit-Hrs","CommittedThroughput","ap-southeast-3","Amazon DynamoDB",
"2R7JBDXAWRE8KE48","JRTCKXETXF","2R7JBDXAWRE8KE48.JRTCKXETXF.6YS6EN2CT7","OnDemand","$0.1487 per million read request units Europe West 3","2026-07-01","0","Inf","ReadRequestUnits","0.0000001487","USD",,,,"Amazon DynamoDB PayPerRequest Throughput","AmazonDynamoDB","EU (Paris)","AWS Region",,"DDB-ReadUnits","DynamoDB PayPerRequest Read Request Units","EUW3-ReadRequestUnits","PayPerRequestThroughput","eu-west-3","Amazon DynamoDB",
"2SENWYSA83U7GSZX","JRTCKXETXF","2SENWYSA83U7GSZX.JRTCKXETXF.G2A93NZ7DT","OnDemand","$0.00 per GB-Month of storage for first 25 free GB-Months in EU (Milan)","2026-07-01","0","25","GB-Mo","0.0000000000","USD",,,,"Database Storage","AmazonDynamoDB","EU (Milan)","AWS Region","Amazon DynamoDB - Indexed DataStore",,,"EUS1-TimedStorage-ByteHrs","","eu-south-1","Amazon DynamoDB",
"2SENWYSA83U7GSZX","JRTCKXETXF","2SENWYSA83U7GSZX.JRTCKXETXF.VYAP54KATQ","OnDemand","$0.29715 per GB-Month of storage used beyond first 25 free GB-Months in EU (Milan)","2026-07-01","25","Inf","GB-Mo","0.2971500000","USD",,,,"Database Storage","AmazonDynamoDB","EU (Milan)","AWS Region","Amazon DynamoDB - Indexed DataStore",,,"EUS1-TimedStorage-ByteHrs","","eu-south-1","Amazon DynamoDB",
"2SGXW34ET2C9NTZS","JRTCKXETXF","2SGXW34ET2C9NTZS.JRTCKXETXF.6YS6EN2CT7","OnDemand","$0.000975 per hour for units of IA replicated write capacity in AWS GovCloud (US-East)","2026-07-01","0","Inf","ReplicatedWriteCapacityUnit-Hrs","0.0009750000","USD",,,,"DDB-Operation-ReplicatedWrite","AmazonDynamoDB","AWS GovCloud (US-East)","AWS Region",,"DDB-ReplicatedWriteUnitsIA","DynamoDB Provisioned Replicated Write Units IA","UGE1-IA-ReplWriteCapacityUnit-Hrs","CommittedThroughput","us-gov-east-1","Amazon DynamoDB",
"2T6P7JMEYP3AJMVG","JRTCKXETXF","2T6P7JMEYP3AJMVG.JRTCKXETXF.6YS6EN2CT7","OnDemand","$0.121 per GB-Month of storage used for on-demand backup in Middle East (UAE)","2026-07-01","0","Inf","GB-Month","0.1210000000","USD",,,,"Amazon DynamoDB On-Demand Backup Storage","AmazonDynamoDB","Middle East (UAE)","AWS Region","Amazon DynamoDB - On-Demand Backup Storage",,,"MEC1-TimedBackupStorage-ByteHrs","","me-central-1","Amazon DynamoDB",
"2UZR5TKVYW8UJSNY","JRTCKXETXF","2UZR5TKVYW8UJSNY.JRTCKXETXF.6YS6EN2CT7","OnDemand","$0.00269 per GB of vector data searched in Europe (Zurich)","2026-07-01","0","Inf","GB","0.0026900000","USD",,,,"Amazon DynamoDB PayPerRequest Throughput","AmazonDynamoDB","Europe (Zurich)","AWS Region",,,,"EUC2-VectorSearch","","eu-central-2","Amazon DynamoDB","Standard"
"2WUQYHH6BWQFSUT5","JRTCKXETXF","2WUQYHH6BWQFSUT5.JRTCKXETXF.6YS6EN2CT7","OnDemand","$0.6875 per million ReplicatedWriteRequestUnits in Canada West (Calgary)","2026-07-01","0","Inf","ReplicatedWriteRequestUnits","0.0000006875","USD",,,,"Amazon DynamoDB PayPerRequest Throughput","AmazonDynamoDB","Canada West (Calgary)","AWS Region",,"DDB-ReplicatedWriteUnits","DynamoDB PayPerRequest Replicated Write Request Units","CAN2-ReplWriteRequestUnits","PayPerRequestThroughput","ca-west-1","Amazon DynamoDB",
"2X8Q44CK6V5WGJU9","JRTCKXETXF","2X8Q44CK6V5WGJU9.JRTCKXETXF.6YS6EN2CT7","OnDemand","$0.10000 per GB-Month of IA storage in US East (Ohio)","2026-07-01","0","Inf","GB-Mo","0.1000000000","USD",,,,"Database Storage","AmazonDynamoDB","US East (Ohio)","AWS Region","Amazon DynamoDB - Indexed DataStore - IA",,,"USE2-IA-TimedStorage-ByteHrs","","us-east-2","Amazon DynamoDB",
"2X8VZPFJZ9JW7XYX","JRTCKXETXF","2X8VZPFJZ9JW7XYX.JRTCKXETXF.6YS6EN2CT7","OnDemand","$0.204 per GB for ImportDataSize-Bytes in Israel (Tel Aviv)","2026-07-01","0","Inf","GB","0.2040000000","USD",,,,"Amazon DynamoDB Import Data Size","AmazonDynamoDB","Israel (Tel Aviv)","AWS Region","Amazon DynamoDB - Import Size",,,"ILC1-ImportDataSize-Bytes","","il-central-1","Amazon DynamoDB",
"2Z8X7YNUFXWKJUFY","JRTCKXETXF","2Z8X7YNUFXWKJUFY.JRTCKXETXF.M9QGYPQ72M","OnDemand","USD 0.0 per Requests for Streams-RequestsGetRecords in EU (Stockholm)","2026-07-01","0","2500000","Requests","0.0000000000","USD",,,,"API Request","AmazonDynamoDB","EU (Stockholm)","AWS Region",,"DDB-StreamsReadRequests","DynamoDB Streams read request (GetRecords API)","EUN1-Streams-Requests","GetRecords","eu-north-1","Amazon DynamoDB",
"2Z8X7YNUFXWKJUFY","JRTCKXETXF","2Z8X7YNUFXWKJUFY.JRTCKXETXF.AUKFMGQW43","OnDemand","USD 0.000000215 per Requests for Streams-RequestsGetRecords in EU (Stockholm)","2026-07-01","2500000","Inf","Requests","0.0000002150","USD",,,,"API Request","AmazonDynamoDB","EU (Stockholm)","AWS Region",,"DDB-StreamsReadRequests","DynamoDB Streams read request (GetRecords API)","EUN1-Streams-Requests","GetRecords","eu-north-1","Amazon DynamoDB",
"2ZXTVK7UZQRH4YY5","JRTCKXETXF","2ZXTVK7UZQRH4YY5.JRTCKXETXF.6YS6EN2CT7","OnDemand","$0.74 per million Replicated Write Request Units in EU (Milan)","2026-07-01","0","Inf","ReplicatedWriteRequestUnits","0.0000007400","USD",,,,"Amazon DynamoDB PayPerRequest Throughput","AmazonDynamoDB","EU (Milan)","AWS Region",,"DDB-ReplicatedWriteUnits","DynamoDB PayPerRequest Replicated Write Request Units","EUS1-ReplWriteRequestUnits","PayPerRequestThroughput","eu-south-1","Amazon DynamoDB",
"328XCUAUYG6FHQMV","JRTCKXETXF","328XCUAUYG6FHQMV.JRTCKXETXF.6YS6EN2CT7","OnDemand","$0.1945 per million IA read request units in Middle East (Bahrain)","2026-07-01","0","Inf","ReadRequestUnits","0.0000001945","USD",,,,"Amazon DynamoDB PayPerRequest Throughput","AmazonDynamoDB","Middle East (Bahrain)","AWS Region",,"DDB-ReadUnitsIA","DynamoDB PayPerRequest Read Request Units IA","MES1-IA-ReadRequestUnits","PayPerRequestThroughput","me-south-1","Amazon DynamoDB",
"36CGV8QUHJZG65HD","JRTCKXETXF","36CGV8QUHJZG65HD.JRTCKXETXF.HBHVWY47CM","OnDemand","$0.00 per hour for 25 units of write capacity for a month (free tier)","2026-07-01","0","18600","WriteCapacityUnit-Hrs","0.0000000000","USD",,,,"Provisioned IOPS","AmazonDynamoDB","EU (Ireland)","AWS Region",,"DDB-WriteUnits","DynamoDB Provisioned Write Units","EU-WriteCapacityUnit-Hrs","CommittedThroughput","eu-west-1","Amazon DynamoDB",
"36CGV8QUHJZG65HD","JRTCKXETXF","36CGV8QUHJZG65HD.JRTCKXETXF.E63J5HTPNN","OnDemand","$0.000735 per hour for units of write capacity beyond the free tier","2026-07-01","18600","Inf","WriteCapacityUnit-Hrs","0.0007350000","USD",,,,"Provisioned IOPS","AmazonDynamoDB","EU (Ireland)","AWS Region",,"DDB-WriteUnits","DynamoDB Provisioned Write Units","EU-WriteCapacityUnit-Hrs","CommittedThroughput","eu-west-1","Amazon DynamoDB",
"36CGV8QUHJZG65HD","VG8YD49WWM","36CGV8QUHJZG65HD.VG8YD49WWM.6YS6EN2CT7","Reserved","Amazon DynamoDB, Reserved Write Capacity used this month","2026-08-04","0","Inf","WriteCapacityUnit-Hrs","0.0000920000","USD","3yr","Heavy Utilization","standard","Provisioned IOPS","AmazonDynamoDB","EU (Ireland)","AWS Region",,"DDB-WriteUnits","DynamoDB Provisioned Write Units","EU-WriteCapacityUnit-Hrs","CommittedThroughput","eu-west-1","Amazon DynamoDB",
"36CGV8QUHJZG65HD","VG8YD49WWM","36CGV8QUHJZG65HD.VG8YD49WWM.2TG2D8R56U","Reserved","Upfront Fee","2026-08-04",,,"Quantity","2.034","USD","3yr","Heavy Utilization","standard","Provisioned IOPS","AmazonDynamoDB","EU (Ireland)","AWS Region",,"DDB-WriteUnits","DynamoDB Provisioned Write Units","EU-WriteCapacityUnit-Hrs","CommittedThroughput","eu-west-1","Amazon DynamoDB",
"36CGV8QUHJZG65HD","YTVHEVGPBZ","36CGV8QUHJZG65HD.YTVHEVGPBZ.6YS6EN2CT7","Reserved","Amazon DynamoDB, Reserved Write Capacity used this month","2026-08-04","0","Inf","WriteCapacityUnit-Hrs","0.0001450000","USD","1yr","Heavy Utilization","standard","Provisioned IOPS","AmazonDynamoDB","EU (Ireland)","AWS Region",,"DDB-WriteUnits","DynamoDB Provisioned Write Units","EU-WriteCapacityUnit-Hrs","CommittedThroughput","eu-west-1","Amazon DynamoDB",
"36CGV8QUHJZG65HD","YTVHEVGPBZ","36CGV8QUHJZG65HD.YTVHEVGPBZ.2TG2D8R56U","Reserved","Upfront Fee","2026-08-04",,,"Quantity","1.695","USD","1yr","Heavy Utilization","standard","Provisioned IOPS","AmazonDynamoDB","EU (Ireland)","AWS Region",,"DDB-WriteUnits","DynamoDB Provisioned Write Units","EU-WriteCapacityUnit-Hrs","CommittedThroughput","eu-west-1","Amazon DynamoDB",
"376N32VCEWYJQPDC","JRTCKXETXF","376N32VCEWYJQPDC.JRTCKXETXF.6YS6EN2CT7","OnDemand","$0.0009650 per hour for units of IA write capacity in EU (London)","2026-07-01","0","Inf","WriteCapacityUnit-Hrs","0.0009650000","USD",,,,"Provisioned IOPS","AmazonDynamoDB","EU (London)","AWS Region",,"DDB-WriteUnitsIA","DynamoDB Provisioned Write Units IA","EUW2-IA-WriteCapacityUnit-Hrs","CommittedThroughput","eu-west-2","Amazon DynamoDB",
"39X6PM3G4DJ9BBY5","JRTCKXETXF","39X6PM3G4DJ9BBY5.JRTCKXETXF.6YS6EN2CT7","OnDemand","$0.0009190 per hour for units of IA write capacity in EU (Ireland)","2026-07-01","0","Inf","WriteCapacityUnit-Hrs","0.0009190000","USD",,,,"Provisioned IOPS","AmazonDynamoDB","EU (Ireland)","AWS Region",,"DDB-WriteUnitsIA","DynamoDB Provisioned Write Units IA","EU-IA-WriteCapacityUnit-Hrs","CommittedThroughput","eu-west-1","Amazon DynamoDB",
"3ADXMU9RYGKRUA9W","JRTCKXETXF","3ADXMU9RYGKRUA9W.JRTCKXETXF.6YS6EN2CT7","OnDemand","$0.10000 per GB of data exported in US East (N. Virginia)","2026-07-01","0","Inf","GB","0.1000000000","USD",,,,"Amazon DynamoDB Export Data Size","AmazonDynamoDB","US East (N. Virginia)","AWS Region","Amazon DynamoDB - Export Size",,,"USE1-ExportDataSize-Bytes","","us-east-1","Amazon DynamoDB",
"3AEMTFQBUFRVM2WF","JRTCKXETXF","3AEMTFQBUFRVM2WF.JRTCKXETXF.M9QGYPQ72M","OnDemand","$0.00 for 2.5 million DynamoDB Streams read request units for a month (free tier) (Asia Pacific (Tokyo))","2026-07-01","0","2500000","Requests","0.0000000000","USD",,,,"API Request","AmazonDynamoDB","Asia Pacific (Tokyo)","AWS Region",,"DDB-StreamsReadRequests","DynamoDB Streams read request (GetRecords API)","APN1-Streams-Requests","GetRecords","ap-northeast-1","Amazon DynamoDB",
"3AEMTFQBUFRVM2WF","JRTCKXETXF","3AEMTFQBUFRVM2WF.JRTCKXETXF.AUKFMGQW43","OnDemand","$0.000000228 per DynamoDB Streams read request unit beyond free tier (Asia Pacific (Tokyo))","2026-07-01","2500000","Inf","Requests","0.0000002280","USD",,,,"API Request","AmazonDynamoDB","Asia Pacific (Tokyo)","AWS Region",,"DDB-StreamsReadRequests","DynamoDB Streams read request (GetRecords API)","APN1-Streams-Requests","GetRecords","ap-northeast-1","Amazon DynamoDB",
"3ASJCQGU53F8UJJB","JRTCKXETXF","3ASJCQGU53F8UJJB.JRTCKXETXF.6YS6EN2CT7","OnDemand","$0.53539 per GB of vector write requests in Asia Pacific (Taipei)","2026-07-01","0","Inf","GB","0.5353900000","USD",,,,"Amazon DynamoDB PayPerRequest Throughput","AmazonDynamoDB","Asia Pacific (Taipei)","AWS Region",,,,"APE2-VectorWriteRequest","","ap-east-2","Amazon DynamoDB","Standard"
"3BGBTGBMZMF7WJJP","JRTCKXETXF","3BGBTGBMZMF7WJJP.JRTCKXETXF.HBHVWY47CM","OnDemand","$0.00 per hour for 25 units of read capacity for a month (free tier)","2026-07-01","0","18600","ReadCapacityUnit-Hrs","0.0000000000","USD",,,,"Provisioned IOPS","AmazonDynamoDB","US East (Ohio)","AWS Region",,"DDB-ReadUnits","DynamoDB Provisioned Read Units","USE2-ReadCapacityUnit-Hrs","CommittedThroughput","us-east-2","Amazon DynamoDB",
"3BGBTGBMZMF7WJJP","JRTCKXETXF","3BGBTGBMZMF7WJJP.JRTCKXETXF.E63J5HTPNN","OnDemand","$0.00013 per hour for units of read capacity beyond the free tier","2026-07-01","18600","Inf","ReadCapacityUnit-Hrs","0.0001300000","USD",,,,"Provisioned IOPS","AmazonDynamoDB","US East (Ohio)","AWS Region",,"DDB-ReadUnits","DynamoDB Provisioned Read Units","USE2-ReadCapacityUnit-Hrs","CommittedThroughput","us-east-2","Amazon DynamoDB",
"3BGBTGBMZMF7WJJP","YTVHEVGPBZ","3BGBTGBMZMF7WJJP.YTVHEVGPBZ.6YS6EN2CT7","Reserved","Amazon DynamoDB, Reserved Read Capacity used this month","2026-08-04","0","Inf","ReadCapacityUnit-Hrs","0.0000250000","USD","1yr","Heavy Utilization","standard","Provisioned IOPS","AmazonDynamoDB","US East (Ohio)","AWS Region",,"DDB-ReadUnits","DynamoDB Provisioned Read Units","USE2-ReadCapacityUnit-Hrs","CommittedThroughput","us-east-2","Amazon DynamoDB",
"3BGBTGBMZMF7WJJP","YTVHEVGPBZ","3BGBTGBMZMF7WJJP.YTVHEVGPBZ.2TG2D8R56U","Reserved","Upfront Fee","2026-08-04",,,"Quantity","0.3","USD","1yr","Heavy Utilization","standard","Provisioned IOPS","AmazonDynamoDB","US East (Ohio)","AWS Region",,"DDB-ReadUnits","DynamoDB Provisioned Read Units","USE2-ReadCapacityUnit-Hrs","CommittedThroughput","us-east-2","Amazon DynamoDB",
"3CD7ARQSZ3TH4T7M","JRTCKXETXF","3CD7ARQSZ3TH4T7M.JRTCKXETXF.6YS6EN2CT7","OnDemand","$0.54496 per GB of vector write requests in Mexico (Central)","2026-07-01","0","Inf","GB","0.5449600000","USD",,,,"Amazon DynamoDB PayPerRequest Throughput","AmazonDynamoDB","Mexico (Central)","AWS Region",,,,"MXC1-VectorWriteRequest","","mx-central-1","Amazon DynamoDB","Standard"
"3ERQSZWPAMX2JWHN","JRTCKXETXF","3ERQSZWPAMX2JWHN.JRTCKXETXF.6YS6EN2CT7","OnDemand","$0.1415 per million read request units (EU (Ireland))","2026-07-01","0","Inf","ReadRequestUnits","0.0000001415","USD",,,,"Amazon DynamoDB PayPerRequest Throughput","AmazonDynamoDB","EU (Ireland)","AWS Region",,"DDB-ReadUnits","DynamoDB PayPerRequest Read Request Units","EU-ReadRequestUnits","PayPerRequestThroughput","eu-west-1","Amazon DynamoDB",
"3FQ67M8YVWTDTSJ4","JRTCKXETXF","3FQ67M8YVWTDTSJ4.JRTCKXETXF.6YS6EN2CT7","OnDemand","$0.1140 per GB of incremental data exported in Asia Pacific (Melbourne)","2026-07-01","0","Inf","GB","0.1140000000","USD",,,,"Amazon DynamoDB Export Data Size","AmazonDynamoDB","Asia Pacific (Melbourne)","AWS Region","Amazon DynamoDB - Incremental Export",,,"APS6-IncrementalExportDataSize-Bytes","","ap-southeast-4","Amazon DynamoDB",
"3GWEJHAV3VGTBXN6","JRTCKXETXF","3GWEJHAV3VGTBXN6.JRTCKXETXF.6YS6EN2CT7","OnDemand","$0.11 per GB-Mo for IA in Canada West (Calgary)","2026-07-01","0","Inf","GB-Mo","0.1100000000","USD",,,,"Database Storage","AmazonDynamoDB","Canada West (Calgary)","AWS Region","Amazon DynamoDB - Indexed DataStore - IA",,,"CAN2-IA-TimedStorage-ByteHrs","","ca-west-1","Amazon DynamoDB",
"3J7BFAZBQW4YWAEQ","JRTCKXETXF","3J7BFAZBQW4YWAEQ.JRTCKXETXF.6YS6EN2CT7","OnDemand","$0.1870 per GB for data import in Middle East (Bahrain)","2026-07-01","0","Inf","GB","0.1870000000","USD",,,,"Amazon DynamoDB Import Data Size","AmazonDynamoDB","Middle East (Bahrain)","AWS Region","Amazon DynamoDB - Import Size",,,"MES1-ImportDataSize-Bytes","","me-south-1","Amazon DynamoDB",
"3PB8DE2X4E4VWVDX","JRTCKXETXF","3PB8DE2X4E4VWVDX.JRTCKXETXF.M9QGYPQ72M","OnDemand","$0.00 for 2.5 million DynamoDB Streams read request units for a month (free tier) (Asia Pacific (Singapore))","2026-07-01","0","2500000","Requests","0.0000000000","USD",,,,"API Request","AmazonDynamoDB","Asia Pacific (Singapore)","AWS Region",,"DDB-StreamsReadRequests","DynamoDB Streams read request (GetRecords API)","APS1-Streams-Requests","GetRecords","ap-southeast-1","Amazon DynamoDB",
"3PB8DE2X4E4VWVDX","JRTCKXETXF","3PB8DE2X4E4VWVDX.JRTCKXETXF.AUKFMGQW43","OnDemand","$0.000000228 per DynamoDB Streams read request unit beyond free tier (Asia Pacific (Singapore))","2026-07-01","2500000","Inf","Requests","0.0000002280","USD",,,,"API Request","AmazonDynamoDB","Asia Pacific (Singapore)","AWS Region",,"DDB-StreamsReadRequests","DynamoDB Streams read request (GetRecords API)","APS1-Streams-Requests","GetRecords","ap-southeast-1","Amazon DynamoDB",
"3Q2UMW2UDGG2R7TB","JRTCKXETXF","3Q2UMW2UDGG2R7TB.JRTCKXETXF.M9QGYPQ72M","OnDemand","$0.00 for 2.5 million DynamoDB Streams read request units for a month (free tier) in Europe (Spain)","2026-07-01","0","2500000","Requests","0.0000000000","USD",,,,"API Request","AmazonDynamoDB","Europe (Spain)","AWS Region",,"DDB-StreamsReadRequests","DynamoDB Streams read request (GetRecords API)","EUS2-Streams-Requests","GetRecords","eu-south-2","Amazon DynamoDB",
"3Q2UMW2UDGG2R7TB","JRTCKXETXF","3Q2UMW2UDGG2R7TB.JRTCKXETXF.AUKFMGQW43","OnDemand","$0.0000002260 per DynamoDB Streams read request unit beyond free tier in Europe (Spain)","2026-07-01","2500000","Inf","Requests","0.0000002260","USD",,,,"API Request","AmazonDynamoDB","Europe (Spain)","AWS Region",,"DDB-StreamsReadRequests","DynamoDB Streams read request (GetRecords API)","EUS2-Streams-Requests","GetRecords","eu-south-2","Amazon DynamoDB",
"3REAZ6GRH8AHSG3P","JRTCKXETXF","3REAZ6GRH8AHSG3P.JRTCKXETXF.6YS6EN2CT7","OnDemand","$0.0010109 per hour for units of IA write capacity in Middle East (UAE)","2026-07-01","0","Inf","WriteCapacityUnit-Hrs","0.0010109000","USD",,,,"Provisioned IOPS","AmazonDynamoDB","Middle East (UAE)","AWS Region",,"DDB-WriteUnitsIA","DynamoDB Provisioned Write Units IA","MEC1-IA-WriteCapacityUnit-Hrs","CommittedThroughput","me-central-1","Amazon DynamoDB",
"3S936XA5CYEWQHJ8","JRTCKXETXF","3S936XA5CYEWQHJ8.JRTCKXETXF.6YS6EN2CT7","OnDemand","$0.12452 per GB-Month of IA storage in Middle East (UAE)","2026-07-01","0","Inf","GB-Mo","0.1245200000","USD",,,,"Database Storage","AmazonDynamoDB","Middle East (UAE)","AWS Region","Amazon DynamoDB - Indexed DataStore - IA",,,"MEC1-IA-TimedStorage-ByteHrs","","me-central-1","Amazon DynamoDB",
"3SA2U6N9TXNT4R2N","JRTCKXETXF","3SA2U6N9TXNT4R2N.JRTCKXETXF.HBHVWY47CM","OnDemand","$0.00 per hour for 25 units of write capacity for a month (free tier)","2026-07-01","0","18600","WriteCapacityUnit-Hrs","0.0000000000","USD",,,,"Provisioned IOPS","AmazonDynamoDB","US West (N. California)","AWS Region",,"DDB-WriteUnits","DynamoDB Provisioned Write Units","USW1-WriteCapacityUnit-Hrs","CommittedThroughput","us-west-1","Amazon DynamoDB",
"3SA2U6N9TXNT4R2N","JRTCKXETXF","3SA2U6N9TXNT4R2N.JRTCKXETXF.E63J5HTPNN","OnDemand","$0.000725 per hour for units of write capacity beyond the free tier","2026-07-01","18600","Inf","WriteCapacityUnit-Hrs","0.0007250000","USD",,,,"Provisioned IOPS","AmazonDynamoDB","US West (N. California)","AWS Region",,"DDB-WriteUnits","DynamoDB Provisioned Write Units","USW1-WriteCapacityUnit-Hrs","CommittedThroughput","us-west-1","Amazon DynamoDB",
"3SA2U6N9TXNT4R2N","VG8YD49WWM","3SA2U6N9TXNT4R2N.VG8YD49WWM.6YS6EN2CT7","Reserved","Amazon DynamoDB, Reserved Write Capacity used this month","2026-08-04","0","Inf","WriteCapacityUnit-Hrs","0.0000910000","USD","3yr","Heavy Utilization","standard","Provisioned IOPS","AmazonDynamoDB","US West (N. California)","AWS Region",,"DDB-WriteUnits","DynamoDB Provisioned Write Units","USW1-WriteCapacityUnit-Hrs","CommittedThroughput","us-west-1","Amazon DynamoDB",
"3SA2U6N9TXNT4R2N","VG8YD49WWM","3SA2U6N9TXNT4R2N.VG8YD49WWM.2TG2D8R56U","Reserved","Upfront Fee","2026-08-04",,,"Quantity","2.016","USD","3yr","Heavy Utilization","standard","Provisioned IOPS","AmazonDynamoDB","US West (N. California)","AWS Region",,"DDB-WriteUnits","DynamoDB Provisioned Write Units","USW1-WriteCapacityUnit-Hrs","CommittedThroughput","us-west-1","Amazon DynamoDB",
"3SA2U6N9TXNT4R2N","YTVHEVGPBZ","3SA2U6N9TXNT4R2N.YTVHEVGPBZ.6YS6EN2CT7","Reserved","Amazon DynamoDB, Reserved Write Capacity used this month","2026-08-04","0","Inf","WriteCapacityUnit-Hrs","0.0001440000","USD","1yr","Heavy Utilization","standard","Provisioned IOPS","AmazonDynamoDB","US West (N. California)","AWS Region",,"DDB-WriteUnits","DynamoDB Provisioned Write Units","USW1-WriteCapacityUnit-Hrs","CommittedThroughput","us-west-1","Amazon DynamoDB",
"3SA2U6N9TXNT4R2N","YTVHEVGPBZ","3SA2U6N9TXNT4R2N.YTVHEVGPBZ.2TG2D8R56U","Reserved","Upfront Fee","2026-08-04",,,"Quantity","1.68","USD","1yr","Heavy Utilization","standard","Provisioned IOPS","AmazonDynamoDB","US West (N. California)","AWS Region",,"DDB-WriteUnits","DynamoDB Provisioned Write Units","USW1-WriteCapacityUnit-Hrs","CommittedThroughput","us-west-1","Amazon DynamoDB",
"3SSDRADNWP4RYFMG","JRTCKXETXF","3SSDRADNWP4RYFMG.JRTCKXETXF.HBHVWY47CM","OnDemand","$0.00 per hour for 25 units of write capacity for a month (free tier)","2026-07-01","0","18600","WriteCapacityUnit-Hrs","0.0000000000","USD",,,,"Provisioned IOPS","AmazonDynamoDB","US East (Ohio)","AWS Region",,"DDB-WriteUnits","DynamoDB Provisioned Write Units","USE2-WriteCapacityUnit-Hrs","CommittedThroughput","us-east-2","Amazon DynamoDB",
"3SSDRADNWP4RYFMG","JRTCKXETXF","3SSDRADNWP4RYFMG.JRTCKXETXF.E63J5HTPNN","OnDemand","$0.00065 per hour for units of write capacity beyond the free tier","2026-07-01","18600","Inf","WriteCapacityUnit-Hrs","0.0006500000","USD",,,,"Provisioned IOPS","AmazonDynamoDB","US East (Ohio)","AWS Region",,"DDB-WriteUnits","DynamoDB Provisioned Write Units","USE2-WriteCapacityUnit-Hrs","CommittedThroughput","us-east-2","Amazon DynamoDB",
"3SSDRADNWP4RYFMG","YTVHEVGPBZ","3SSDRADNWP4RYFMG.YTVHEVGPBZ.6YS6EN2CT7","Reserved","Amazon DynamoDB, Reserved Write Capacity used this month","2026-08-04","0","Inf","WriteCapacityUnit-Hrs","0.0001280000","USD","1yr","Heavy Utilization","standard","Provisioned IOPS","AmazonDynamoDB","US East (Ohio)","AWS Region",,"DDB-WriteUnits","DynamoDB Provisioned Write Units","USE2-WriteCapacityUnit-Hrs","CommittedThroughput","us-east-2","Amazon DynamoDB",
"3SSDRADNWP4RYFMG","YTVHEVGPBZ","3SSDRADNWP4RYFMG.YTVHEVGPBZ.2TG2D8R56U","Reserved","Upfront Fee","2026-08-04",,,"Quantity","1.5","USD","1yr","Heavy Utilization","standard","Provisioned IOPS","AmazonDynamoDB","US East (Ohio)","AWS Region",,"DDB-WriteUnits","DynamoDB Provisioned Write Units","USE2-WriteCapacityUnit-Hrs","CommittedThroughput","us-east-2","Amazon DynamoDB",
"3TCNGMKPYCN6RSKN","JRTCKXETXF","3TCNGMKPYCN6RSKN.JRTCKXETXF.HBHVWY47CM","OnDemand","$0.00 per hour for 25 units of read capacity for a month (free tier)","2026-07-01","0","18600","ReadCapacityUnit-Hrs","0.0000000000","USD",,,,"Provisioned IOPS","AmazonDynamoDB","Asia Pacific (Osaka)","AWS Region",,"DDB-ReadUnits","DynamoDB Provisioned Read Units","APN3-ReadCapacityUnit-Hrs","CommittedThroughput","ap-northeast-3","Amazon DynamoDB",
"3TCNGMKPYCN6RSKN","JRTCKXETXF","3TCNGMKPYCN6RSKN.JRTCKXETXF.E63J5HTPNN","OnDemand","$0.0001484 per hour for units of read capacity beyond the free tier","2026-07-01","18600","Inf","ReadCapacityUnit-Hrs","0.0001484000","USD",,,,"Provisioned IOPS","AmazonDynamoDB","Asia Pacific (Osaka)","AWS Region",,"DDB-ReadUnits","DynamoDB Provisioned Read Units","APN3-ReadCapacityUnit-Hrs","CommittedThroughput","ap-northeast-3","Amazon DynamoDB",
"3TCNGMKPYCN6RSKN","YTVHEVGPBZ","3TCNGMKPYCN6RSKN.YTVHEVGPBZ.6YS6EN2CT7","Reserved","Amazon DynamoDB, Reserved Read Capacity used this month","2026-08-04","0","Inf","ReadCapacityUnit-Hrs","0.0000290000","USD","1yr","Heavy Utilization","standard","Provisioned IOPS","AmazonDynamoDB","Asia Pacific (Osaka)","AWS Region",,"DDB-ReadUnits","DynamoDB Provisioned Read Units","APN3-ReadCapacityUnit-Hrs","CommittedThroughput","ap-northeast-3","Amazon DynamoDB",
"3TCNGMKPYCN6RSKN","YTVHEVGPBZ","3TCNGMKPYCN6RSKN.YTVHEVGPBZ.2TG2D8R56U","Reserved","Upfront Fee","2026-08-04",,,"Quantity","0.342","USD","1yr","Heavy Utilization","standard","Provisioned IOPS","AmazonDynamoDB","Asia Pacific (Osaka)","AWS Region",,"DDB-ReadUnits","DynamoDB Provisioned Read Units","APN3-ReadCapacityUnit-Hrs","CommittedThroughput","ap-northeast-3","Amazon DynamoDB",
"3UJSCJQMBFWGT3SM","JRTCKXETXF","3UJSCJQMBFWGT3SM.JRTCKXETXF.6YS6EN2CT7","OnDemand","$0.89 per million IA write request units in Asia Pacific (Melbourne)","2026-07-01","0","Inf","WriteRequestUnits","0.0000008900","USD",,,,"Amazon DynamoDB PayPerRequest Throughput","AmazonDynamoDB","Asia Pacific (Melbourne)","AWS Region",,"DDB-WriteUnitsIA","DynamoDB PayPerRequest Write Request Units IA","APS6-IA-WriteRequestUnits","PayPerRequestThroughput","ap-southeast-4","Amazon DynamoDB",
"3UPCYT9CEE2MK2RZ","JRTCKXETXF","3UPCYT9CEE2MK2RZ.JRTCKXETXF.6YS6EN2CT7","OnDemand","$0.1856 per million IA read request units in EU (Paris)","2026-07-01","0","Inf","ReadRequestUnits","0.0000001856","USD",,,,"Amazon DynamoDB PayPerRequest Throughput","AmazonDynamoDB","EU (Paris)","AWS Region",,"DDB-ReadUnitsIA","DynamoDB PayPerRequest Read Request Units IA","EUW3-IA-ReadRequestUnits","PayPerRequestThroughput","eu-west-3","Amazon DynamoDB",
"3UPHCSRYPYQNZZFB","JRTCKXETXF","3UPHCSRYPYQNZZFB.JRTCKXETXF.6YS6EN2CT7","OnDemand","$0.0001600 per hour for units of IA read capacity in US West (Oregon)","2026-07-01","0","Inf","ReadCapacityUnit-Hrs","0.0001600000","USD",,,,"Provisioned IOPS","AmazonDynamoDB","US West (Oregon)","AWS Region",,"DDB-ReadUnitsIA","DynamoDB Provisioned Read Units IA","USW2-IA-ReadCapacityUnit-Hrs","CommittedThroughput","us-west-2","Amazon DynamoDB",
"3UUM4JNPGEHFQAJM","JRTCKXETXF","3UUM4JNPGEHFQAJM.JRTCKXETXF.6YS6EN2CT7","OnDemand","$0.1785 per GB for data import in EU (Milan)","2026-07-01","0","Inf","GB","0.1785000000","USD",,,,"Amazon DynamoDB Import Data Size","AmazonDynamoDB","EU (Milan)","AWS Region","Amazon DynamoDB - Import Size",,,"EUS1-ImportDataSize-Bytes","","eu-south-1","Amazon DynamoDB",
"3VHHM5XHVVVUCGAJ","JRTCKXETXF","3VHHM5XHVVVUCGAJ.JRTCKXETXF.6YS6EN2CT7","OnDemand","$0.625 per million replicated write request units (Oregon)","2026-07-01","0","Inf","ReplicatedWriteRequestUnits","0.0000006250","USD",,,,"Amazon DynamoDB PayPerRequest Throughput","AmazonDynamoDB","US West (Oregon)","AWS Region",,"DDB-ReplicatedWriteUnits","DynamoDB PayPerRequest Replicated Write Request Units","USW2-ReplWriteRequestUnits","PayPerRequestThroughput","us-west-2","Amazon DynamoDB",
"3W5BGZNA3M3V96PD","JRTCKXETXF","3W5BGZNA3M3V96PD.JRTCKXETXF.6YS6EN2CT7","OnDemand","$0.1000 per GB of incremental data exported in US East (N. Virginia)","2026-07-01","0","Inf","GB","0.1000000000","USD",,,,"Amazon DynamoDB Export Data Size","AmazonDynamoDB","US East (N. Virginia)","AWS Region","Amazon DynamoDB - Incremental Export",,,"USE1-IncrementalExportDataSize-Bytes","","us-east-1","Amazon DynamoDB",
"3XWM5KJM296GT93W","JRTCKXETXF","3XWM5KJM296GT93W.JRTCKXETXF.6YS6EN2CT7","OnDemand","$0.625 per million replicated write request units (N. Virginia)","2026-07-01","0","Inf","ReplicatedWriteRequestUnits","0.0000006250","USD",,,,"Amazon DynamoDB PayPerRequest Throughput","AmazonDynamoDB","US East (N. Virginia)","AWS Region",,"DDB-ReplicatedWriteUnits","DynamoDB PayPerRequest Replicated Write Request Units","ReplWriteRequestUnits","PayPerRequestThroughput","us-east-1","Amazon DynamoDB",
"3Y2ETKRN4WVCGTWV","JRTCKXETXF","3Y2ETKRN4WVCGTWV.JRTCKXETXF.6YS6EN2CT7","OnDemand","$0.7423 per million write request units  Europe West 3","2026-07-01","0","Inf","WriteRequestUnits","0.0000007423","USD",,,,"Amazon DynamoDB PayPerRequest Throughput","AmazonDynamoDB","EU (Paris)","AWS Region",,"DDB-WriteUnits","DynamoDB PayPerRequest Write Request Units","EUW3-WriteRequestUnits","PayPerRequestThroughput","eu-west-3","Amazon DynamoDB",
"3YGHMWTXVNYSRE32","JRTCKXETXF","3YGHMWTXVNYSRE32.JRTCKXETXF.M9QGYPQ72M","OnDemand","$0.00 for 2.5 million DynamoDB Streams read request units for a month (free tier) (Asia Pacific (Osaka))","2026-07-01","0","2500000","Requests","0.0000000000","USD",,,,"API Request","AmazonDynamoDB","Asia Pacific (Osaka)","AWS Region",,"DDB-StreamsReadRequests","DynamoDB Streams read request (GetRecords API)","APN3-Streams-Requests","GetRecords","ap-northeast-3","Amazon DynamoDB",
"3YGHMWTXVNYSRE32","JRTCKXETXF","3YGHMWTXVNYSRE32.JRTCKXETXF.AUKFMGQW43","OnDemand","$0.000000228 per DynamoDB Streams read request unit beyond free tier (Asia Pacific (Osaka))","2026-07-01","2500000","Inf","Requests","0.0000002280","USD",,,,"API Request","AmazonDynamoDB","Asia Pacific (Osaka)","AWS Region",,"DDB-StreamsReadRequests","DynamoDB Streams read request (GetRecords API)","APN3-Streams-Requests","GetRecords","ap-northeast-3","Amazon DynamoDB",
"3YUK9HKX9X7PG9Y4","JRTCKXETXF","3YUK9HKX9X7PG9Y4.JRTCKXETXF.6YS6EN2CT7","OnDemand","$0.000928 per hour for units of IA replicated write capacity in Asia Pacific (Osaka)","2026-07-01","0","Inf","ReplicatedWriteCapacityUnit-Hrs","0.0009280000","USD",,,,"DDB-Operation-ReplicatedWrite","AmazonDynamoDB","Asia Pacific (Osaka)","AWS Region",,"DDB-ReplicatedWriteUnitsIA","DynamoDB Provisioned Replicated Write Units IA","APN3-IA-ReplWriteCapacityUnit-Hrs","CommittedThroughput","ap-northeast-3","Amazon DynamoDB",
"438PHQ9FA5BSPW3W","JRTCKXETXF","438PHQ9FA5BSPW3W.JRTCKXETXF.6YS6EN2CT7","OnDemand","$0.000965 per hour for units of IA replicated write capacity in EU (Paris)","2026-07-01","0","Inf","ReplicatedWriteCapacityUnit-Hrs","0.0009650000","USD",,,,"DDB-Operation-ReplicatedWrite","AmazonDynamoDB","EU (Paris)","AWS Region",,"DDB-ReplicatedWriteUnitsIA","DynamoDB Provisioned Replicated Write Units IA","EUW3-IA-ReplWriteCapacityUnit-Hrs","CommittedThroughput","eu-west-3","Amazon DynamoDB",
"43CJT6658EC76RDF","JRTCKXETXF","43CJT6658EC76RDF.JRTCKXETXF.6YS6EN2CT7","OnDemand","$0.74167 per GB of IA vector write requests in Asia Pacific (Melbourne)","2026-07-01","0","Inf","GB","0.7416700000","USD",,,,"Amazon DynamoDB PayPerRequest Throughput","AmazonDynamoDB","Asia Pacific (Melbourne)","AWS Region",,,,"APS6-IA-VectorWriteRequest","","ap-southeast-4","Amazon DynamoDB",
"43D72A5JZ865P8V8","JRTCKXETXF","43D72A5JZ865P8V8.JRTCKXETXF.6YS6EN2CT7","OnDemand","$0.00299 per GB of IA vector data searched in EU (Paris)","2026-07-01","0","Inf","GB","0.0029900000","USD",,,,"Amazon DynamoDB PayPerRequest Throughput","AmazonDynamoDB","EU (Paris)","AWS Region",,,,"EUW3-IA-VectorSearch","","eu-west-3","Amazon DynamoDB",
"442PBAYR5KW364QM","JRTCKXETXF","442PBAYR5KW364QM.JRTCKXETXF.6YS6EN2CT7","OnDemand","$0.1285 per million DynamoDB Read Request Units in Asia Pacific (Thailand)","2026-07-01","0","Inf","ReadRequestUnits","0.0000001285","USD",,,,"Amazon DynamoDB PayPerRequest Throughput","AmazonDynamoDB","Asia Pacific (Thailand)","AWS Region",,"DDB-ReadUnits","DynamoDB PayPerRequest Read Request Units","APS9-ReadRequestUnits","PayPerRequestThroughput","ap-southeast-7","Amazon DynamoDB",
"45BD6UNZUXU27YPS","JRTCKXETXF","45BD6UNZUXU27YPS.JRTCKXETXF.6YS6EN2CT7","OnDemand","$0.0009647 per hour for units of IA write capacity in EU (Milan)","2026-07-01","0","Inf","WriteCapacityUnit-Hrs","0.0009647000","USD",,,,"Provisioned IOPS","AmazonDynamoDB","EU (Milan)","AWS Region",,"DDB-WriteUnitsIA","DynamoDB Provisioned Write Units IA","EUS1-IA-WriteCapacityUnit-Hrs","CommittedThroughput","eu-south-1","Amazon DynamoDB",
"45D27WKNRFEAGTMF","JRTCKXETXF","45D27WKNRFEAGTMF.JRTCKXETXF.6YS6EN2CT7","OnDemand","$0.84 per million write request units in Africa (Cape Town)","2026-07-01","0","Inf","WriteRequestUnits","0.0000008400","USD",,,,"Amazon DynamoDB PayPerRequest Throughput","AmazonDynamoDB","Africa (Cape Town)","AWS Region",,"DDB-WriteUnits","DynamoDB PayPerRequest Write Request Units","AFS1-WriteRequestUnits","PayPerRequestThroughput","af-south-1","Amazon DynamoDB",
"45FBWP6397W5QSZD","JRTCKXETXF","45FBWP6397W5QSZD.JRTCKXETXF.6YS6EN2CT7","OnDemand","USD 0.24 per GB-Mo for TimedPITRStorage-ByteHrs in AWS GovCloud (US)","2026-07-01","0","Inf","GB-Mo","0.2400000000","USD",,,,"Database Storage","AmazonDynamoDB","AWS GovCloud (US-West)","AWS Region","Amazon DynamoDB - Point-In-Time-Restore (PITR) Backup Storage",,,"UGW1-TimedPITRStorage-ByteHrs","","us-gov-west-1","Amazon DynamoDB",
"483XEZXUHT4X982A","JRTCKXETXF","483XEZXUHT4X982A.JRTCKXETXF.6YS6EN2CT7","OnDemand","$0.1346 per GB of incremental data exported in Europe (Zurich)","2026-07-01","0","Inf","GB","0.1346400000","USD",,,,"Amazon DynamoDB Export Data Size","AmazonDynamoDB","Europe (Zurich)","AWS Region","Amazon DynamoDB - Incremental Export",,,"EUC2-IncrementalExportDataSize-Bytes","","eu-central-2","Amazon DynamoDB",
"48EREHW8FURVSNUZ","JRTCKXETXF","48EREHW8FURVSNUZ.JRTCKXETXF.6YS6EN2CT7","OnDemand","$0.655 per million DynamoDB Replicated Write Request Units in Mexico (Central)","2026-07-01","0","Inf","ReplicatedWriteRequestUnits","0.0000006550","USD",,,,"Amazon DynamoDB PayPerRequest Throughput","AmazonDynamoDB","Mexico (Central)","AWS Region",,"DDB-ReplicatedWriteUnits","DynamoDB PayPerRequest Replicated Write Request Units","MXC1-ReplWriteRequestUnits","PayPerRequestThroughput","mx-central-1","Amazon DynamoDB",
"48TVFPYA2M5H2JC4","JRTCKXETXF","48TVFPYA2M5H2JC4.JRTCKXETXF.6YS6EN2CT7","OnDemand","$0.97667 per GB of IA vector write requests in South America (Sao Paulo)","2026-07-01","0","Inf","GB","0.9766700000","USD",,,,"Amazon DynamoDB PayPerRequest Throughput","AmazonDynamoDB","South America (Sao Paulo)","AWS Region",,,,"SAE1-IA-VectorWriteRequest","","sa-east-1","Amazon DynamoDB",
"49D4SAYCU3HTHF4J","JRTCKXETXF","49D4SAYCU3HTHF4J.JRTCKXETXF.6YS6EN2CT7","OnDemand","$0.11385 per million change data capture units for Kinesis Data Streams in Asia Pacific (Singapore)","2026-07-01","0","Inf","ChangeDataCaptureUnits","0.0000001139","USD",,,,,"AmazonDynamoDB","Asia Pacific (Singapore)","AWS Region",,"DDB-Kinesis","Change Data Capture Units for Kinesis Data Streams","APS1-ChangeDataCaptureUnits-Kinesis","DelegatedOperations","ap-southeast-1","Amazon DynamoDB",
"4AQABRZENSRXGKYQ","JRTCKXETXF","4AQABRZENSRXGKYQ.JRTCKXETXF.6YS6EN2CT7","OnDemand","$0.1680 per GB for data import in US West (N. California)","2026-07-01","0","Inf","GB","0.1680000000","USD",,,,"Amazon DynamoDB Import Data Size","AmazonDynamoDB","US West (N. California)","AWS Region","Amazon DynamoDB - Import Size",,,"USW1-ImportDataSize-Bytes","","us-west-1","Amazon DynamoDB",
"4AXX56ZQQC8SRCPX","JRTCKXETXF","4AXX56ZQQC8SRCPX.JRTCKXETXF.M9QGYPQ72M","OnDemand","$0.00 per Request from 0 to 2.5M for DynamoDB Streams read request (GetRecords API) in Asia Pacific (New Zealand)","2026-07-01","0","2500000","Requests","0.0000000000","USD",,,,"API Request","AmazonDynamoDB","Asia Pacific (New Zealand)","AWS Region",,"DDB-StreamsReadRequests","DynamoDB Streams read request (GetRecords API)","APS8-Streams-Requests","GetRecords","ap-southeast-6","Amazon DynamoDB",
"4AXX56ZQQC8SRCPX","JRTCKXETXF","4AXX56ZQQC8SRCPX.JRTCKXETXF.AUKFMGQW43","OnDemand","$0.0000002394 per Request beyond 2.5M for DynamoDB Streams read request (GetRecords API) in Asia Pacific (New Zealand)","2026-07-01","2500000","Inf","Requests","0.0000002394","USD",,,,"API Request","AmazonDynamoDB","Asia Pacific (New Zealand)","AWS Region",,"DDB-StreamsReadRequests","DynamoDB Streams read request (GetRecords API)","APS8-Streams-Requests","GetRecords","ap-southeast-6","Amazon DynamoDB",
"4BA5VT9SC7R7PAR7","JRTCKXETXF","4BA5VT9SC7R7PAR7.JRTCKXETXF.6YS6EN2CT7","OnDemand","$0.66708 per GB of IA vector write requests in Asia Pacific (Malaysia)","2026-07-01","0","Inf","GB","0.6670800000","USD",,,,"Amazon DynamoDB PayPerRequest Throughput","AmazonDynamoDB","Asia Pacific (Malaysia)","AWS Region",,,,"APS7-IA-VectorWriteRequest","","ap-southeast-5","Amazon DynamoDB",
"4C86MHUMJVE754PX","JRTCKXETXF","4C86MHUMJVE754PX.JRTCKXETXF.6YS6EN2CT7","OnDemand","$0.801 per million DynamoDB IA Replicated Write Request Units in Asia Pacific (Taipei)","2026-07-01","0","Inf","ReplicatedWriteRequestUnits","0.0000008010","USD",,,,"Amazon DynamoDB PayPerRequest Throughput","AmazonDynamoDB","Asia Pacific (Taipei)","AWS Region",,"DDB-ReplicatedWriteUnitsIA","DynamoDB PayPerRequest Replicated Write Request Units IA","APE2-IA-ReplWriteRequestUnits","PayPerRequestThroughput","ap-east-2","Amazon DynamoDB",
"4CRJGFH8MTKRP3PG","JRTCKXETXF","4CRJGFH8MTKRP3PG.JRTCKXETXF.6YS6EN2CT7","OnDemand","$0.177 per million IA read request units in Israel (Tel Aviv)","2026-07-01","0","Inf","ReadRequestUnits","0.0000001770","USD",,,,"Amazon DynamoDB PayPerRequest Throughput","AmazonDynamoDB","Israel (Tel Aviv)","AWS Region",,"DDB-ReadUnitsIA","DynamoDB PayPerRequest Read Request Units IA","ILC1-IA-ReadRequestUnits","PayPerRequestThroughput","il-central-1","Amazon DynamoDB",
"4CWHBAB5M2ZA4SJZ","JRTCKXETXF","4CWHBAB5M2ZA4SJZ.JRTCKXETXF.6YS6EN2CT7","OnDemand","$0.00205 per GB of vector data searched in Asia Pacific (Taipei)","2026-07-01","0","Inf","GB","0.0020500000","USD",,,,"Amazon DynamoDB PayPerRequest Throughput","AmazonDynamoDB","Asia Pacific (Taipei)","AWS Region",,,,"APE2-VectorSearch","","ap-east-2","Amazon DynamoDB","Standard"
"4FHMADHT95PDVFGQ","JRTCKXETXF","4FHMADHT95PDVFGQ.JRTCKXETXF.6YS6EN2CT7","OnDemand","$0.10000 per million change data capture units for Kinesis Data Streams in US West (Oregon)","2026-07-01","0","Inf","ChangeDataCaptureUnits","0.0000001000","USD",,,,,"AmazonDynamoDB","US West (Oregon)","AWS Region",,"DDB-Kinesis","Change Data Capture Units for Kinesis Data Streams","USW2-ChangeDataCaptureUnits-Kinesis","DelegatedOperations","us-west-2","Amazon DynamoDB",
"4FU5N85S5Q56FU7S","JRTCKXETXF","4FU5N85S5Q56FU7S.JRTCKXETXF.6YS6EN2CT7","OnDemand","$0.00000011 per ChangeDataCaptureUnits for ChangeDataCaptureUnits-Kinesis:DelegatedOperations in Canada West (Calgary)","2026-07-01","0","Inf","ChangeDataCaptureUnits","0.0000001100","USD",,,,,"AmazonDynamoDB","Canada West (Calgary)","AWS Region",,"DDB-Kinesis","Change Data Capture Units for Kinesis Data Streams","CAN2-ChangeDataCaptureUnits-Kinesis","DelegatedOperations","ca-west-1","Amazon DynamoDB",
"4G4G98VBTENWGY5R","JRTCKXETXF","4G4G98VBTENWGY5R.JRTCKXETXF.6YS6EN2CT7","OnDemand","$0.625 per million write request units (Oregon)","2026-07-01","0","Inf","WriteRequestUnits","0.0000006250","USD",,,,"Amazon DynamoDB PayPerRequest Throughput","AmazonDynamoDB","US West (Oregon)","AWS Region",,"DDB-WriteUnits","DynamoDB PayPerRequest Write Request Units","USW2-WriteRequestUnits","PayPerRequestThroughput","us-west-2","Amazon DynamoDB",
"4KUBB8PFNUSKR6PJ","JRTCKXETXF","4KUBB8PFNUSKR6PJ.JRTCKXETXF.6YS6EN2CT7","OnDemand","$0.7455 per million DynamoDB Write Request Units in Asia Pacific (New Zealand)","2026-07-01","0","Inf","WriteRequestUnits","0.0000007455","USD",,,,"Amazon DynamoDB PayPerRequest Throughput","AmazonDynamoDB","Asia Pacific (New Zealand)","AWS Region",,"DDB-WriteUnits","DynamoDB PayPerRequest Write Request Units","APS8-WriteRequestUnits","PayPerRequestThroughput","ap-southeast-6","Amazon DynamoDB",
"4P2VRHYAC43Y7XET","JRTCKXETXF","4P2VRHYAC43Y7XET.JRTCKXETXF.6YS6EN2CT7","OnDemand","$0.12000 per GB of data exported in AWS GovCloud (US-West)","2026-07-01","0","Inf","GB","0.1200000000","USD",,,,"Amazon DynamoDB Export Data Size","AmazonDynamoDB","AWS GovCloud (US-West)","AWS Region","Amazon DynamoDB - Export Size",,,"UGW1-ExportDataSize-Bytes","","us-gov-west-1","Amazon DynamoDB",
"4P8J5XHR6JNJW6CP","JRTCKXETXF","4P8J5XHR6JNJW6CP.JRTCKXETXF.6YS6EN2CT7","OnDemand","$0.98 per million IA write request units in Asia Pacific (Hong Kong)","2026-07-01","0","Inf","WriteRequestUnits","0.0000009800","USD",,,,"Amazon DynamoDB PayPerRequest Throughput","AmazonDynamoDB","Asia Pacific (Hong Kong)","AWS Region",,"DDB-WriteUnitsIA","DynamoDB PayPerRequest Write Request Units IA","APE1-IA-WriteRequestUnits","PayPerRequestThroughput","ap-east-1","Amazon DynamoDB",
"4PEFGG9BW5Z8Z57U","JRTCKXETXF","4PEFGG9BW5Z8Z57U.JRTCKXETXF.6YS6EN2CT7","OnDemand","$0.0008100 per hour for units of IA write capacity in US East (N. Virginia)","2026-07-01","0","Inf","WriteCapacityUnit-Hrs","0.0008100000","USD",,,,"Provisioned IOPS","AmazonDynamoDB","US East (N. Virginia)","AWS Region",,"DDB-WriteUnitsIA","DynamoDB Provisioned Write Units IA","IA-WriteCapacityUnit-Hrs","CommittedThroughput","us-east-1","Amazon DynamoDB",
"4Q4AR78CXTETU7QJ","JRTCKXETXF","4Q4AR78CXTETU7QJ.JRTCKXETXF.6YS6EN2CT7","OnDemand","$0.0001930 per hour for units of IA read capacity in EU (Paris)","2026-07-01","0","Inf","ReadCapacityUnit-Hrs","0.0001930000","USD",,,,"Provisioned IOPS","AmazonDynamoDB","EU (Paris)","AWS Region",,"DDB-ReadUnitsIA","DynamoDB Provisioned Read Units IA","EUW3-IA-ReadCapacityUnit-Hrs","CommittedThroughput","eu-west-3","Amazon DynamoDB",
"4QP8CNC65HXP42PN","JRTCKXETXF","4QP8CNC65HXP42PN.JRTCKXETXF.6YS6EN2CT7","OnDemand","$0.228 per GB-Month of storage used for DynamoDB PITR backup","2026-07-01","0","Inf","GB-Mo","0.2280000000","USD",,,,"Database Storage","AmazonDynamoDB","Asia Pacific (Mumbai)","AWS Region","Amazon DynamoDB - Point-In-Time-Restore (PITR) Backup Storage",,,"APS3-TimedPITRStorage-ByteHrs","","ap-south-1","Amazon DynamoDB",
"4QUG6VHZ7CMTR4YH","JRTCKXETXF","4QUG6VHZ7CMTR4YH.JRTCKXETXF.6YS6EN2CT7","OnDemand","$0.89 per million IA write request units in Asia Pacific (Osaka)","2026-07-01","0","Inf","WriteRequestUnits","0.0000008900","USD",,,,"Amazon DynamoDB PayPerRequest Throughput","AmazonDynamoDB","Asia Pacific (Osaka)","AWS Region",,"DDB-WriteUnitsIA","DynamoDB PayPerRequest Write Request Units IA","APN3-IA-WriteRequestUnits","PayPerRequestThroughput","ap-northeast-3","Amazon DynamoDB",
"4S2DHSNBXBD956XH","JRTCKXETXF","4S2DHSNBXBD956XH.JRTCKXETXF.6YS6EN2CT7","OnDemand","$0.000965 per hour for units of IA replicated write capacity in EU (London)","2026-07-01","0","Inf","ReplicatedWriteCapacityUnit-Hrs","0.0009650000","USD",,,,"DDB-Operation-ReplicatedWrite","AmazonDynamoDB","EU (London)","AWS Region",,"DDB-ReplicatedWriteUnitsIA","DynamoDB Provisioned Replicated Write Units IA","EUW2-IA-ReplWriteCapacityUnit-Hrs","CommittedThroughput","eu-west-2","Amazon DynamoDB",
"4SGWZVG272QJ89CZ","JRTCKXETXF","4SGWZVG272QJ89CZ.JRTCKXETXF.6YS6EN2CT7","OnDemand","$0.56576 per GB of vector write requests in Asia Pacific (Seoul)","2026-07-01","0","Inf","GB","0.5657600000","USD",,,,"Amazon DynamoDB PayPerRequest Throughput","AmazonDynamoDB","Asia Pacific (Seoul)","AWS Region",,,,"APN2-VectorWriteRequest","","ap-northeast-2","Amazon DynamoDB","Standard"
"4TRPCYYJ27KGYQJE","JRTCKXETXF","4TRPCYYJ27KGYQJE.JRTCKXETXF.6YS6EN2CT7","OnDemand","$0.1309 per GB-Month of storage used for on-demand backup in Africa (Cape Town)","2026-07-01","0","Inf","GB-Month","0.1309000000","USD",,,,"Amazon DynamoDB On-Demand Backup Storage","AmazonDynamoDB","Africa (Cape Town)","AWS Region","Amazon DynamoDB - On-Demand Backup Storage",,,"AFS1-TimedBackupStorage-ByteHrs","","af-south-1","Amazon DynamoDB",
"4URCW2J8D2Q287SM","JRTCKXETXF","4URCW2J8D2Q287SM.JRTCKXETXF.6YS6EN2CT7","OnDemand","$0.2250 per GB for data import in South America (Sao Paulo)","2026-07-01","0","Inf","GB","0.2250000000","USD",,,,"Amazon DynamoDB Import Data Size","AmazonDynamoDB","South America (Sao Paulo)","AWS Region","Amazon DynamoDB - Import Size",,,"SAE1-ImportDataSize-Bytes","","sa-east-1","Amazon DynamoDB",
"4V475Q49DCKGXQZ2","JRTCKXETXF","4V475Q49DCKGXQZ2.JRTCKXETXF.HBHVWY47CM","OnDemand","$0.00 per hour for 25 units of read capacity for a month (free tier)","2026-07-01","0","18600","ReadCapacityUnit-Hrs","0.0000000000","USD",,,,"Provisioned IOPS","AmazonDynamoDB","US East (N. Virginia)","AWS Region",,"DDB-ReadUnits","DynamoDB Provisioned Read Units","ReadCapacityUnit-Hrs","CommittedThroughput","us-east-1","Amazon DynamoDB",
"4V475Q49DCKGXQZ2","JRTCKXETXF","4V475Q49DCKGXQZ2.JRTCKXETXF.E63J5HTPNN","OnDemand","$0.00013 per hour for units of read capacity beyond the free tier","2026-07-01","18600","Inf","ReadCapacityUnit-Hrs","0.0001300000","USD",,,,"Provisioned IOPS","AmazonDynamoDB","US East (N. Virginia)","AWS Region",,"DDB-ReadUnits","DynamoDB Provisioned Read Units","ReadCapacityUnit-Hrs","CommittedThroughput","us-east-1","Amazon DynamoDB",
"4V475Q49DCKGXQZ2","VG8YD49WWM","4V475Q49DCKGXQZ2.VG8YD49WWM.6YS6EN2CT7","Reserved","Amazon DynamoDB, Reserved Read Capacity used this month","2026-08-04","0","Inf","ReadCapacityUnit-Hrs","0.0000160000","USD","3yr","Heavy Utilization","standard","Provisioned IOPS","AmazonDynamoDB","US East (N. Virginia)","AWS Region",,"DDB-ReadUnits","DynamoDB Provisioned Read Units","ReadCapacityUnit-Hrs","CommittedThroughput","us-east-1","Amazon DynamoDB",
"4V475Q49DCKGXQZ2","VG8YD49WWM","4V475Q49DCKGXQZ2.VG8YD49WWM.2TG2D8R56U","Reserved","Upfront Fee","2026-08-04",,,"Quantity","0.36","USD","3yr","Heavy Utilization","standard","Provisioned IOPS","AmazonDynamoDB","US East (N. Virginia)","AWS Region",,"DDB-ReadUnits","DynamoDB Provisioned Read Units","ReadCapacityUnit-Hrs","CommittedThroughput","us-east-1","Amazon DynamoDB",
"4V475Q49DCKGXQZ2","YTVHEVGPBZ","4V475Q49DCKGXQZ2.YTVHEVGPBZ.6YS6EN2CT7","Reserved","Amazon DynamoDB, Reserved Read Capacity used this month","2026-08-04","0","Inf","ReadCapacityUnit-Hrs","0.0000250000","USD","1yr","Heavy Utilization","standard","Provisioned IOPS","AmazonDynamoDB","US East (N. Virginia)","AWS Region",,"DDB-ReadUnits","DynamoDB Provisioned Read Units","ReadCapacityUnit-Hrs","CommittedThroughput","us-east-1","Amazon DynamoDB",
"4V475Q49DCKGXQZ2","YTVHEVGPBZ","4V475Q49DCKGXQZ2.YTVHEVGPBZ.2TG2D8R56U","Reserved","Upfront Fee","2026-08-04",,,"Quantity","0.3","USD","1yr","Heavy Utilization","standard","Provisioned IOPS","AmazonDynamoDB","US East (N. Virginia)","AWS Region",,"DDB-ReadUnits","DynamoDB Provisioned Read Units","ReadCapacityUnit-Hrs","CommittedThroughput","us-east-1","Amazon DynamoDB",
"4V948SDEXP8YXSR5","JRTCKXETXF","4V948SDEXP8YXSR5.JRTCKXETXF.6YS6EN2CT7","OnDemand","$0.000156 per hour for units of read capacity","2026-07-01","0","Inf","ReadCapacityUnit-Hrs","0.0001560000","USD",,,,"Provisioned IOPS","AmazonDynamoDB","AWS GovCloud (US-West)","AWS Region",,"DDB-ReadUnits","DynamoDB Provisioned Read Units","UGW1-ReadCapacityUnit-Hrs","CommittedThroughput","us-gov-west-1","Amazon DynamoDB",
"4V948SDEXP8YXSR5","VG8YD49WWM","4V948SDEXP8YXSR5.VG8YD49WWM.6YS6EN2CT7","Reserved","Amazon DynamoDB, Reserved Read Capacity used this month","2026-08-04","0","Inf","ReadCapacityUnit-Hrs","0.0000190000","USD","3yr","Heavy Utilization","standard","Provisioned IOPS","AmazonDynamoDB","AWS GovCloud (US-West)","AWS Region",,"DDB-ReadUnits","DynamoDB Provisioned Read Units","UGW1-ReadCapacityUnit-Hrs","CommittedThroughput","us-gov-west-1","Amazon DynamoDB",
"4V948SDEXP8YXSR5","VG8YD49WWM","4V948SDEXP8YXSR5.VG8YD49WWM.2TG2D8R56U","Reserved","Upfront Fee","2026-08-04",,,"Quantity","0.43","USD","3yr","Heavy Utilization","standard","Provisioned IOPS","AmazonDynamoDB","AWS GovCloud (US-West)","AWS Region",,"DDB-ReadUnits","DynamoDB Provisioned Read Units","UGW1-ReadCapacityUnit-Hrs","CommittedThroughput","us-gov-west-1","Amazon DynamoDB",
"4V948SDEXP8YXSR5","YTVHEVGPBZ","4V948SDEXP8YXSR5.YTVHEVGPBZ.6YS6EN2CT7","Reserved","Amazon DynamoDB, Reserved Read Capacity used this month","2026-08-04","0","Inf","ReadCapacityUnit-Hrs","0.0000310000","USD","1yr","Heavy Utilization","standard","Provisioned IOPS","AmazonDynamoDB","AWS GovCloud (US-West)","AWS Region",,"DDB-ReadUnits","DynamoDB Provisioned Read Units","UGW1-ReadCapacityUnit-Hrs","CommittedThroughput","us-gov-west-1","Amazon DynamoDB",
"4V948SDEXP8YXSR5","YTVHEVGPBZ","4V948SDEXP8YXSR5.YTVHEVGPBZ.2TG2D8R56U","Reserved","Upfront Fee","2026-08-04",,,"Quantity","0.36","USD","1yr","Heavy Utilization","standard","Provisioned IOPS","AmazonDynamoDB","AWS GovCloud (US-West)","AWS Region",,"DDB-ReadUnits","DynamoDB Provisioned Read Units","UGW1-ReadCapacityUnit-Hrs","CommittedThroughput","us-gov-west-1","Amazon DynamoDB",
"4W2SPGR7R4TDFA5U","JRTCKXETXF","4W2SPGR7R4TDFA5U.JRTCKXETXF.6YS6EN2CT7","OnDemand","$0.1083 per GB of incremental data exported in Asia Pacific (Seoul)","2026-07-01","0","Inf","GB","0.1083000000","USD",,,,"Amazon DynamoDB Export Data Size","AmazonDynamoDB","Asia Pacific (Seoul)","AWS Region","Amazon DynamoDB - Incremental Export",,,"APN2-IncrementalExportDataSize-Bytes","","ap-northeast-2","Amazon DynamoDB",
"4W4ZMC46EHE8XTTZ","JRTCKXETXF","4W4ZMC46EHE8XTTZ.JRTCKXETXF.6YS6EN2CT7","OnDemand","$0.125 per million read request units (N. Virginia)","2026-07-01","0","Inf","ReadRequestUnits","0.0000001250","USD",,,,"Amazon DynamoDB PayPerRequest Throughput","AmazonDynamoDB","US East (N. Virginia)","AWS Region",,"DDB-ReadUnits","DynamoDB PayPerRequest Read Request Units","ReadRequestUnits","PayPerRequestThroughput","us-east-1","Amazon DynamoDB",
"4WEKS5HK87NBYW2G","JRTCKXETXF","4WEKS5HK87NBYW2G.JRTCKXETXF.6YS6EN2CT7","OnDemand","$0.225 per GB of data restored","2026-07-01","0","Inf","GB","0.2250000000","USD",,,,"Amazon DynamoDB Restore Data Size","AmazonDynamoDB","South America (Sao Paulo)","AWS Region","Amazon DynamoDB - Backup Restore Size",,,"SAE1-RestoreDataSize-Bytes","","sa-east-1","Amazon DynamoDB",
"4XWK4B46RYCWXZWG","JRTCKXETXF","4XWK4B46RYCWXZWG.JRTCKXETXF.6YS6EN2CT7","OnDemand","$0.11000 per GB of data exported in Europe (Spain)","2026-07-01","0","Inf","GB","0.1100000000","USD",,,,"Amazon DynamoDB Export Data Size","AmazonDynamoDB","Europe (Spain)","AWS Region","Amazon DynamoDB - Export Size",,,"EUS2-ExportDataSize-Bytes","","eu-south-2","Amazon DynamoDB",
"4YF2K2K9MPT84EDK","JRTCKXETXF","4YF2K2K9MPT84EDK.JRTCKXETXF.6YS6EN2CT7","OnDemand","$0.172 per million IA read request units in Canada (Central)","2026-07-01","0","Inf","ReadRequestUnits","0.0000001720","USD",,,,"Amazon DynamoDB PayPerRequest Throughput","AmazonDynamoDB","Canada (Central)","AWS Region",,"DDB-ReadUnitsIA","DynamoDB PayPerRequest Read Request Units IA","CAN1-IA-ReadRequestUnits","PayPerRequestThroughput","ca-central-1","Amazon DynamoDB",
"4ZW8YR24WG9CY52X","JRTCKXETXF","4ZW8YR24WG9CY52X.JRTCKXETXF.HBHVWY47CM","OnDemand","$0.00 per hour for 25 units of read capacity for a month (free tier)","2026-07-01","0","18600","ReadCapacityUnit-Hrs","0.0000000000","USD",,,,"Provisioned IOPS","AmazonDynamoDB","Asia Pacific (Seoul)","AWS Region",,"DDB-ReadUnits","DynamoDB Provisioned Read Units","APN2-ReadCapacityUnit-Hrs","CommittedThroughput","ap-northeast-2","Amazon DynamoDB",
"4ZW8YR24WG9CY52X","JRTCKXETXF","4ZW8YR24WG9CY52X.JRTCKXETXF.E63J5HTPNN","OnDemand","$0.00014098 per hour for units of read capacity beyond the free tier","2026-07-01","18600","Inf","ReadCapacityUnit-Hrs","0.0001409800","USD",,,,"Provisioned IOPS","AmazonDynamoDB","Asia Pacific (Seoul)","AWS Region",,"DDB-ReadUnits","DynamoDB Provisioned Read Units","APN2-ReadCapacityUnit-Hrs","CommittedThroughput","ap-northeast-2","Amazon DynamoDB",
"4ZW8YR24WG9CY52X","VG8YD49WWM","4ZW8YR24WG9CY52X.VG8YD49WWM.6YS6EN2CT7","Reserved","Amazon DynamoDB, Reserved Read Capacity used this month","2026-08-04","0","Inf","ReadCapacityUnit-Hrs","0.0000170000","USD","3yr","Heavy Utilization","standard","Provisioned IOPS","AmazonDynamoDB","Asia Pacific (Seoul)","AWS Region",,"DDB-ReadUnits","DynamoDB Provisioned Read Units","APN2-ReadCapacityUnit-Hrs","CommittedThroughput","ap-northeast-2","Amazon DynamoDB",
"4ZW8YR24WG9CY52X","VG8YD49WWM","4ZW8YR24WG9CY52X.VG8YD49WWM.2TG2D8R56U","Reserved","Upfront Fee","2026-08-04",,,"Quantity","0.3895","USD","3yr","Heavy Utilization","standard","Provisioned IOPS","AmazonDynamoDB","Asia Pacific (Seoul)","AWS Region",,"DDB-ReadUnits","DynamoDB Provisioned Read Units","APN2-ReadCapacityUnit-Hrs","CommittedThroughput","ap-northeast-2","Amazon DynamoDB",
"4ZW8YR24WG9CY52X","YTVHEVGPBZ","4ZW8YR24WG9CY52X.YTVHEVGPBZ.6YS6EN2CT7","Reserved","Amazon DynamoDB, Reserved Read Capacity used this month","2026-08-04","0","Inf","ReadCapacityUnit-Hrs","0.0000280000","USD","1yr","Heavy Utilization","standard","Provisioned IOPS","AmazonDynamoDB","Asia Pacific (Seoul)","AWS Region",,"DDB-ReadUnits","DynamoDB Provisioned Read Units","APN2-ReadCapacityUnit-Hrs","CommittedThroughput","ap-northeast-2","Amazon DynamoDB",
"4ZW8YR24WG9CY52X","YTVHEVGPBZ","4ZW8YR24WG9CY52X.YTVHEVGPBZ.2TG2D8R56U","Reserved","Upfront Fee","2026-08-04",,,"Quantity","0.3249","USD","1yr","Heavy Utilization","standard","Provisioned IOPS","AmazonDynamoDB","Asia Pacific (Seoul)","AWS Region",,"DDB-ReadUnits","DynamoDB Provisioned Read Units","APN2-ReadCapacityUnit-Hrs","CommittedThroughput","ap-northeast-2","Amazon DynamoDB",
"52GGV2PZK4CAKZ3P","JRTCKXETXF","52GGV2PZK4CAKZ3P.JRTCKXETXF.6YS6EN2CT7","OnDemand","$0.13584 per GB-Mo for IA-TimedStorage-ByteHrs in Israel (Tel Aviv)","2026-07-01","0","Inf","GB-Mo","0.1358400000","USD",,,,"Database Storage","AmazonDynamoDB","Israel (Tel Aviv)","AWS Region","Amazon DynamoDB - Indexed DataStore - IA",,,"ILC1-IA-TimedStorage-ByteHrs","","il-central-1","Amazon DynamoDB",
"55W2WTJCTWZXV42E","JRTCKXETXF","55W2WTJCTWZXV42E.JRTCKXETXF.HBHVWY47CM","OnDemand","USD0.0 per WriteCapacityUnit-Hrs for WriteCapacityUnit-Hrs:CommittedThroughput in Asia Pacific (Hong Kong)","2026-07-01","0","18600","WriteCapacityUnit-Hrs","0.0000000000","USD",,,,"Provisioned IOPS","AmazonDynamoDB","Asia Pacific (Hong Kong)","AWS Region",,"DDB-WriteUnits","DynamoDB Provisioned Write Units","APE1-WriteCapacityUnit-Hrs","CommittedThroughput","ap-east-1","Amazon DynamoDB",
"55W2WTJCTWZXV42E","JRTCKXETXF","55W2WTJCTWZXV42E.JRTCKXETXF.E63J5HTPNN","OnDemand","USD0.000814 per WriteCapacityUnit-Hrs for WriteCapacityUnit-Hrs:CommittedThroughput in Asia Pacific (Hong Kong)","2026-07-01","18600","Inf","WriteCapacityUnit-Hrs","0.0008140000","USD",,,,"Provisioned IOPS","AmazonDynamoDB","Asia Pacific (Hong Kong)","AWS Region",,"DDB-WriteUnits","DynamoDB Provisioned Write Units","APE1-WriteCapacityUnit-Hrs","CommittedThroughput","ap-east-1","Amazon DynamoDB",
"55W2WTJCTWZXV42E","YTVHEVGPBZ","55W2WTJCTWZXV42E.YTVHEVGPBZ.6YS6EN2CT7","Reserved","Amazon DynamoDB, Reserved Write Capacity used this month","2026-08-04","0","Inf","WriteCapacityUnit-Hrs","0.0001610000","USD","1yr","Heavy Utilization","standard","Provisioned IOPS","AmazonDynamoDB","Asia Pacific (Hong Kong)","AWS Region",,"DDB-WriteUnits","DynamoDB Provisioned Write Units","APE1-WriteCapacityUnit-Hrs","CommittedThroughput","ap-east-1","Amazon DynamoDB",
"55W2WTJCTWZXV42E","YTVHEVGPBZ","55W2WTJCTWZXV42E.YTVHEVGPBZ.2TG2D8R56U","Reserved","Upfront Fee","2026-08-04",,,"Quantity","1.881","USD","1yr","Heavy Utilization","standard","Provisioned IOPS","AmazonDynamoDB","Asia Pacific (Hong Kong)","AWS Region",,"DDB-WriteUnits","DynamoDB Provisioned Write Units","APE1-WriteCapacityUnit-Hrs","CommittedThroughput","ap-east-1","Amazon DynamoDB",
"56GDJSKB24XND2WB","JRTCKXETXF","56GDJSKB24XND2WB.JRTCKXETXF.6YS6EN2CT7","OnDemand","$0.572 per GB of vector write requests in Canada (Central)","2026-07-01","0","Inf","GB","0.5720000000","USD",,,,"Amazon DynamoDB PayPerRequest Throughput","AmazonDynamoDB","Canada (Central)","AWS Region",,,,"CAN1-VectorWriteRequest","","ca-central-1","Amazon DynamoDB","Standard"
"56RW7XAP6V3UXHBG","JRTCKXETXF","56RW7XAP6V3UXHBG.JRTCKXETXF.6YS6EN2CT7","OnDemand","$0.77325 per GB of IA vector write requests in EU (London)","2026-07-01","0","Inf","GB","0.7732500000","USD",,,,"Amazon DynamoDB PayPerRequest Throughput","AmazonDynamoDB","EU (London)","AWS Region",,,,"EUW2-IA-VectorWriteRequest","","eu-west-2","Amazon DynamoDB",
"56T3ASTW2W5PJN48","JRTCKXETXF","56T3ASTW2W5PJN48.JRTCKXETXF.6YS6EN2CT7","OnDemand","$0.00228 per GB of vector data searched in Asia Pacific (Osaka)","2026-07-01","0","Inf","GB","0.0022800000","USD",,,,"Amazon DynamoDB PayPerRequest Throughput","AmazonDynamoDB","Asia Pacific (Osaka)","AWS Region",,,,"APN3-VectorSearch","","ap-northeast-3","Amazon DynamoDB","Standard"
"57NYRQ747MKQNW7J","JRTCKXETXF","57NYRQ747MKQNW7J.JRTCKXETXF.6YS6EN2CT7","OnDemand","$0.00000013572 per ChangeDataCaptureUnits-ElasticViews:DelegatedOperations in Israel (Tel Aviv)","2026-07-01","0","Inf","ChangeDataCaptureUnits","0.0000001360","USD",,,,,"AmazonDynamoDB","Israel (Tel Aviv)","AWS Region",,"DDB-ElasticViews","Change Data Capture Units for AWS Glue Elastic Views","ILC1-ChangeDataCaptureUnits-ElasticViews","DelegatedOperations","il-central-1","Amazon DynamoDB",
"57ZN2HS7Y2EEWTHE","JRTCKXETXF","57ZN2HS7Y2EEWTHE.JRTCKXETXF.G2A93NZ7DT","OnDemand","$0.00 per GB-Month of storage for first 25 free GB-Months in Asia Pacific (Malaysia)","2026-07-01","0","25","GB-Mo","0.0000000000","USD",,,,"Database Storage","AmazonDynamoDB","Asia Pacific (Malaysia)","AWS Region","Amazon DynamoDB - Indexed DataStore",,,"APS7-TimedStorage-ByteHrs","","ap-southeast-5","Amazon DynamoDB",
"57ZN2HS7Y2EEWTHE","JRTCKXETXF","57ZN2HS7Y2EEWTHE.JRTCKXETXF.VYAP54KATQ","OnDemand","$0.2565 per GB-Month of storage used beyond first 25 free GB-Months in Asia Pacific (Malaysia)","2026-07-01","25","Inf","GB-Mo","0.2565000000","USD",,,,"Database Storage","AmazonDynamoDB","Asia Pacific (Malaysia)","AWS Region","Amazon DynamoDB - Indexed DataStore",,,"APS7-TimedStorage-ByteHrs","","ap-southeast-5","Amazon DynamoDB",
"58NUEA6CTYUX9DZM","JRTCKXETXF","58NUEA6CTYUX9DZM.JRTCKXETXF.M9QGYPQ72M","OnDemand","$0.00 for 2.5 million DynamoDB Streams read request units for a month (free tier) in Africa (Cape Town)","2026-07-01","0","2500000","Requests","0.0000000000","USD",,,,"API Request","AmazonDynamoDB","Africa (Cape Town)","AWS Region",,"DDB-StreamsReadRequests","DynamoDB Streams read request (GetRecords API)","AFS1-Streams-Requests","GetRecords","af-south-1","Amazon DynamoDB",
"58NUEA6CTYUX9DZM","JRTCKXETXF","58NUEA6CTYUX9DZM.JRTCKXETXF.AUKFMGQW43","OnDemand","$0.0000002694 per DynamoDB Streams read request unit beyond free tier in Africa (Cape Town)","2026-07-01","2500000","Inf","Requests","0.0000002694","USD",,,,"API Request","AmazonDynamoDB","Africa (Cape Town)","AWS Region",,"DDB-StreamsReadRequests","DynamoDB Streams read request (GetRecords API)","AFS1-Streams-Requests","GetRecords","af-south-1","Amazon DynamoDB",
"5AU482V3JZKY2BG6","JRTCKXETXF","5AU482V3JZKY2BG6.JRTCKXETXF.6YS6EN2CT7","OnDemand","$0.171 per GB of data restored in Asia Pacific (Jakarta)","2026-07-01","0","Inf","GB","0.1710000000","USD",,,,"Amazon DynamoDB Restore Data Size","AmazonDynamoDB","Asia Pacific (Jakarta)","AWS Region","Amazon DynamoDB - Backup Restore Size",,,"APS4-RestoreDataSize-Bytes","","ap-southeast-3","Amazon DynamoDB",
"5B8MCWU2U9537TST","JRTCKXETXF","5B8MCWU2U9537TST.JRTCKXETXF.6YS6EN2CT7","OnDemand","$0.785 per million ReplicatedWriteRequestUnits in Asia Pacific (Hong Kong)","2026-07-01","0","Inf","ReplicatedWriteRequestUnits","0.0000007850","USD",,,,"Amazon DynamoDB PayPerRequest Throughput","AmazonDynamoDB","Asia Pacific (Hong Kong)","AWS Region",,"DDB-ReplicatedWriteUnits","DynamoDB PayPerRequest Replicated Write Request Units","APE1-ReplWriteRequestUnits","PayPerRequestThroughput","ap-east-1","Amazon DynamoDB",
"5BWYTFWVWVT4826T","JRTCKXETXF","5BWYTFWVWVT4826T.JRTCKXETXF.6YS6EN2CT7","OnDemand","$0.11000 per GB of data exported in EU (Ireland)","2026-07-01","0","Inf","GB","0.1100000000","USD",,,,"Amazon DynamoDB Export Data Size","AmazonDynamoDB","EU (Ireland)","AWS Region","Amazon DynamoDB - Export Size",,,"EU-ExportDataSize-Bytes","","eu-west-1","Amazon DynamoDB",
"5C869KVZRUEUNJJP","JRTCKXETXF","5C869KVZRUEUNJJP.JRTCKXETXF.G2A93NZ7DT","OnDemand","$0.00 per GB-Mo of storage from 0 to 25 for Amazon DynamoDB in Asia Pacific (Thailand)","2026-07-01","0","25","GB-Mo","0.0000000000","USD",,,,"Database Storage","AmazonDynamoDB","Asia Pacific (Thailand)","AWS Region","Amazon DynamoDB - Indexed DataStore",,,"APS9-TimedStorage-ByteHrs","","ap-southeast-7","Amazon DynamoDB",
"5C869KVZRUEUNJJP","JRTCKXETXF","5C869KVZRUEUNJJP.JRTCKXETXF.VYAP54KATQ","OnDemand","$0.2565 per GB-Mo of storage beyond 25 for Amazon DynamoDB in Asia Pacific (Thailand)","2026-07-01","25","Inf","GB-Mo","0.2565000000","USD",,,,"Database Storage","AmazonDynamoDB","Asia Pacific (Thailand)","AWS Region","Amazon DynamoDB - Indexed DataStore",,,"APS9-TimedStorage-ByteHrs","","ap-southeast-7","Amazon DynamoDB",
"5D2CRKJX94FYCVDP","JRTCKXETXF","5D2CRKJX94FYCVDP.JRTCKXETXF.M9QGYPQ72M","OnDemand","USD0.0 per Requests for Streams-Requests:GetRecords in Middle East (Bahrain)","2026-07-01","0","2500000","Requests","0.0000000000","USD",,,,"API Request","AmazonDynamoDB","Middle East (Bahrain)","AWS Region",,"DDB-StreamsReadRequests","DynamoDB Streams read request (GetRecords API)","MES1-Streams-Requests","GetRecords","me-south-1","Amazon DynamoDB",
"5D2CRKJX94FYCVDP","JRTCKXETXF","5D2CRKJX94FYCVDP.JRTCKXETXF.AUKFMGQW43","OnDemand","USD0.0000002486 per Requests for Streams-Requests:GetRecords in Middle East (Bahrain)","2026-07-01","2500000","Inf","Requests","0.0000002490","USD",,,,"API Request","AmazonDynamoDB","Middle East (Bahrain)","AWS Region",,"DDB-StreamsReadRequests","DynamoDB Streams read request (GetRecords API)","MES1-Streams-Requests","GetRecords","me-south-1","Amazon DynamoDB",
"5EPYDUKQPV5RXZTT","JRTCKXETXF","5EPYDUKQPV5RXZTT.JRTCKXETXF.6YS6EN2CT7","OnDemand","$0.66708 per GB of IA vector write requests in Asia Pacific (Thailand)","2026-07-01","0","Inf","GB","0.6670800000","USD",,,,"Amazon DynamoDB PayPerRequest Throughput","AmazonDynamoDB","Asia Pacific (Thailand)","AWS Region",,,,"APS9-IA-VectorWriteRequest","","ap-southeast-7","Amazon DynamoDB",
"5GX89FDRZPXUDZ57","JRTCKXETXF","5GX89FDRZPXUDZ57.JRTCKXETXF.6YS6EN2CT7","OnDemand","$0.1197 per GB of data exported from Amazon DynamoDB  in Asia Pacific (New Zealand)","2026-07-01","0","Inf","GB","0.1197000000","USD",,,,"Amazon DynamoDB Export Data Size","AmazonDynamoDB","Asia Pacific (New Zealand)","AWS Region","Amazon DynamoDB - Incremental Export",,,"APS8-IncrementalExportDataSize-Bytes","","ap-southeast-6","Amazon DynamoDB",
"5J5U4X4JT48Y5QP6","JRTCKXETXF","5J5U4X4JT48Y5QP6.JRTCKXETXF.6YS6EN2CT7","OnDemand","$0.11877 per million change data capture units for Kinesis Data Streams in EU (London)","2026-07-01","0","Inf","ChangeDataCaptureUnits","0.0000001188","USD",,,,,"AmazonDynamoDB","EU (London)","AWS Region",,"DDB-Kinesis","Change Data Capture Units for Kinesis Data Streams","EUW2-ChangeDataCaptureUnits-Kinesis","DelegatedOperations","eu-west-2","Amazon DynamoDB",
"5M5GVWK87JPWUC8Q","JRTCKXETXF","5M5GVWK87JPWUC8Q.JRTCKXETXF.6YS6EN2CT7","OnDemand","$0.11886 per GB-Month of IA storage in EU (Milan)","2026-07-01","0","Inf","GB-Mo","0.1188600000","USD",,,,"Database Storage","AmazonDynamoDB","EU (Milan)","AWS Region","Amazon DynamoDB - Indexed DataStore - IA",,,"EUS1-IA-TimedStorage-ByteHrs","","eu-south-1","Amazon DynamoDB",
"5N8GHNBUKQ3GTEUB","JRTCKXETXF","5N8GHNBUKQ3GTEUB.JRTCKXETXF.HBHVWY47CM","OnDemand","$0.00 per hour for 25 units of write capacity for a month (free tier)","2026-07-01","0","18600","WriteCapacityUnit-Hrs","0.0000000000","USD",,,,"Provisioned IOPS","AmazonDynamoDB","South America (Sao Paulo)","AWS Region",,"DDB-WriteUnits","DynamoDB Provisioned Write Units","SAE1-WriteCapacityUnit-Hrs","CommittedThroughput","sa-east-1","Amazon DynamoDB",
"5N8GHNBUKQ3GTEUB","JRTCKXETXF","5N8GHNBUKQ3GTEUB.JRTCKXETXF.E63J5HTPNN","OnDemand","$0.000975 per hour for units of write capacity beyond the free tier","2026-07-01","18600","Inf","WriteCapacityUnit-Hrs","0.0009750000","USD",,,,"Provisioned IOPS","AmazonDynamoDB","South America (Sao Paulo)","AWS Region",,"DDB-WriteUnits","DynamoDB Provisioned Write Units","SAE1-WriteCapacityUnit-Hrs","CommittedThroughput","sa-east-1","Amazon DynamoDB",
"5N8GHNBUKQ3GTEUB","VG8YD49WWM","5N8GHNBUKQ3GTEUB.VG8YD49WWM.6YS6EN2CT7","Reserved","Amazon DynamoDB, Reserved Write Capacity used this month","2026-08-04","0","Inf","WriteCapacityUnit-Hrs","0.0001220000","USD","3yr","Heavy Utilization","standard","Provisioned IOPS","AmazonDynamoDB","South America (Sao Paulo)","AWS Region",,"DDB-WriteUnits","DynamoDB Provisioned Write Units","SAE1-WriteCapacityUnit-Hrs","CommittedThroughput","sa-east-1","Amazon DynamoDB",
"5N8GHNBUKQ3GTEUB","VG8YD49WWM","5N8GHNBUKQ3GTEUB.VG8YD49WWM.2TG2D8R56U","Reserved","Upfront Fee","2026-08-04",,,"Quantity","2.7","USD","3yr","Heavy Utilization","standard","Provisioned IOPS","AmazonDynamoDB","South America (Sao Paulo)","AWS Region",,"DDB-WriteUnits","DynamoDB Provisioned Write Units","SAE1-WriteCapacityUnit-Hrs","CommittedThroughput","sa-east-1","Amazon DynamoDB",
"5N8GHNBUKQ3GTEUB","YTVHEVGPBZ","5N8GHNBUKQ3GTEUB.YTVHEVGPBZ.6YS6EN2CT7","Reserved","Amazon DynamoDB, Reserved Write Capacity used this month","2026-08-04","0","Inf","WriteCapacityUnit-Hrs","0.0001930000","USD","1yr","Heavy Utilization","standard","Provisioned IOPS","AmazonDynamoDB","South America (Sao Paulo)","AWS Region",,"DDB-WriteUnits","DynamoDB Provisioned Write Units","SAE1-WriteCapacityUnit-Hrs","CommittedThroughput","sa-east-1","Amazon DynamoDB",
"5N8GHNBUKQ3GTEUB","YTVHEVGPBZ","5N8GHNBUKQ3GTEUB.YTVHEVGPBZ.2TG2D8R56U","Reserved","Upfront Fee","2026-08-04",,,"Quantity","2.25","USD","1yr","Heavy Utilization","standard","Provisioned IOPS","AmazonDynamoDB","South America (Sao Paulo)","AWS Region",,"DDB-WriteUnits","DynamoDB Provisioned Write Units","SAE1-WriteCapacityUnit-Hrs","CommittedThroughput","sa-east-1","Amazon DynamoDB",
"5NBCMB8S64CAGKT3","JRTCKXETXF","5NBCMB8S64CAGKT3.JRTCKXETXF.6YS6EN2CT7","OnDemand","$0.71 per million replicated write request units (Hyderabad)","2026-07-01","0","Inf","ReplicatedWriteRequestUnits","0.0000007100","USD",,,,"Amazon DynamoDB PayPerRequest Throughput","AmazonDynamoDB","Asia Pacific (Hyderabad)","AWS Region",,"DDB-ReplicatedWriteUnits","DynamoDB PayPerRequest Replicated Write Request Units","APS5-ReplWriteRequestUnits","PayPerRequestThroughput","ap-south-2","Amazon DynamoDB",
"5QRHXDFJC9KNUW9J","JRTCKXETXF","5QRHXDFJC9KNUW9J.JRTCKXETXF.6YS6EN2CT7","OnDemand","$0.1539 per GB of data restored for Amazon DynamoDB in Asia Pacific (Taipei)","2026-07-01","0","Inf","GB","0.1539000000","USD",,,,"Amazon DynamoDB Restore Data Size","AmazonDynamoDB","Asia Pacific (Taipei)","AWS Region","Amazon DynamoDB - Backup Restore Size",,,"APE2-RestoreDataSize-Bytes","","ap-east-2","Amazon DynamoDB",
"5TUUYBYG8YVFAQY4","JRTCKXETXF","5TUUYBYG8YVFAQY4.JRTCKXETXF.G2A93NZ7DT","OnDemand","$0.00 per GB-Month of storage for first 25 free GB-Months","2026-07-01","0","25","GB-Mo","0.0000000000","USD",,,,"Database Storage","AmazonDynamoDB","Asia Pacific (Osaka)","AWS Region","Amazon DynamoDB - Indexed DataStore",,,"APN3-TimedStorage-ByteHrs","","ap-northeast-3","Amazon DynamoDB",
"5TUUYBYG8YVFAQY4","JRTCKXETXF","5TUUYBYG8YVFAQY4.JRTCKXETXF.VYAP54KATQ","OnDemand","$0.285 per GB-Month of storage used beyond first 25 free GB-Months","2026-07-01","25","Inf","GB-Mo","0.2850000000","USD",,,,"Database Storage","AmazonDynamoDB","Asia Pacific (Osaka)","AWS Region","Amazon DynamoDB - Indexed DataStore",,,"APN3-TimedStorage-ByteHrs","","ap-northeast-3","Amazon DynamoDB",
"5VYK9G6QSUE79YVY","JRTCKXETXF","5VYK9G6QSUE79YVY.JRTCKXETXF.6YS6EN2CT7","OnDemand","$0.0010901 per hour for units of IA write capacity in Europe (Zurich)","2026-07-01","0","Inf","WriteCapacityUnit-Hrs","0.0010901000","USD",,,,"Provisioned IOPS","AmazonDynamoDB","Europe (Zurich)","AWS Region",,"DDB-WriteUnitsIA","DynamoDB Provisioned Write Units IA","EUC2-IA-WriteCapacityUnit-Hrs","CommittedThroughput","eu-central-2","Amazon DynamoDB",
"62RBKZQ98HQNJURQ","JRTCKXETXF","62RBKZQ98HQNJURQ.JRTCKXETXF.6YS6EN2CT7","OnDemand","$0.228 per GB-Month of storage used for DynamoDB PITR backup in Asia Pacific (Melbourne)","2026-07-01","0","Inf","GB-Mo","0.2280000000","USD",,,,"Database Storage","AmazonDynamoDB","Asia Pacific (Melbourne)","AWS Region","Amazon DynamoDB - Point-In-Time-Restore (PITR) Backup Storage",,,"APS6-TimedPITRStorage-ByteHrs","","ap-southeast-4","Amazon DynamoDB",
"64PEV6YHZ2V2BYXZ","JRTCKXETXF","64PEV6YHZ2V2BYXZ.JRTCKXETXF.6YS6EN2CT7","OnDemand","$0.000837 per hour for DynamoDB Provisioned IA Write Capacity Units in Asia Pacific (Thailand)","2026-07-01","0","Inf","WriteCapacityUnit-Hrs","0.0008370000","USD",,,,"Provisioned IOPS","AmazonDynamoDB","Asia Pacific (Thailand)","AWS Region",,"DDB-WriteUnitsIA","DynamoDB Provisioned Write Units IA","APS9-IA-WriteCapacityUnit-Hrs","CommittedThroughput","ap-southeast-7","Amazon DynamoDB",
"655UJE2T557QUT2D","JRTCKXETXF","655UJE2T557QUT2D.JRTCKXETXF.6YS6EN2CT7","OnDemand","$0.53248 per GB of vector write requests in Asia Pacific (Malaysia)","2026-07-01","0","Inf","GB","0.5324800000","USD",,,,"Amazon DynamoDB PayPerRequest Throughput","AmazonDynamoDB","Asia Pacific (Malaysia)","AWS Region",,,,"APS7-VectorWriteRequest","","ap-southeast-5","Amazon DynamoDB","Standard"
"65YVBKNVKQ9GRTM9","JRTCKXETXF","65YVBKNVKQ9GRTM9.JRTCKXETXF.6YS6EN2CT7","OnDemand","$0.11385 per million change data capture units for Kinesis Data Streams in Asia Pacific (Sydney)","2026-07-01","0","Inf","ChangeDataCaptureUnits","0.0000001139","USD",,,,,"AmazonDynamoDB","Asia Pacific (Sydney)","AWS Region",,"DDB-Kinesis","Change Data Capture Units for Kinesis Data Streams","APS2-ChangeDataCaptureUnits-Kinesis","DelegatedOperations","ap-southeast-2","Amazon DynamoDB",
"679UJF76UQP85KYS","JRTCKXETXF","679UJF76UQP85KYS.JRTCKXETXF.HBHVWY47CM","OnDemand","$0.00 per hour for 25 units of read capacity for a month (free tier) in Middle East (UAE)","2026-07-01","0","18600","ReadCapacityUnit-Hrs","0.0000000000","USD",,,,"Provisioned IOPS","AmazonDynamoDB","Middle East (UAE)","AWS Region",,"DDB-ReadUnits","DynamoDB Provisioned Read Units","MEC1-ReadCapacityUnit-Hrs","CommittedThroughput","me-central-1","Amazon DynamoDB",
"679UJF76UQP85KYS","JRTCKXETXF","679UJF76UQP85KYS.JRTCKXETXF.E63J5HTPNN","OnDemand","$0.0001617 per hour for units of read capacity beyond the free tier in Middle East (UAE)","2026-07-01","18600","Inf","ReadCapacityUnit-Hrs","0.0001617000","USD",,,,"Provisioned IOPS","AmazonDynamoDB","Middle East (UAE)","AWS Region",,"DDB-ReadUnits","DynamoDB Provisioned Read Units","MEC1-ReadCapacityUnit-Hrs","CommittedThroughput","me-central-1","Amazon DynamoDB",
"679UJF76UQP85KYS","YTVHEVGPBZ","679UJF76UQP85KYS.YTVHEVGPBZ.6YS6EN2CT7","Reserved","Amazon DynamoDB, Reserved Read Capacity used this month","2026-08-04","0","Inf","ReadCapacityUnit-Hrs","0.0000320000","USD","1yr","Heavy Utilization","standard","Provisioned IOPS","AmazonDynamoDB","Middle East (UAE)","AWS Region",,"DDB-ReadUnits","DynamoDB Provisioned Read Units","MEC1-ReadCapacityUnit-Hrs","CommittedThroughput","me-central-1","Amazon DynamoDB",
"679UJF76UQP85KYS","YTVHEVGPBZ","679UJF76UQP85KYS.YTVHEVGPBZ.2TG2D8R56U","Reserved","Upfront Fee","2026-08-04",,,"Quantity","0.3729","USD","1yr","Heavy Utilization","standard","Provisioned IOPS","AmazonDynamoDB","Middle East (UAE)","AWS Region",,"DDB-ReadUnits","DynamoDB Provisioned Read Units","MEC1-ReadCapacityUnit-Hrs","CommittedThroughput","me-central-1","Amazon DynamoDB",
"67Z2H745RVMQ62FY","JRTCKXETXF","67Z2H745RVMQ62FY.JRTCKXETXF.6YS6EN2CT7","OnDemand","$0.6344 per GB of vector write requests in EU (Frankfurt)","2026-07-01","0","Inf","GB","0.6344000000","USD",,,,"Amazon DynamoDB PayPerRequest Throughput","AmazonDynamoDB","EU (Frankfurt)","AWS Region",,,,"EUC1-VectorWriteRequest","","eu-central-1","Amazon DynamoDB","Standard"
"682FKQ4SD9BH6VN9","JRTCKXETXF","682FKQ4SD9BH6VN9.JRTCKXETXF.6YS6EN2CT7","OnDemand","$0.75 per million write request units in AWS GovCloud (US-East)","2026-07-01","0","Inf","WriteRequestUnits","0.0000007500","USD",,,,"Amazon DynamoDB PayPerRequest Throughput","AmazonDynamoDB","AWS GovCloud (US-East)","AWS Region",,"DDB-WriteUnits","DynamoDB PayPerRequest Write Request Units","UGE1-WriteRequestUnits","PayPerRequestThroughput","us-gov-east-1","Amazon DynamoDB",
"68MSB9T6M3V5XDWY","JRTCKXETXF","68MSB9T6M3V5XDWY.JRTCKXETXF.G2A93NZ7DT","OnDemand","$0.00 per GB-Mo of storage from 0 to 25 for Amazon DynamoDB in Asia Pacific (New Zealand)","2026-07-01","0","25","GB-Mo","0.0000000000","USD",,,,"Database Storage","AmazonDynamoDB","Asia Pacific (New Zealand)","AWS Region","Amazon DynamoDB - Indexed DataStore",,,"APS8-TimedStorage-ByteHrs","","ap-southeast-6","Amazon DynamoDB",
"68MSB9T6M3V5XDWY","JRTCKXETXF","68MSB9T6M3V5XDWY.JRTCKXETXF.VYAP54KATQ","OnDemand","$0.29925 per GB-Mo of storage beyond 25 for Amazon DynamoDB in Asia Pacific (New Zealand)","2026-07-01","25","Inf","GB-Mo","0.2992500000","USD",,,,"Database Storage","AmazonDynamoDB","Asia Pacific (New Zealand)","AWS Region","Amazon DynamoDB - Indexed DataStore",,,"APS8-TimedStorage-ByteHrs","","ap-southeast-6","Amazon DynamoDB",
"696485FWV4GMJH4V","JRTCKXETXF","696485FWV4GMJH4V.JRTCKXETXF.6YS6EN2CT7","OnDemand","$0.114 per GB-Month of storage used for on-demand backup","2026-07-01","0","Inf","GB-Month","0.1140000000","USD",,,,"Amazon DynamoDB On-Demand Backup Storage","AmazonDynamoDB","Asia Pacific (Tokyo)","AWS Region","Amazon DynamoDB - On-Demand Backup Storage",,,"APN1-TimedBackupStorage-ByteHrs","","ap-northeast-1","Amazon DynamoDB",
"69BSU4W3G2YUJS99","JRTCKXETXF","69BSU4W3G2YUJS99.JRTCKXETXF.6YS6EN2CT7","OnDemand","$0.000894 per WriteCapacityUnit-Hrs for IA in Canada West (Calgary)","2026-07-01","0","Inf","WriteCapacityUnit-Hrs","0.0008940000","USD",,,,"Provisioned IOPS","AmazonDynamoDB","Canada West (Calgary)","AWS Region",,"DDB-WriteUnitsIA","DynamoDB Provisioned Write Units IA","CAN2-IA-WriteCapacityUnit-Hrs","CommittedThroughput","ca-west-1","Amazon DynamoDB",
"69QK8KWX9PS836QT","JRTCKXETXF","69QK8KWX9PS836QT.JRTCKXETXF.6YS6EN2CT7","OnDemand","$0.11154 per million change data capture units for Kinesis Data Streams in US West (N. California)","2026-07-01","0","Inf","ChangeDataCaptureUnits","0.0000001115","USD",,,,,"AmazonDynamoDB","US West (N. California)","AWS Region",,"DDB-Kinesis","Change Data Capture Units for Kinesis Data Streams","USW1-ChangeDataCaptureUnits-Kinesis","DelegatedOperations","us-west-1","Amazon DynamoDB",
"6A47ZD8AQ6U5ZC64","JRTCKXETXF","6A47ZD8AQ6U5ZC64.JRTCKXETXF.6YS6EN2CT7","OnDemand","$1.172 per million replicated IA write request units in South America (Sao Paulo)","2026-07-01","0","Inf","ReplicatedWriteRequestUnits","0.0000011720","USD",,,,"Amazon DynamoDB PayPerRequest Throughput","AmazonDynamoDB","South America (Sao Paulo)","AWS Region",,"DDB-ReplicatedWriteUnitsIA","DynamoDB PayPerRequest Replicated Write Request Units IA","SAE1-IA-ReplWriteRequestUnits","PayPerRequestThroughput","sa-east-1","Amazon DynamoDB",
"6AMZTN4F2CXU9NAR","JRTCKXETXF","6AMZTN4F2CXU9NAR.JRTCKXETXF.6YS6EN2CT7","OnDemand","$0.2105 per million IA read request units in Africa (Cape Town)","2026-07-01","0","Inf","ReadRequestUnits","0.0000002105","USD",,,,"Amazon DynamoDB PayPerRequest Throughput","AmazonDynamoDB","Africa (Cape Town)","AWS Region",,"DDB-ReadUnitsIA","DynamoDB PayPerRequest Read Request Units IA","AFS1-IA-ReadRequestUnits","PayPerRequestThroughput","af-south-1","Amazon DynamoDB",
"6FHNRH86PUH3YAEZ","JRTCKXETXF","6FHNRH86PUH3YAEZ.JRTCKXETXF.6YS6EN2CT7","OnDemand","$0.1026 per GB of data exported from Amazon DynamoDB  in Asia Pacific (Thailand)","2026-07-01","0","Inf","GB","0.1026000000","USD",,,,"Amazon DynamoDB Export Data Size","AmazonDynamoDB","Asia Pacific (Thailand)","AWS Region","Amazon DynamoDB - Export Size",,,"APS9-ExportDataSize-Bytes","","ap-southeast-7","Amazon DynamoDB",
"6GXFX98DGQS6KG3J","JRTCKXETXF","6GXFX98DGQS6KG3J.JRTCKXETXF.6YS6EN2CT7","OnDemand","$0.00281 per GB of IA vector data searched in US West (N. California)","2026-07-01","0","Inf","GB","0.0028100000","USD",,,,"Amazon DynamoDB PayPerRequest Throughput","AmazonDynamoDB","US West (N. California)","AWS Region",,,,"USW1-IA-VectorSearch","","us-west-1","Amazon DynamoDB",
"6JYFQM9NETS5W42R","JRTCKXETXF","6JYFQM9NETS5W42R.JRTCKXETXF.6YS6EN2CT7","OnDemand","$0.885 per million replicated IA write request units in EU (Ireland)","2026-07-01","0","Inf","ReplicatedWriteRequestUnits","0.0000008850","USD",,,,"Amazon DynamoDB PayPerRequest Throughput","AmazonDynamoDB","EU (Ireland)","AWS Region",,"DDB-ReplicatedWriteUnitsIA","DynamoDB PayPerRequest Replicated Write Request Units IA","EU-IA-ReplWriteRequestUnits","PayPerRequestThroughput","eu-west-1","Amazon DynamoDB",
"6KY9F3CRFD8VCJDS","JRTCKXETXF","6KY9F3CRFD8VCJDS.JRTCKXETXF.6YS6EN2CT7","OnDemand","$0.87 per million replicated IA write request units in US West (N. California)","2026-07-01","0","Inf","ReplicatedWriteRequestUnits","0.0000008700","USD",,,,"Amazon DynamoDB PayPerRequest Throughput","AmazonDynamoDB","US West (N. California)","AWS Region",,"DDB-ReplicatedWriteUnitsIA","DynamoDB PayPerRequest Replicated Write Request Units IA","USW1-IA-ReplWriteRequestUnits","PayPerRequestThroughput","us-west-1","Amazon DynamoDB",
"6NJM3K66JDV3SGNV","JRTCKXETXF","6NJM3K66JDV3SGNV.JRTCKXETXF.6YS6EN2CT7","OnDemand","$0.78 per million replicated IA write request units in US East (N. Virginia)","2026-07-01","0","Inf","ReplicatedWriteRequestUnits","0.0000007800","USD",,,,"Amazon DynamoDB PayPerRequest Throughput","AmazonDynamoDB","US East (N. Virginia)","AWS Region",,"DDB-ReplicatedWriteUnitsIA","DynamoDB PayPerRequest Replicated Write Request Units IA","IA-ReplWriteRequestUnits","PayPerRequestThroughput","us-east-1","Amazon DynamoDB",
"6NPJE4VHYPZG657F","JRTCKXETXF","6NPJE4VHYPZG657F.JRTCKXETXF.6YS6EN2CT7","OnDemand","$0.000919 per hour for units of IA replicated write capacity in EU (Ireland)","2026-07-01","0","Inf","ReplicatedWriteCapacityUnit-Hrs","0.0009190000","USD",,,,"DDB-Operation-ReplicatedWrite","AmazonDynamoDB","EU (Ireland)","AWS Region",,"DDB-ReplicatedWriteUnitsIA","DynamoDB Provisioned Replicated Write Units IA","EU-IA-ReplWriteCapacityUnit-Hrs","CommittedThroughput","eu-west-1","Amazon DynamoDB",
"6PAP7SNYATA44CQA","JRTCKXETXF","6PAP7SNYATA44CQA.JRTCKXETXF.6YS6EN2CT7","OnDemand","$0.58656 per GB of vector write requests in Europe (Spain)","2026-07-01","0","Inf","GB","0.5865600000","USD",,,,"Amazon DynamoDB PayPerRequest Throughput","AmazonDynamoDB","Europe (Spain)","AWS Region",,,,"EUS2-VectorWriteRequest","","eu-south-2","Amazon DynamoDB","Standard"
"6PCERDN3NMDKW474","JRTCKXETXF","6PCERDN3NMDKW474.JRTCKXETXF.6YS6EN2CT7","OnDemand","$0.7423 per million write request units Europe West 2","2026-07-01","0","Inf","WriteRequestUnits","0.0000007423","USD",,,,"Amazon DynamoDB PayPerRequest Throughput","AmazonDynamoDB","EU (London)","AWS Region",,"DDB-WriteUnits","DynamoDB PayPerRequest Write Request Units","EUW2-WriteRequestUnits","PayPerRequestThroughput","eu-west-2","Amazon DynamoDB",
"6QJYGSDEPY9XN2VQ","JRTCKXETXF","6QJYGSDEPY9XN2VQ.JRTCKXETXF.6YS6EN2CT7","OnDemand","$0.00238 per GB of vector data searched in EU (Milan)","2026-07-01","0","Inf","GB","0.0023800000","USD",,,,"Amazon DynamoDB PayPerRequest Throughput","AmazonDynamoDB","EU (Milan)","AWS Region",,,,"EUS1-VectorSearch","","eu-south-1","Amazon DynamoDB","Standard"
"6QPWE2DR9JVCADDE","JRTCKXETXF","6QPWE2DR9JVCADDE.JRTCKXETXF.6YS6EN2CT7","OnDemand","$0.21 per GB-Mo of storage used for Amazon DynamoDB - PITR Backup Storage in Mexico (Central)","2026-07-01","0","Inf","GB-Mo","0.2100000000","USD",,,,"Database Storage","AmazonDynamoDB","Mexico (Central)","AWS Region","Amazon DynamoDB - Point-In-Time-Restore (PITR) Backup Storage",,,"MXC1-TimedPITRStorage-ByteHrs","","mx-central-1","Amazon DynamoDB",
"6QZBVC4X7EKTKMJG","JRTCKXETXF","6QZBVC4X7EKTKMJG.JRTCKXETXF.6YS6EN2CT7","OnDemand","$0.11415 per million change data capture units for AWS Glue Elastic Views in Asia Pacific (Tokyo)","2026-07-01","0","Inf","ChangeDataCaptureUnits","0.0000001142","USD",,,,,"AmazonDynamoDB","Asia Pacific (Tokyo)","AWS Region",,"DDB-ElasticViews","Change Data Capture Units for AWS Glue Elastic Views","APN1-ChangeDataCaptureUnits-ElasticViews","DelegatedOperations","ap-northeast-1","Amazon DynamoDB",
"6R6G3A8DV8UT238T","JRTCKXETXF","6R6G3A8DV8UT238T.JRTCKXETXF.6YS6EN2CT7","OnDemand","$0.11886 per GB of data exported in EU (Paris)","2026-07-01","0","Inf","GB","0.1188600000","USD",,,,"Amazon DynamoDB Export Data Size","AmazonDynamoDB","EU (Paris)","AWS Region","Amazon DynamoDB - Export Size",,,"EUW3-ExportDataSize-Bytes","","eu-west-3","Amazon DynamoDB",
"6U6DFQSAYS3R74M9","JRTCKXETXF","6U6DFQSAYS3R74M9.JRTCKXETXF.6YS6EN2CT7","OnDemand","$0.0021 per GB of vector data searched in Mexico (Central)","2026-07-01","0","Inf","GB","0.0021000000","USD",,,,"Amazon DynamoDB PayPerRequest Throughput","AmazonDynamoDB","Mexico (Central)","AWS Region",,,,"MXC1-VectorSearch","","mx-central-1","Amazon DynamoDB","Standard"
"6VKGX44TQJG7PUQF","JRTCKXETXF","6VKGX44TQJG7PUQF.JRTCKXETXF.HBHVWY47CM","OnDemand","$0.00 per hour for 25 units of read capacity for a month (free tier) in EU (Milan)","2026-07-01","0","18600","ReadCapacityUnit-Hrs","0.0000000000","USD",,,,"Provisioned IOPS","AmazonDynamoDB","EU (Milan)","AWS Region",,"DDB-ReadUnits","DynamoDB Provisioned Read Units","EUS1-ReadCapacityUnit-Hrs","CommittedThroughput","eu-south-1","Amazon DynamoDB",
"6VKGX44TQJG7PUQF","JRTCKXETXF","6VKGX44TQJG7PUQF.JRTCKXETXF.E63J5HTPNN","OnDemand","$0.00015435 per hour for units of read capacity beyond the free tier in EU (Milan)","2026-07-01","18600","Inf","ReadCapacityUnit-Hrs","0.0001543500","USD",,,,"Provisioned IOPS","AmazonDynamoDB","EU (Milan)","AWS Region",,"DDB-ReadUnits","DynamoDB Provisioned Read Units","EUS1-ReadCapacityUnit-Hrs","CommittedThroughput","eu-south-1","Amazon DynamoDB",
"6VKGX44TQJG7PUQF","YTVHEVGPBZ","6VKGX44TQJG7PUQF.YTVHEVGPBZ.6YS6EN2CT7","Reserved","Amazon DynamoDB, Reserved Read Capacity used this month","2026-08-04","0","Inf","ReadCapacityUnit-Hrs","0.0000300000","USD","1yr","Heavy Utilization","standard","Provisioned IOPS","AmazonDynamoDB","EU (Milan)","AWS Region",,"DDB-ReadUnits","DynamoDB Provisioned Read Units","EUS1-ReadCapacityUnit-Hrs","CommittedThroughput","eu-south-1","Amazon DynamoDB",
"6VKGX44TQJG7PUQF","YTVHEVGPBZ","6VKGX44TQJG7PUQF.YTVHEVGPBZ.2TG2D8R56U","Reserved","Upfront Fee","2026-08-04",,,"Quantity","0.35595","USD","1yr","Heavy Utilization","standard","Provisioned IOPS","AmazonDynamoDB","EU (Milan)","AWS Region",,"DDB-ReadUnits","DynamoDB Provisioned Read Units","EUS1-ReadCapacityUnit-Hrs","CommittedThroughput","eu-south-1","Amazon DynamoDB",
"6WFYBZ4DWJTTEPUM","JRTCKXETXF","6WFYBZ4DWJTTEPUM.JRTCKXETXF.6YS6EN2CT7","OnDemand","$0.1140 per GB of incremental data exported in Asia Pacific (Mumbai)","2026-07-01","0","Inf","GB","0.1140000000","USD",,,,"Amazon DynamoDB Export Data Size","AmazonDynamoDB","Asia Pacific (Mumbai)","AWS Region","Amazon DynamoDB - Incremental Export",,,"APS3-IncrementalExportDataSize-Bytes","","ap-south-1","Amazon DynamoDB",
"6YCSCZ2UWGEMSSYP","JRTCKXETXF","6YCSCZ2UWGEMSSYP.JRTCKXETXF.6YS6EN2CT7","OnDemand","$0.00271 per GB of IA vector data searched in EU (Stockholm)","2026-07-01","0","Inf","GB","0.0027100000","USD",,,,"Amazon DynamoDB PayPerRequest Throughput","AmazonDynamoDB","EU (Stockholm)","AWS Region",,,,"EUN1-IA-VectorSearch","","eu-north-1","Amazon DynamoDB",
"72KYNNX3TX85WNY8","JRTCKXETXF","72KYNNX3TX85WNY8.JRTCKXETXF.6YS6EN2CT7","OnDemand","$0.59488 per GB of vector write requests in Asia Pacific (Tokyo)","2026-07-01","0","Inf","GB","0.5948800000","USD",,,,"Amazon DynamoDB PayPerRequest Throughput","AmazonDynamoDB","Asia Pacific (Tokyo)","AWS Region",,,,"APN1-VectorWriteRequest","","ap-northeast-1","Amazon DynamoDB","Standard"
"72N6H2TNUXES4FAD","JRTCKXETXF","72N6H2TNUXES4FAD.JRTCKXETXF.6YS6EN2CT7","OnDemand","$0.10742 per million change data capture units for Kinesis Data Streams in EU (Stockholm)","2026-07-01","0","Inf","ChangeDataCaptureUnits","0.0000001074","USD",,,,,"AmazonDynamoDB","EU (Stockholm)","AWS Region",,"DDB-Kinesis","Change Data Capture Units for Kinesis Data Streams","EUN1-ChangeDataCaptureUnits-Kinesis","DelegatedOperations","eu-north-1","Amazon DynamoDB",
"72Y4X3UNU6BJ8QDA","JRTCKXETXF","72Y4X3UNU6BJ8QDA.JRTCKXETXF.6YS6EN2CT7","OnDemand","$0.1875 per million IA read request units in AWS GovCloud (US-East)","2026-07-01","0","Inf","ReadRequestUnits","0.0000001875","USD",,,,"Amazon DynamoDB PayPerRequest Throughput","AmazonDynamoDB","AWS GovCloud (US-East)","AWS Region",,"DDB-ReadUnitsIA","DynamoDB PayPerRequest Read Request Units IA","UGE1-IA-ReadRequestUnits","PayPerRequestThroughput","us-gov-east-1","Amazon DynamoDB",
"73S8APPH5WER2A55","JRTCKXETXF","73S8APPH5WER2A55.JRTCKXETXF.G2A93NZ7DT","OnDemand","$0.00 per GB-Month of storage for first 25 free GB-Months in Asia Pacific (Melbourne)","2026-07-01","0","25","GB-Mo","0.0000000000","USD",,,,"Database Storage","AmazonDynamoDB","Asia Pacific (Melbourne)","AWS Region","Amazon DynamoDB - Indexed DataStore",,,"APS6-TimedStorage-ByteHrs","","ap-southeast-4","Amazon DynamoDB",
"73S8APPH5WER2A55","JRTCKXETXF","73S8APPH5WER2A55.JRTCKXETXF.VYAP54KATQ","OnDemand","$0.285 per GB-Month of storage used beyond first 25 free GB-Months in Asia Pacific (Melbourne)","2026-07-01","25","Inf","GB-Mo","0.2850000000","USD",,,,"Database Storage","AmazonDynamoDB","Asia Pacific (Melbourne)","AWS Region","Amazon DynamoDB - Indexed DataStore",,,"APS6-TimedStorage-ByteHrs","","ap-southeast-4","Amazon DynamoDB",
"744KC92YHNN43UDT","JRTCKXETXF","744KC92YHNN43UDT.JRTCKXETXF.6YS6EN2CT7","OnDemand","$0.17 per million read request units in Israel (Tel Aviv)","2026-07-01","0","Inf","ReadRequestUnits","0.0000001700","USD",,,,"Amazon DynamoDB PayPerRequest Throughput","AmazonDynamoDB","Israel (Tel Aviv)","AWS Region",,"DDB-ReadUnits","DynamoDB PayPerRequest Read Request Units","ILC1-ReadRequestUnits","PayPerRequestThroughput","il-central-1","Amazon DynamoDB",
"754RG9HSCPJGS2HQ","JRTCKXETXF","754RG9HSCPJGS2HQ.JRTCKXETXF.6YS6EN2CT7","OnDemand","$0.97 per million IA write request units in Middle East (Bahrain)","2026-07-01","0","Inf","WriteRequestUnits","0.0000009700","USD",,,,"Amazon DynamoDB PayPerRequest Throughput","AmazonDynamoDB","Middle East (Bahrain)","AWS Region",,"DDB-WriteUnitsIA","DynamoDB PayPerRequest Write Request Units IA","MES1-IA-WriteRequestUnits","PayPerRequestThroughput","me-south-1","Amazon DynamoDB",
"75AU3C9PDZSEBJ7B","JRTCKXETXF","75AU3C9PDZSEBJ7B.JRTCKXETXF.6YS6EN2CT7","OnDemand","$0.155 per million IA read request units in US West (Oregon)","2026-07-01","0","Inf","ReadRequestUnits","0.0000001550","USD",,,,"Amazon DynamoDB PayPerRequest Throughput","AmazonDynamoDB","US West (Oregon)","AWS Region",,"DDB-ReadUnitsIA","DynamoDB PayPerRequest Read Request Units IA","USW2-IA-ReadRequestUnits","PayPerRequestThroughput","us-west-2","Amazon DynamoDB",
"75DP8C6BS6R8TCXG","JRTCKXETXF","75DP8C6BS6R8TCXG.JRTCKXETXF.6YS6EN2CT7","OnDemand","$0.9375 per million ReplicatedWriteRequestUnit in South America (Sao Paulo)","2026-07-01","0","Inf","ReplicatedWriteRequestUnits","0.0000009375","USD",,,,"Amazon DynamoDB PayPerRequest Throughput","AmazonDynamoDB","South America (Sao Paulo)","AWS Region",,"DDB-ReplicatedWriteUnits","DynamoDB PayPerRequest Replicated Write Request Units","SAE1-ReplWriteRequestUnits","PayPerRequestThroughput","sa-east-1","Amazon DynamoDB",
"76GDKPGCWWSZZZEC","JRTCKXETXF","76GDKPGCWWSZZZEC.JRTCKXETXF.6YS6EN2CT7","OnDemand","$0.9345 per million DynamoDB IA Write Request Units in Asia Pacific (New Zealand)","2026-07-01","0","Inf","WriteRequestUnits","0.0000009345","USD",,,,"Amazon DynamoDB PayPerRequest Throughput","AmazonDynamoDB","Asia Pacific (New Zealand)","AWS Region",,"DDB-WriteUnitsIA","DynamoDB PayPerRequest Write Request Units IA","APS8-IA-WriteRequestUnits","PayPerRequestThroughput","ap-southeast-6","Amazon DynamoDB",
"78UKP8NU6E3554UQ","JRTCKXETXF","78UKP8NU6E3554UQ.JRTCKXETXF.6YS6EN2CT7","OnDemand","$0.0001930 per hour for units of IA read capacity in EU (Milan)","2026-07-01","0","Inf","ReadCapacityUnit-Hrs","0.0001930000","USD",,,,"Provisioned IOPS","AmazonDynamoDB","EU (Milan)","AWS Region",,"DDB-ReadUnitsIA","DynamoDB Provisioned Read Units IA","EUS1-IA-ReadCapacityUnit-Hrs","CommittedThroughput","eu-south-1","Amazon DynamoDB",
"78Y6Q3YQ4Z87KEAD","JRTCKXETXF","78Y6Q3YQ4Z87KEAD.JRTCKXETXF.HBHVWY47CM","OnDemand","$0 per hour for 18,600 units of DynamoDB Provisioned Read Capacity Units in Asia Pacific (Thailand)","2026-07-01","0","18600","ReadCapacityUnit-Hrs","0.0000000000","USD",,,,"Provisioned IOPS","AmazonDynamoDB","Asia Pacific (Thailand)","AWS Region",,"DDB-ReadUnits","DynamoDB Provisioned Read Units","APS9-ReadCapacityUnit-Hrs","CommittedThroughput","ap-southeast-7","Amazon DynamoDB",
"78Y6Q3YQ4Z87KEAD","JRTCKXETXF","78Y6Q3YQ4Z87KEAD.JRTCKXETXF.E63J5HTPNN","OnDemand","$0.0001332 per hour beyond the free tier for DynamoDB Provisioned Read Capacity Units in Asia Pacific (Thailand)","2026-07-01","18600","Inf","ReadCapacityUnit-Hrs","0.0001332000","USD",,,,"Provisioned IOPS","AmazonDynamoDB","Asia Pacific (Thailand)","AWS Region",,"DDB-ReadUnits","DynamoDB Provisioned Read Units","APS9-ReadCapacityUnit-Hrs","CommittedThroughput","ap-southeast-7","Amazon DynamoDB",
"78Y6Q3YQ4Z87KEAD","YTVHEVGPBZ","78Y6Q3YQ4Z87KEAD.YTVHEVGPBZ.6YS6EN2CT7","Reserved","Amazon DynamoDB, Reserved Read Capacity used this month","2026-08-04","0","Inf","ReadCapacityUnit-Hrs","0.0000260000","USD","1yr","Heavy Utilization","standard","Provisioned IOPS","AmazonDynamoDB","Asia Pacific (Thailand)","AWS Region",,"DDB-ReadUnits","DynamoDB Provisioned Read Units","APS9-ReadCapacityUnit-Hrs","CommittedThroughput","ap-southeast-7","Amazon DynamoDB",
"78Y6Q3YQ4Z87KEAD","YTVHEVGPBZ","78Y6Q3YQ4Z87KEAD.YTVHEVGPBZ.2TG2D8R56U","Reserved","Upfront Fee","2026-08-04",,,"Quantity","0.3078","USD","1yr","Heavy Utilization","standard","Provisioned IOPS","AmazonDynamoDB","Asia Pacific (Thailand)","AWS Region",,"DDB-ReadUnits","DynamoDB Provisioned Read Units","APS9-ReadCapacityUnit-Hrs","CommittedThroughput","ap-southeast-7","Amazon DynamoDB",
"7AFS5QRBMXJJVTBW","JRTCKXETXF","7AFS5QRBMXJJVTBW.JRTCKXETXF.6YS6EN2CT7","OnDemand","$0.0001850 per hour for units of IA read capacity in Asia Pacific (Mumbai)","2026-07-01","0","Inf","ReadCapacityUnit-Hrs","0.0001850000","USD",,,,"Provisioned IOPS","AmazonDynamoDB","Asia Pacific (Mumbai)","AWS Region",,"DDB-ReadUnitsIA","DynamoDB Provisioned Read Units IA","APS3-IA-ReadCapacityUnit-Hrs","CommittedThroughput","ap-south-1","Amazon DynamoDB",
"7AWWGBPDAG6XPXDF","JRTCKXETXF","7AWWGBPDAG6XPXDF.JRTCKXETXF.6YS6EN2CT7","OnDemand","$0.000156 per hour for units of read capacity","2026-07-01","0","Inf","ReadCapacityUnit-Hrs","0.0001560000","USD",,,,"Provisioned IOPS","AmazonDynamoDB","AWS GovCloud (US-East)","AWS Region",,"DDB-ReadUnits","DynamoDB Provisioned Read Units","UGE1-ReadCapacityUnit-Hrs","CommittedThroughput","us-gov-east-1","Amazon DynamoDB",
"7AWWGBPDAG6XPXDF","VG8YD49WWM","7AWWGBPDAG6XPXDF.VG8YD49WWM.6YS6EN2CT7","Reserved","Amazon DynamoDB, Reserved Read Capacity used this month","2026-08-04","0","Inf","ReadCapacityUnit-Hrs","0.0000190000","USD","3yr","Heavy Utilization","standard","Provisioned IOPS","AmazonDynamoDB","AWS GovCloud (US-East)","AWS Region",,"DDB-ReadUnits","DynamoDB Provisioned Read Units","UGE1-ReadCapacityUnit-Hrs","CommittedThroughput","us-gov-east-1","Amazon DynamoDB",
"7AWWGBPDAG6XPXDF","VG8YD49WWM","7AWWGBPDAG6XPXDF.VG8YD49WWM.2TG2D8R56U","Reserved","Upfront Fee","2026-08-04",,,"Quantity","0.43","USD","3yr","Heavy Utilization","standard","Provisioned IOPS","AmazonDynamoDB","AWS GovCloud (US-East)","AWS Region",,"DDB-ReadUnits","DynamoDB Provisioned Read Units","UGE1-ReadCapacityUnit-Hrs","CommittedThroughput","us-gov-east-1","Amazon DynamoDB",
"7AWWGBPDAG6XPXDF","YTVHEVGPBZ","7AWWGBPDAG6XPXDF.YTVHEVGPBZ.6YS6EN2CT7","Reserved","Amazon DynamoDB, Reserved Read Capacity used this month","2026-08-04","0","Inf","ReadCapacityUnit-Hrs","0.0000310000","USD","1yr","Heavy Utilization","standard","Provisioned IOPS","AmazonDynamoDB","AWS GovCloud (US-East)","AWS Region",,"DDB-ReadUnits","DynamoDB Provisioned Read Units","UGE1-ReadCapacityUnit-Hrs","CommittedThroughput","us-gov-east-1","Amazon DynamoDB",
"7AWWGBPDAG6XPXDF","YTVHEVGPBZ","7AWWGBPDAG6XPXDF.YTVHEVGPBZ.2TG2D8R56U","Reserved","Upfront Fee","2026-08-04",,,"Quantity","0.36","USD","1yr","Heavy Utilization","standard","Provisioned IOPS","AmazonDynamoDB","AWS GovCloud (US-East)","AWS Region",,"DDB-ReadUnits","DynamoDB Provisioned Read Units","UGE1-ReadCapacityUnit-Hrs","CommittedThroughput","us-gov-east-1","Amazon DynamoDB",
"7CWH57BC2PWWUQUW","JRTCKXETXF","7CWH57BC2PWWUQUW.JRTCKXETXF.G2A93NZ7DT","OnDemand","USD 0.0 per GB-Mo for TimedStorage-ByteHrs in EU (Stockholm)","2026-07-01","0","25","GB-Mo","0.0000000000","USD",,,,"Database Storage","AmazonDynamoDB","EU (Stockholm)","AWS Region","Amazon DynamoDB - Indexed DataStore",,,"EUN1-TimedStorage-ByteHrs","","eu-north-1","Amazon DynamoDB",
"7CWH57BC2PWWUQUW","JRTCKXETXF","7CWH57BC2PWWUQUW.JRTCKXETXF.VYAP54KATQ","OnDemand","USD 0.269 per GB-Mo for TimedStorage-ByteHrs in EU (Stockholm)","2026-07-01","25","Inf","GB-Mo","0.2690000000","USD",,,,"Database Storage","AmazonDynamoDB","EU (Stockholm)","AWS Region","Amazon DynamoDB - Indexed DataStore",,,"EUN1-TimedStorage-ByteHrs","","eu-north-1","Amazon DynamoDB",
"7F2ACAVCFM3XAAAF","JRTCKXETXF","7F2ACAVCFM3XAAAF.JRTCKXETXF.6YS6EN2CT7","OnDemand","$0.00093 per ReplicatedWriteCapacityUnit-Hrs for IA in Asia Pacific (Jakarta)","2026-07-01","0","Inf","ReplicatedWriteCapacityUnit-Hrs","0.0009300000","USD",,,,"DDB-Operation-ReplicatedWrite","AmazonDynamoDB","Asia Pacific (Jakarta)","AWS Region",,"DDB-ReplicatedWriteUnitsIA","DynamoDB Provisioned Replicated Write Units IA","APS4-IA-ReplWriteCapacityUnit-Hrs","CommittedThroughput","ap-southeast-3","Amazon DynamoDB",
"7H4QZ7MBMBZ98V2G","JRTCKXETXF","7H4QZ7MBMBZ98V2G.JRTCKXETXF.HBHVWY47CM","OnDemand","$0.00 per hour for 25 units of read capacity for a month (free tier)","2026-07-01","0","18600","ReadCapacityUnit-Hrs","0.0000000000","USD",,,,"Provisioned IOPS","AmazonDynamoDB","Asia Pacific (Sydney)","AWS Region",,"DDB-ReadUnits","DynamoDB Provisioned Read Units","APS2-ReadCapacityUnit-Hrs","CommittedThroughput","ap-southeast-2","Amazon DynamoDB",
"7H4QZ7MBMBZ98V2G","JRTCKXETXF","7H4QZ7MBMBZ98V2G.JRTCKXETXF.E63J5HTPNN","OnDemand","$0.000148 per hour for units of read capacity beyond the free tier","2026-07-01","18600","Inf","ReadCapacityUnit-Hrs","0.0001480000","USD",,,,"Provisioned IOPS","AmazonDynamoDB","Asia Pacific (Sydney)","AWS Region",,"DDB-ReadUnits","DynamoDB Provisioned Read Units","APS2-ReadCapacityUnit-Hrs","CommittedThroughput","ap-southeast-2","Amazon DynamoDB",
"7H4QZ7MBMBZ98V2G","VG8YD49WWM","7H4QZ7MBMBZ98V2G.VG8YD49WWM.6YS6EN2CT7","Reserved","Amazon DynamoDB, Reserved Read Capacity used this month","2026-08-04","0","Inf","ReadCapacityUnit-Hrs","0.0000180000","USD","3yr","Heavy Utilization","standard","Provisioned IOPS","AmazonDynamoDB","Asia Pacific (Sydney)","AWS Region",,"DDB-ReadUnits","DynamoDB Provisioned Read Units","APS2-ReadCapacityUnit-Hrs","CommittedThroughput","ap-southeast-2","Amazon DynamoDB",
"7H4QZ7MBMBZ98V2G","VG8YD49WWM","7H4QZ7MBMBZ98V2G.VG8YD49WWM.2TG2D8R56U","Reserved","Upfront Fee","2026-08-04",,,"Quantity","0.4104","USD","3yr","Heavy Utilization","standard","Provisioned IOPS","AmazonDynamoDB","Asia Pacific (Sydney)","AWS Region",,"DDB-ReadUnits","DynamoDB Provisioned Read Units","APS2-ReadCapacityUnit-Hrs","CommittedThroughput","ap-southeast-2","Amazon DynamoDB",
"7H4QZ7MBMBZ98V2G","YTVHEVGPBZ","7H4QZ7MBMBZ98V2G.YTVHEVGPBZ.6YS6EN2CT7","Reserved","Amazon DynamoDB, Reserved Read Capacity used this month","2026-08-04","0","Inf","ReadCapacityUnit-Hrs","0.0000290000","USD","1yr","Heavy Utilization","standard","Provisioned IOPS","AmazonDynamoDB","Asia Pacific (Sydney)","AWS Region",,"DDB-ReadUnits","DynamoDB Provisioned Read Units","APS2-ReadCapacityUnit-Hrs","CommittedThroughput","ap-southeast-2","Amazon DynamoDB",
"7H4QZ7MBMBZ98V2G","YTVHEVGPBZ","7H4QZ7MBMBZ98V2G.YTVHEVGPBZ.2TG2D8R56U","Reserved","Upfront Fee","2026-08-04",,,"Quantity","0.342","USD","1yr","Heavy Utilization","standard","Provisioned IOPS","AmazonDynamoDB","Asia Pacific (Sydney)","AWS Region",,"DDB-ReadUnits","DynamoDB Provisioned Read Units","APS2-ReadCapacityUnit-Hrs","CommittedThroughput","ap-southeast-2","Amazon DynamoDB",
"7HC5AXVD5SFG9RHU","JRTCKXETXF","7HC5AXVD5SFG9RHU.JRTCKXETXF.6YS6EN2CT7","OnDemand","$0.1500 per GB for data import in US East (Ohio)","2026-07-01","0","Inf","GB","0.1500000000","USD",,,,"Amazon DynamoDB Import Data Size","AmazonDynamoDB","US East (Ohio)","AWS Region","Amazon DynamoDB - Import Size",,,"USE2-ImportDataSize-Bytes","","us-east-2","Amazon DynamoDB",
"7HJRMNFMKCHMCRU3","JRTCKXETXF","7HJRMNFMKCHMCRU3.JRTCKXETXF.6YS6EN2CT7","OnDemand","$0.11308 per million change data capture units for Kinesis Data Streams in EU (Ireland)","2026-07-01","0","Inf","ChangeDataCaptureUnits","0.0000001131","USD",,,,,"AmazonDynamoDB","EU (Ireland)","AWS Region",,"DDB-Kinesis","Change Data Capture Units for Kinesis Data Streams","EU-ChangeDataCaptureUnits-Kinesis","DelegatedOperations","eu-west-1","Amazon DynamoDB",
"7HNFM9N2ATBE8ATT","JRTCKXETXF","7HNFM9N2ATBE8ATT.JRTCKXETXF.6YS6EN2CT7","OnDemand","$0.845 per million replicated IA write request units in Asia Pacific (Seoul)","2026-07-01","0","Inf","ReplicatedWriteRequestUnits","0.0000008450","USD",,,,"Amazon DynamoDB PayPerRequest Throughput","AmazonDynamoDB","Asia Pacific (Seoul)","AWS Region",,"DDB-ReplicatedWriteUnitsIA","DynamoDB PayPerRequest Replicated Write Request Units IA","APN2-IA-ReplWriteRequestUnits","PayPerRequestThroughput","ap-northeast-2","Amazon DynamoDB",
"7K5WUM95ESV9A6YE","JRTCKXETXF","7K5WUM95ESV9A6YE.JRTCKXETXF.6YS6EN2CT7","OnDemand","$0.705 per million write request units in Europe (Spain)","2026-07-01","0","Inf","WriteRequestUnits","0.0000007050","USD",,,,"Amazon DynamoDB PayPerRequest Throughput","AmazonDynamoDB","Europe (Spain)","AWS Region",,"DDB-WriteUnits","DynamoDB PayPerRequest Write Request Units","EUS2-WriteRequestUnits","PayPerRequestThroughput","eu-south-2","Amazon DynamoDB",
"7KMJ5NF63VBP5UAR","JRTCKXETXF","7KMJ5NF63VBP5UAR.JRTCKXETXF.6YS6EN2CT7","OnDemand","$0.89 per million IA write request units in Asia Pacific (Sydney)","2026-07-01","0","Inf","WriteRequestUnits","0.0000008900","USD",,,,"Amazon DynamoDB PayPerRequest Throughput","AmazonDynamoDB","Asia Pacific (Sydney)","AWS Region",,"DDB-WriteUnitsIA","DynamoDB PayPerRequest Write Request Units IA","APS2-IA-WriteRequestUnits","PayPerRequestThroughput","ap-southeast-2","Amazon DynamoDB",
"7MM5RFDMVUSVQ5BQ","JRTCKXETXF","7MM5RFDMVUSVQ5BQ.JRTCKXETXF.6YS6EN2CT7","OnDemand","USD 0.18 per GB for RestoreDataSize-Bytes in AWS GovCloud (US)","2026-07-01","0","Inf","GB","0.1800000000","USD",,,,"Amazon DynamoDB Restore Data Size","AmazonDynamoDB","AWS GovCloud (US-West)","AWS Region","Amazon DynamoDB - Backup Restore Size",,,"UGW1-RestoreDataSize-Bytes","","us-gov-west-1","Amazon DynamoDB",
"7NVCAPWWYK4MCTA8","JRTCKXETXF","7NVCAPWWYK4MCTA8.JRTCKXETXF.6YS6EN2CT7","OnDemand","$0.0008940 per hour for units of IA write capacity in Canada (Central)","2026-07-01","0","Inf","WriteCapacityUnit-Hrs","0.0008940000","USD",,,,"Provisioned IOPS","AmazonDynamoDB","Canada (Central)","AWS Region",,"DDB-WriteUnitsIA","DynamoDB Provisioned Write Units IA","CAN1-IA-WriteCapacityUnit-Hrs","CommittedThroughput","ca-central-1","Amazon DynamoDB",
"7PJ8DVXGYPTSGH8C","JRTCKXETXF","7PJ8DVXGYPTSGH8C.JRTCKXETXF.6YS6EN2CT7","OnDemand","$0.17 per GB of data restored in Europe (Spain)","2026-07-01","0","Inf","GB","0.1700000000","USD",,,,"Amazon DynamoDB Restore Data Size","AmazonDynamoDB","Europe (Spain)","AWS Region","Amazon DynamoDB - Backup Restore Size",,,"EUS2-RestoreDataSize-Bytes","","eu-south-2","Amazon DynamoDB",
"7QMRHHS4F8PDKQES","JRTCKXETXF","7QMRHHS4F8PDKQES.JRTCKXETXF.6YS6EN2CT7","OnDemand","$0.1243 per million change data capture units for Kinesis Data Streams in in Middle East (Bahrain)","2026-07-01","0","Inf","ChangeDataCaptureUnits","0.0000001244","USD",,,,,"AmazonDynamoDB","Middle East (Bahrain)","AWS Region",,"DDB-Kinesis","Change Data Capture Units for Kinesis Data Streams","MES1-ChangeDataCaptureUnits-Kinesis","DelegatedOperations","me-south-1","Amazon DynamoDB",
"7RMXSRG38CCDZ8UU","JRTCKXETXF","7RMXSRG38CCDZ8UU.JRTCKXETXF.6YS6EN2CT7","OnDemand","USD0.187 per GB for RestoreDataSize-Bytes in Middle East (Bahrain)","2026-07-01","0","Inf","GB","0.1870000000","USD",,,,"Amazon DynamoDB Restore Data Size","AmazonDynamoDB","Middle East (Bahrain)","AWS Region","Amazon DynamoDB - Backup Restore Size",,,"MES1-RestoreDataSize-Bytes","","me-south-1","Amazon DynamoDB",
"7RRJCN5WW3N79MJB","JRTCKXETXF","7RRJCN5WW3N79MJB.JRTCKXETXF.6YS6EN2CT7","OnDemand","$0.74167 per GB of IA vector write requests in Asia Pacific (Tokyo)","2026-07-01","0","Inf","GB","0.7416700000","USD",,,,"Amazon DynamoDB PayPerRequest Throughput","AmazonDynamoDB","Asia Pacific (Tokyo)","AWS Region",,,,"APN1-IA-VectorWriteRequest","","ap-northeast-1","Amazon DynamoDB",
"7RSCA8JMGWBZ92TD","JRTCKXETXF","7RSCA8JMGWBZ92TD.JRTCKXETXF.6YS6EN2CT7","OnDemand","$0.11320 per GB-Month of IA storage in Europe (Spain)","2026-07-01","0","Inf","GB-Mo","0.1132000000","USD",,,,"Database Storage","AmazonDynamoDB","Europe (Spain)","AWS Region","Amazon DynamoDB - Indexed DataStore - IA",,,"EUS2-IA-TimedStorage-ByteHrs","","eu-south-2","Amazon DynamoDB",
"7RYP776BUATYEJWZ","JRTCKXETXF","7RYP776BUATYEJWZ.JRTCKXETXF.6YS6EN2CT7","OnDemand","$0.0001983 per hour for units of IA read capacity in EU (Frankfurt)","2026-07-01","0","Inf","ReadCapacityUnit-Hrs","0.0001983000","USD",,,,"Provisioned IOPS","AmazonDynamoDB","EU (Frankfurt)","AWS Region",,"DDB-ReadUnitsIA","DynamoDB Provisioned Read Units IA","EUC1-IA-ReadCapacityUnit-Hrs","CommittedThroughput","eu-central-1","Amazon DynamoDB",
"7UKHN5RHXBZM6G3F","JRTCKXETXF","7UKHN5RHXBZM6G3F.JRTCKXETXF.6YS6EN2CT7","OnDemand","$0.7072 per GB of vector write requests in Israel (Tel Aviv)","2026-07-01","0","Inf","GB","0.7072000000","USD",,,,"Amazon DynamoDB PayPerRequest Throughput","AmazonDynamoDB","Israel (Tel Aviv)","AWS Region",,,,"ILC1-VectorWriteRequest","","il-central-1","Amazon DynamoDB","Standard"
"7VPREYYAVVNTF6HA","JRTCKXETXF","7VPREYYAVVNTF6HA.JRTCKXETXF.6YS6EN2CT7","OnDemand","$0.67 per million write request units (EU (Stockholm))","2026-07-01","0","Inf","WriteRequestUnits","0.0000006700","USD",,,,"Amazon DynamoDB PayPerRequest Throughput","AmazonDynamoDB","EU (Stockholm)","AWS Region",,"DDB-WriteUnits","DynamoDB PayPerRequest Write Request Units","EUN1-WriteRequestUnits","PayPerRequestThroughput","eu-north-1","Amazon DynamoDB",
"7WCP6CTZ5MJQK3U9","JRTCKXETXF","7WCP6CTZ5MJQK3U9.JRTCKXETXF.HBHVWY47CM","OnDemand","USD 0.0 per ReadCapacityUnit-Hrs for ReadCapacityUnit-HrsCommittedThroughput in EU (Stockholm)","2026-07-01","0","18600","ReadCapacityUnit-Hrs","0.0000000000","USD",,,,"Provisioned IOPS","AmazonDynamoDB","EU (Stockholm)","AWS Region",,"DDB-ReadUnits","DynamoDB Provisioned Read Units","EUN1-ReadCapacityUnit-Hrs","CommittedThroughput","eu-north-1","Amazon DynamoDB",
"7WCP6CTZ5MJQK3U9","JRTCKXETXF","7WCP6CTZ5MJQK3U9.JRTCKXETXF.E63J5HTPNN","OnDemand","USD 0.00014 per ReadCapacityUnit-Hrs for ReadCapacityUnit-HrsCommittedThroughput in EU (Stockholm)","2026-07-01","18600","Inf","ReadCapacityUnit-Hrs","0.0001400000","USD",,,,"Provisioned IOPS","AmazonDynamoDB","EU (Stockholm)","AWS Region",,"DDB-ReadUnits","DynamoDB Provisioned Read Units","EUN1-ReadCapacityUnit-Hrs","CommittedThroughput","eu-north-1","Amazon DynamoDB",
"7WCP6CTZ5MJQK3U9","YTVHEVGPBZ","7WCP6CTZ5MJQK3U9.YTVHEVGPBZ.6YS6EN2CT7","Reserved","Amazon DynamoDB, Reserved Read Capacity used this month","2026-08-04","0","Inf","ReadCapacityUnit-Hrs","0.0000280000","USD","1yr","Heavy Utilization","standard","Provisioned IOPS","AmazonDynamoDB","EU (Stockholm)","AWS Region",,"DDB-ReadUnits","DynamoDB Provisioned Read Units","EUN1-ReadCapacityUnit-Hrs","CommittedThroughput","eu-north-1","Amazon DynamoDB",
"7WCP6CTZ5MJQK3U9","YTVHEVGPBZ","7WCP6CTZ5MJQK3U9.YTVHEVGPBZ.2TG2D8R56U","Reserved","Upfront Fee","2026-08-04",,,"Quantity","0.322","USD","1yr","Heavy Utilization","standard","Provisioned IOPS","AmazonDynamoDB","EU (Stockholm)","AWS Region",,"DDB-ReadUnits","DynamoDB Provisioned Read Units","EUN1-ReadCapacityUnit-Hrs","CommittedThroughput","eu-north-1","Amazon DynamoDB",
"7WN3C6GDJNPC3QNB","JRTCKXETXF","7WN3C6GDJNPC3QNB.JRTCKXETXF.6YS6EN2CT7","OnDemand","$0.89 per million replicated IA write request units in Asia Pacific (Tokyo)","2026-07-01","0","Inf","ReplicatedWriteRequestUnits","0.0000008900","USD",,,,"Amazon DynamoDB PayPerRequest Throughput","AmazonDynamoDB","Asia Pacific (Tokyo)","AWS Region",,"DDB-ReplicatedWriteUnitsIA","DynamoDB PayPerRequest Replicated Write Request Units IA","APN1-IA-ReplWriteRequestUnits","PayPerRequestThroughput","ap-northeast-1","Amazon DynamoDB",
"7Z4UGB8GCJSRNRVD","JRTCKXETXF","7Z4UGB8GCJSRNRVD.JRTCKXETXF.HBHVWY47CM","OnDemand","$0.00 per hour for 25 units of replicated write capacity for a month (free tier)","2026-07-01","0","18600","ReplicatedWriteCapacityUnit-Hrs","0.0000000000","USD",,,,"DDB-Operation-ReplicatedWrite","AmazonDynamoDB","EU (Frankfurt)","AWS Region",,"DDB-ReplicatedWriteUnits","DynamoDB Provisioned Replicated Write Units","EUC1-ReplWriteCapacityUnit-Hrs","CommittedThroughput","eu-central-1","Amazon DynamoDB",
"7Z4UGB8GCJSRNRVD","JRTCKXETXF","7Z4UGB8GCJSRNRVD.JRTCKXETXF.E63J5HTPNN","OnDemand","$0.000793 per hour for units of replicated write capacity beyond the free tier","2026-07-01","18600","Inf","ReplicatedWriteCapacityUnit-Hrs","0.0007930000","USD",,,,"DDB-Operation-ReplicatedWrite","AmazonDynamoDB","EU (Frankfurt)","AWS Region",,"DDB-ReplicatedWriteUnits","DynamoDB Provisioned Replicated Write Units","EUC1-ReplWriteCapacityUnit-Hrs","CommittedThroughput","eu-central-1","Amazon DynamoDB",
"83FPV5JQ2NMUGYEA","JRTCKXETXF","83FPV5JQ2NMUGYEA.JRTCKXETXF.6YS6EN2CT7","OnDemand","$0.1485 per million read request units in EU (Milan)","2026-07-01","0","Inf","ReadRequestUnits","0.0000001485","USD",,,,"Amazon DynamoDB PayPerRequest Throughput","AmazonDynamoDB","EU (Milan)","AWS Region",,"DDB-ReadUnits","DynamoDB PayPerRequest Read Request Units","EUS1-ReadRequestUnits","PayPerRequestThroughput","eu-south-1","Amazon DynamoDB",
"845SMYS22Q73KXZQ","JRTCKXETXF","845SMYS22Q73KXZQ.JRTCKXETXF.6YS6EN2CT7","OnDemand","$0.000894 per hour for units of IA replicated write capacity in Canada (Central)","2026-07-01","0","Inf","ReplicatedWriteCapacityUnit-Hrs","0.0008940000","USD",,,,"DDB-Operation-ReplicatedWrite","AmazonDynamoDB","Canada (Central)","AWS Region",,"DDB-ReplicatedWriteUnitsIA","DynamoDB Provisioned Replicated Write Units IA","CAN1-IA-ReplWriteCapacityUnit-Hrs","CommittedThroughput","ca-central-1","Amazon DynamoDB",
"854ENPK4YJS8ZHV9","JRTCKXETXF","854ENPK4YJS8ZHV9.JRTCKXETXF.HBHVWY47CM","OnDemand","$0.00 per hour for 25 units of write capacity for a month (free tier)in Asia Pacific (Hyderabad)","2026-07-01","0","18600","WriteCapacityUnit-Hrs","0.0000000000","USD",,,,"Provisioned IOPS","AmazonDynamoDB","Asia Pacific (Hyderabad)","AWS Region",,"DDB-WriteUnits","DynamoDB Provisioned Write Units","APS5-WriteCapacityUnit-Hrs","CommittedThroughput","ap-south-2","Amazon DynamoDB",
"854ENPK4YJS8ZHV9","JRTCKXETXF","854ENPK4YJS8ZHV9.JRTCKXETXF.E63J5HTPNN","OnDemand","$0.00074 per hour for units of write capacity beyond the free tier in Asia Pacific (Hyderabad)","2026-07-01","18600","Inf","WriteCapacityUnit-Hrs","0.0007400000","USD",,,,"Provisioned IOPS","AmazonDynamoDB","Asia Pacific (Hyderabad)","AWS Region",,"DDB-WriteUnits","DynamoDB Provisioned Write Units","APS5-WriteCapacityUnit-Hrs","CommittedThroughput","ap-south-2","Amazon DynamoDB",
"854ENPK4YJS8ZHV9","YTVHEVGPBZ","854ENPK4YJS8ZHV9.YTVHEVGPBZ.6YS6EN2CT7","Reserved","Amazon DynamoDB, Reserved Write Capacity used this month","2026-08-04","0","Inf","WriteCapacityUnit-Hrs","0.0001460000","USD","1yr","Heavy Utilization","standard","Provisioned IOPS","AmazonDynamoDB","Asia Pacific (Hyderabad)","AWS Region",,"DDB-WriteUnits","DynamoDB Provisioned Write Units","APS5-WriteCapacityUnit-Hrs","CommittedThroughput","ap-south-2","Amazon DynamoDB",
"854ENPK4YJS8ZHV9","YTVHEVGPBZ","854ENPK4YJS8ZHV9.YTVHEVGPBZ.2TG2D8R56U","Reserved","Upfront Fee","2026-08-04",,,"Quantity","1.71","USD","1yr","Heavy Utilization","standard","Provisioned IOPS","AmazonDynamoDB","Asia Pacific (Hyderabad)","AWS Region",,"DDB-WriteUnits","DynamoDB Provisioned Write Units","APS5-WriteCapacityUnit-Hrs","CommittedThroughput","ap-south-2","Amazon DynamoDB",
"8883HXVTNA84YK78","JRTCKXETXF","8883HXVTNA84YK78.JRTCKXETXF.6YS6EN2CT7","OnDemand","$0.168 per million read request units in Europe (Zurich)","2026-07-01","0","Inf","ReadRequestUnits","0.0000001680","USD",,,,"Amazon DynamoDB PayPerRequest Throughput","AmazonDynamoDB","Europe (Zurich)","AWS Region",,"DDB-ReadUnits","DynamoDB PayPerRequest Read Request Units","EUC2-ReadRequestUnits","PayPerRequestThroughput","eu-central-2","Amazon DynamoDB",
"88UGKEJXFZQCE36A","JRTCKXETXF","88UGKEJXFZQCE36A.JRTCKXETXF.6YS6EN2CT7","OnDemand","$0.1710 per GB for data import in Asia Pacific (Mumbai)","2026-07-01","0","Inf","GB","0.1710000000","USD",,,,"Amazon DynamoDB Import Data Size","AmazonDynamoDB","Asia Pacific (Mumbai)","AWS Region","Amazon DynamoDB - Import Size",,,"APS3-ImportDataSize-Bytes","","ap-south-1","Amazon DynamoDB",
"8BBJK67JJ5HYGJNU","JRTCKXETXF","8BBJK67JJ5HYGJNU.JRTCKXETXF.HBHVWY47CM","OnDemand","$0.00 per hour for 25 units of replicated write capacity for a month (free tier)","2026-07-01","0","18600","ReplicatedWriteCapacityUnit-Hrs","0.0000000000","USD",,,,"DDB-Operation-ReplicatedWrite","AmazonDynamoDB","Asia Pacific (Seoul)","AWS Region",,"DDB-ReplicatedWriteUnits","DynamoDB Provisioned Replicated Write Units","APN2-ReplWriteCapacityUnit-Hrs","CommittedThroughput","ap-northeast-2","Amazon DynamoDB",
"8BBJK67JJ5HYGJNU","JRTCKXETXF","8BBJK67JJ5HYGJNU.JRTCKXETXF.E63J5HTPNN","OnDemand","$0.0007049 per hour for units of replicated write capacity beyond the free tier","2026-07-01","18600","Inf","ReplicatedWriteCapacityUnit-Hrs","0.0007049000","USD",,,,"DDB-Operation-ReplicatedWrite","AmazonDynamoDB","Asia Pacific (Seoul)","AWS Region",,"DDB-ReplicatedWriteUnits","DynamoDB Provisioned Replicated Write Units","APN2-ReplWriteCapacityUnit-Hrs","CommittedThroughput","ap-northeast-2","Amazon DynamoDB",
"8BMKSHZNW5CVQKKZ","JRTCKXETXF","8BMKSHZNW5CVQKKZ.JRTCKXETXF.G2A93NZ7DT","OnDemand","$0.00 per GB-Month of storage for first 25 free GB-Months","2026-07-01","0","25","GB-Mo","0.0000000000","USD",,,,"Database Storage","AmazonDynamoDB","EU (London)","AWS Region","Amazon DynamoDB - Indexed DataStore",,,"EUW2-TimedStorage-ByteHrs","","eu-west-2","Amazon DynamoDB",
"8BMKSHZNW5CVQKKZ","JRTCKXETXF","8BMKSHZNW5CVQKKZ.JRTCKXETXF.VYAP54KATQ","OnDemand","$0.29715 per GB-Month of storage used beyond first 25 free GB-Months","2026-07-01","25","Inf","GB-Mo","0.2971500000","USD",,,,"Database Storage","AmazonDynamoDB","EU (London)","AWS Region","Amazon DynamoDB - Indexed DataStore",,,"EUW2-TimedStorage-ByteHrs","","eu-west-2","Amazon DynamoDB",
"8C68RVDU9ZXXZZ3X","JRTCKXETXF","8C68RVDU9ZXXZZ3X.JRTCKXETXF.6YS6EN2CT7","OnDemand","$0.1139 per million change data capture units for Kinesis Data Streams in Asia Pacific (Jakarta)","2026-07-01","0","Inf","ChangeDataCaptureUnits","0.0000001139","USD",,,,,"AmazonDynamoDB","Asia Pacific (Jakarta)","AWS Region",,"DDB-Kinesis","Change Data Capture Units for Kinesis Data Streams","APS4-ChangeDataCaptureUnits-Kinesis","DelegatedOperations","ap-southeast-3","Amazon DynamoDB",
"8DESTQXZQ4YHNM3W","JRTCKXETXF","8DESTQXZQ4YHNM3W.JRTCKXETXF.HBHVWY47CM","OnDemand","$0.00 per hour for 25 units of read capacity for a month (free tier) in Africa (Cape Town)","2026-07-01","0","18600","ReadCapacityUnit-Hrs","0.0000000000","USD",,,,"Provisioned IOPS","AmazonDynamoDB","Africa (Cape Town)","AWS Region",,"DDB-ReadUnits","DynamoDB Provisioned Read Units","AFS1-ReadCapacityUnit-Hrs","CommittedThroughput","af-south-1","Amazon DynamoDB",
"8DESTQXZQ4YHNM3W","JRTCKXETXF","8DESTQXZQ4YHNM3W.JRTCKXETXF.E63J5HTPNN","OnDemand","$0.00017493 per hour for units of read capacity beyond the free tier in Africa (Cape Town)","2026-07-01","18600","Inf","ReadCapacityUnit-Hrs","0.0001749300","USD",,,,"Provisioned IOPS","AmazonDynamoDB","Africa (Cape Town)","AWS Region",,"DDB-ReadUnits","DynamoDB Provisioned Read Units","AFS1-ReadCapacityUnit-Hrs","CommittedThroughput","af-south-1","Amazon DynamoDB",
"8DESTQXZQ4YHNM3W","YTVHEVGPBZ","8DESTQXZQ4YHNM3W.YTVHEVGPBZ.6YS6EN2CT7","Reserved","Amazon DynamoDB, Reserved Read Capacity used this month","2026-08-04","0","Inf","ReadCapacityUnit-Hrs","0.0000350000","USD","1yr","Heavy Utilization","standard","Provisioned IOPS","AmazonDynamoDB","Africa (Cape Town)","AWS Region",,"DDB-ReadUnits","DynamoDB Provisioned Read Units","AFS1-ReadCapacityUnit-Hrs","CommittedThroughput","af-south-1","Amazon DynamoDB",
"8DESTQXZQ4YHNM3W","YTVHEVGPBZ","8DESTQXZQ4YHNM3W.YTVHEVGPBZ.2TG2D8R56U","Reserved","Upfront Fee","2026-08-04",,,"Quantity","0.40341","USD","1yr","Heavy Utilization","standard","Provisioned IOPS","AmazonDynamoDB","Africa (Cape Town)","AWS Region",,"DDB-ReadUnits","DynamoDB Provisioned Read Units","AFS1-ReadCapacityUnit-Hrs","CommittedThroughput","af-south-1","Amazon DynamoDB",
"8H4PETHZCCB7QCAC","JRTCKXETXF","8H4PETHZCCB7QCAC.JRTCKXETXF.6YS6EN2CT7","OnDemand","$0.1700 per GB for data import in Europe (Spain)","2026-07-01","0","Inf","GB","0.1700000000","USD",,,,"Amazon DynamoDB Import Data Size","AmazonDynamoDB","Europe (Spain)","AWS Region","Amazon DynamoDB - Import Size",,,"EUS2-ImportDataSize-Bytes","","eu-south-2","Amazon DynamoDB",
"8HSZJQZNGRZME9FJ","JRTCKXETXF","8HSZJQZNGRZME9FJ.JRTCKXETXF.6YS6EN2CT7","OnDemand","$0.00078 per hour for units of Replicated Write Capacity in AWS GovCloud (US-East)","2026-07-01","0","Inf","ReplicatedWriteCapacityUnit-Hrs","0.0007800000","USD",,,,"DDB-Operation-ReplicatedWrite","AmazonDynamoDB","AWS GovCloud (US-East)","AWS Region",,"DDB-ReplicatedWriteUnits","DynamoDB Provisioned Replicated Write Units","UGE1-ReplWriteCapacityUnit-Hrs","CommittedThroughput","us-gov-east-1","Amazon DynamoDB",
"8P665SQQM8VKTUCR","JRTCKXETXF","8P665SQQM8VKTUCR.JRTCKXETXF.6YS6EN2CT7","OnDemand","$0.12000 per GB-Month of IA storage in AWS GovCloud (US-West)","2026-07-01","0","Inf","GB-Mo","0.1200000000","USD",,,,"Database Storage","AmazonDynamoDB","AWS GovCloud (US-West)","AWS Region","Amazon DynamoDB - Indexed DataStore - IA",,,"UGW1-IA-TimedStorage-ByteHrs","","us-gov-west-1","Amazon DynamoDB",
"8Q2264X7AT2QU2CQ","JRTCKXETXF","8Q2264X7AT2QU2CQ.JRTCKXETXF.HBHVWY47CM","OnDemand","$0.0 per hour for 25 units of Replicated Write Capacity for a month (free tier) in EU (Milan)","2026-07-01","0","18600","ReplicatedWriteCapacityUnit-Hrs","0.0000000000","USD",,,,"DDB-Operation-ReplicatedWrite","AmazonDynamoDB","EU (Milan)","AWS Region",,"DDB-ReplicatedWriteUnits","DynamoDB Provisioned Replicated Write Units","EUS1-ReplWriteCapacityUnit-Hrs","CommittedThroughput","eu-south-1","Amazon DynamoDB",
"8Q2264X7AT2QU2CQ","JRTCKXETXF","8Q2264X7AT2QU2CQ.JRTCKXETXF.E63J5HTPNN","OnDemand","$0.00077175 per hour for units of Replicated Write Capacity in EU (Milan)","2026-07-01","18600","Inf","ReplicatedWriteCapacityUnit-Hrs","0.0007717500","USD",,,,"DDB-Operation-ReplicatedWrite","AmazonDynamoDB","EU (Milan)","AWS Region",,"DDB-ReplicatedWriteUnits","DynamoDB Provisioned Replicated Write Units","EUS1-ReplWriteCapacityUnit-Hrs","CommittedThroughput","eu-south-1","Amazon DynamoDB",
"8Q6HK3ASV67MN388","JRTCKXETXF","8Q6HK3ASV67MN388.JRTCKXETXF.G2A93NZ7DT","OnDemand","$0.00 per GB-Month of storage for first 25 free GB-Months","2026-07-01","0","25","GB-Mo","0.0000000000","USD",,,,"Database Storage","AmazonDynamoDB","Asia Pacific (Mumbai)","AWS Region","Amazon DynamoDB - Indexed DataStore",,,"APS3-TimedStorage-ByteHrs","","ap-south-1","Amazon DynamoDB",
"8Q6HK3ASV67MN388","JRTCKXETXF","8Q6HK3ASV67MN388.JRTCKXETXF.VYAP54KATQ","OnDemand","$0.285 per GB-Month of storage used beyond first 25 free GB-Months","2026-07-01","25","Inf","GB-Mo","0.2850000000","USD",,,,"Database Storage","AmazonDynamoDB","Asia Pacific (Mumbai)","AWS Region","Amazon DynamoDB - Indexed DataStore",,,"APS3-TimedStorage-ByteHrs","","ap-south-1","Amazon DynamoDB",
"8Q8AHTFYVSSGC2ZR","JRTCKXETXF","8Q8AHTFYVSSGC2ZR.JRTCKXETXF.6YS6EN2CT7","OnDemand","$0.89 per million replicated IA write request units in Asia Pacific (Melbourne)","2026-07-01","0","Inf","ReplicatedWriteRequestUnits","0.0000008900","USD",,,,"Amazon DynamoDB PayPerRequest Throughput","AmazonDynamoDB","Asia Pacific (Melbourne)","AWS Region",,"DDB-ReplicatedWriteUnitsIA","DynamoDB PayPerRequest Replicated Write Request Units IA","APS6-IA-ReplWriteRequestUnits","PayPerRequestThroughput","ap-southeast-4","Amazon DynamoDB",
"8S6HRZSSTV4FR6PA","JRTCKXETXF","8S6HRZSSTV4FR6PA.JRTCKXETXF.6YS6EN2CT7","OnDemand","$0.0001762 per hour for units of IA read capacity in Asia Pacific (Seoul)","2026-07-01","0","Inf","ReadCapacityUnit-Hrs","0.0001762000","USD",,,,"Provisioned IOPS","AmazonDynamoDB","Asia Pacific (Seoul)","AWS Region",,"DDB-ReadUnitsIA","DynamoDB Provisioned Read Units IA","APN2-IA-ReadCapacityUnit-Hrs","CommittedThroughput","ap-northeast-2","Amazon DynamoDB",
"8SCAJG5CG39TR6WQ","JRTCKXETXF","8SCAJG5CG39TR6WQ.JRTCKXETXF.6YS6EN2CT7","OnDemand","$0.89 per million ReplicatedWriteRequestUnits for IA in Asia Pacific (Jakarta)","2026-07-01","0","Inf","ReplicatedWriteRequestUnits","0.0000008900","USD",,,,"Amazon DynamoDB PayPerRequest Throughput","AmazonDynamoDB","Asia Pacific (Jakarta)","AWS Region",,"DDB-ReplicatedWriteUnitsIA","DynamoDB PayPerRequest Replicated Write Request Units IA","APS4-IA-ReplWriteRequestUnits","PayPerRequestThroughput","ap-southeast-3","Amazon DynamoDB",
"8SV8ZJPJ2GUHP73H","JRTCKXETXF","8SV8ZJPJ2GUHP73H.JRTCKXETXF.6YS6EN2CT7","OnDemand","$0.7423 per million ReplicatedWriteRequestUnit in EU (Paris)","2026-07-01","0","Inf","ReplicatedWriteRequestUnits","0.0000007423","USD",,,,"Amazon DynamoDB PayPerRequest Throughput","AmazonDynamoDB","EU (Paris)","AWS Region",,"DDB-ReplicatedWriteUnits","DynamoDB PayPerRequest Replicated Write Request Units","EUW3-ReplWriteRequestUnits","PayPerRequestThroughput","eu-west-3","Amazon DynamoDB",
"8T7ASBFMBDSRGUQF","JRTCKXETXF","8T7ASBFMBDSRGUQF.JRTCKXETXF.6YS6EN2CT7","OnDemand","$0.775 per million ReplicatedWriteRequestUnits in Middle East (Bahrain)","2026-07-01","0","Inf","ReplicatedWriteRequestUnits","0.0000007750","USD",,,,"Amazon DynamoDB PayPerRequest Throughput","AmazonDynamoDB","Middle East (Bahrain)","AWS Region",,"DDB-ReplicatedWriteUnits","DynamoDB PayPerRequest Replicated Write Request Units","MES1-ReplWriteRequestUnits","PayPerRequestThroughput","me-south-1","Amazon DynamoDB",
"8U7RVP9KWZHUDNR2","JRTCKXETXF","8U7RVP9KWZHUDNR2.JRTCKXETXF.6YS6EN2CT7","OnDemand","$0.1881 per GB for data import in Asia Pacific (Hong Kong)","2026-07-01","0","Inf","GB","0.1881000000","USD",,,,"Amazon DynamoDB Import Data Size","AmazonDynamoDB","Asia Pacific (Hong Kong)","AWS Region","Amazon DynamoDB - Import Size",,,"APE1-ImportDataSize-Bytes","","ap-east-1","Amazon DynamoDB",
"8V7J77326PM32323","JRTCKXETXF","8V7J77326PM32323.JRTCKXETXF.6YS6EN2CT7","OnDemand","$0.9279 per million replicated IA write request units in EU (London)","2026-07-01","0","Inf","ReplicatedWriteRequestUnits","0.0000009279","USD",,,,"Amazon DynamoDB PayPerRequest Throughput","AmazonDynamoDB","EU (London)","AWS Region",,"DDB-ReplicatedWriteUnitsIA","DynamoDB PayPerRequest Replicated Write Request Units IA","EUW2-IA-ReplWriteRequestUnits","PayPerRequestThroughput","eu-west-2","Amazon DynamoDB",
"8V8GNJSB5W9FXEY3","JRTCKXETXF","8V8GNJSB5W9FXEY3.JRTCKXETXF.6YS6EN2CT7","OnDemand","$0.89 per million IA write request units in Asia Pacific (Mumbai)","2026-07-01","0","Inf","WriteRequestUnits","0.0000008900","USD",,,,"Amazon DynamoDB PayPerRequest Throughput","AmazonDynamoDB","Asia Pacific (Mumbai)","AWS Region",,"DDB-WriteUnitsIA","DynamoDB PayPerRequest Write Request Units IA","APS3-IA-WriteRequestUnits","PayPerRequestThroughput","ap-south-1","Amazon DynamoDB",
"8VDNXJR8XKT8E8Q7","JRTCKXETXF","8VDNXJR8XKT8E8Q7.JRTCKXETXF.6YS6EN2CT7","OnDemand","$0.178 per million IA read request units in Asia Pacific (Hyderabad)","2026-07-01","0","Inf","ReadRequestUnits","0.0000001780","USD",,,,"Amazon DynamoDB PayPerRequest Throughput","AmazonDynamoDB","Asia Pacific (Hyderabad)","AWS Region",,"DDB-ReadUnitsIA","DynamoDB PayPerRequest Read Request Units IA","APS5-IA-ReadRequestUnits","PayPerRequestThroughput","ap-south-2","Amazon DynamoDB",
"8W4GZTZFBHDXADNZ","JRTCKXETXF","8W4GZTZFBHDXADNZ.JRTCKXETXF.6YS6EN2CT7","OnDemand","$0.00378 per GB of IA vector data searched in South America (Sao Paulo)","2026-07-01","0","Inf","GB","0.0037800000","USD",,,,"Amazon DynamoDB PayPerRequest Throughput","AmazonDynamoDB","South America (Sao Paulo)","AWS Region",,,,"SAE1-IA-VectorSearch","","sa-east-1","Amazon DynamoDB",
"8XK4KFKHCM6GMZJQ","JRTCKXETXF","8XK4KFKHCM6GMZJQ.JRTCKXETXF.6YS6EN2CT7","OnDemand","$0.2200 per GB-Mo for TimedPITRStorage-ByteHrs in Canada West (Calgary)","2026-07-01","0","Inf","GB-Mo","0.2200000000","USD",,,,"Database Storage","AmazonDynamoDB","Canada West (Calgary)","AWS Region","Amazon DynamoDB - Point-In-Time-Restore (PITR) Backup Storage",,,"CAN2-TimedPITRStorage-ByteHrs","","ca-west-1","Amazon DynamoDB",
"8XWHVEF7W87SRCH8","JRTCKXETXF","8XWHVEF7W87SRCH8.JRTCKXETXF.HBHVWY47CM","OnDemand","USD 0.0 per WriteCapacityUnit-Hrs for WriteCapacityUnit-HrsCommittedThroughput in EU (Stockholm)","2026-07-01","0","18600","WriteCapacityUnit-Hrs","0.0000000000","USD",,,,"Provisioned IOPS","AmazonDynamoDB","EU (Stockholm)","AWS Region",,"DDB-WriteUnits","DynamoDB Provisioned Write Units","EUN1-WriteCapacityUnit-Hrs","CommittedThroughput","eu-north-1","Amazon DynamoDB",
"8XWHVEF7W87SRCH8","JRTCKXETXF","8XWHVEF7W87SRCH8.JRTCKXETXF.E63J5HTPNN","OnDemand","USD 0.000698 per WriteCapacityUnit-Hrs for WriteCapacityUnit-HrsCommittedThroughput in EU (Stockholm)","2026-07-01","18600","Inf","WriteCapacityUnit-Hrs","0.0006980000","USD",,,,"Provisioned IOPS","AmazonDynamoDB","EU (Stockholm)","AWS Region",,"DDB-WriteUnits","DynamoDB Provisioned Write Units","EUN1-WriteCapacityUnit-Hrs","CommittedThroughput","eu-north-1","Amazon DynamoDB",
"8XWHVEF7W87SRCH8","YTVHEVGPBZ","8XWHVEF7W87SRCH8.YTVHEVGPBZ.6YS6EN2CT7","Reserved","Amazon DynamoDB, Reserved Write Capacity used this month","2026-08-04","0","Inf","WriteCapacityUnit-Hrs","0.0001380000","USD","1yr","Heavy Utilization","standard","Provisioned IOPS","AmazonDynamoDB","EU (Stockholm)","AWS Region",,"DDB-WriteUnits","DynamoDB Provisioned Write Units","EUN1-WriteCapacityUnit-Hrs","CommittedThroughput","eu-north-1","Amazon DynamoDB",
"8XWHVEF7W87SRCH8","YTVHEVGPBZ","8XWHVEF7W87SRCH8.YTVHEVGPBZ.2TG2D8R56U","Reserved","Upfront Fee","2026-08-04",,,"Quantity","1.61","USD","1yr","Heavy Utilization","standard","Provisioned IOPS","AmazonDynamoDB","EU (Stockholm)","AWS Region",,"DDB-WriteUnits","DynamoDB Provisioned Write Units","EUN1-WriteCapacityUnit-Hrs","CommittedThroughput","eu-north-1","Amazon DynamoDB",
"929YHNJB836DANWG","JRTCKXETXF","929YHNJB836DANWG.JRTCKXETXF.6YS6EN2CT7","OnDemand","$0.0001840 per hour for units of IA read capacity in EU (Ireland)","2026-07-01","0","Inf","ReadCapacityUnit-Hrs","0.0001840000","USD",,,,"Provisioned IOPS","AmazonDynamoDB","EU (Ireland)","AWS Region",,"DDB-ReadUnitsIA","DynamoDB Provisioned Read Units IA","EU-IA-ReadCapacityUnit-Hrs","CommittedThroughput","eu-west-1","Amazon DynamoDB",
"95PADFPG2ZCSHMCK","JRTCKXETXF","95PADFPG2ZCSHMCK.JRTCKXETXF.6YS6EN2CT7","OnDemand","$0.11400 per GB-Month of IA storage in Asia Pacific (Jakarta)","2026-07-01","0","Inf","GB-Mo","0.1140000000","USD",,,,"Database Storage","AmazonDynamoDB","Asia Pacific (Jakarta)","AWS Region","Amazon DynamoDB - Indexed DataStore - IA",,,"APS4-IA-TimedStorage-ByteHrs","","ap-southeast-3","Amazon DynamoDB",
"96DM6VWSJ2ASQ6GW","JRTCKXETXF","96DM6VWSJ2ASQ6GW.JRTCKXETXF.6YS6EN2CT7","OnDemand","$0.00228 per GB of vector data searched in Asia Pacific (Melbourne)","2026-07-01","0","Inf","GB","0.0022800000","USD",,,,"Amazon DynamoDB PayPerRequest Throughput","AmazonDynamoDB","Asia Pacific (Melbourne)","AWS Region",,,,"APS6-VectorSearch","","ap-southeast-4","Amazon DynamoDB","Standard"
"986D2WGUQX28VVPF","JRTCKXETXF","986D2WGUQX28VVPF.JRTCKXETXF.6YS6EN2CT7","OnDemand","$0.0009647 per hour for units of IA write capacity in Africa (Cape Town)","2026-07-01","0","Inf","WriteCapacityUnit-Hrs","0.0009647000","USD",,,,"Provisioned IOPS","AmazonDynamoDB","Africa (Cape Town)","AWS Region",,"DDB-WriteUnitsIA","DynamoDB Provisioned Write Units IA","AFS1-IA-WriteCapacityUnit-Hrs","CommittedThroughput","af-south-1","Amazon DynamoDB",
"98HXVMQU88MFB9R9","JRTCKXETXF","98HXVMQU88MFB9R9.JRTCKXETXF.6YS6EN2CT7","OnDemand","$0.00302 per GB of IA vector data searched in AWS GovCloud (US-East)","2026-07-01","0","Inf","GB","0.0030200000","USD",,,,"Amazon DynamoDB PayPerRequest Throughput","AmazonDynamoDB","AWS GovCloud (US-East)","AWS Region",,,,"UGE1-IA-VectorSearch","","us-gov-east-1","Amazon DynamoDB",
"993AHFWGEPUEC3HE","JRTCKXETXF","993AHFWGEPUEC3HE.JRTCKXETXF.6YS6EN2CT7","OnDemand","$0.0009765 per hour for DynamoDB Provisioned IA Replicated Write Units in Asia Pacific (New Zealand)","2026-07-01","0","Inf","ReplicatedWriteCapacityUnit-Hrs","0.0009765000","USD",,,,"DDB-Operation-ReplicatedWrite","AmazonDynamoDB","Asia Pacific (New Zealand)","AWS Region",,"DDB-ReplicatedWriteUnitsIA","DynamoDB Provisioned Replicated Write Units IA","APS8-IA-ReplWriteCapacityUnit-Hrs","CommittedThroughput","ap-southeast-6","Amazon DynamoDB",
"9AQ3ZS6RTEZN8ZZS","JRTCKXETXF","9AQ3ZS6RTEZN8ZZS.JRTCKXETXF.6YS6EN2CT7","OnDemand","$0.10830 per GB-Month of IA storage in Asia Pacific (Seoul)","2026-07-01","0","Inf","GB-Mo","0.1083000000","USD",,,,"Database Storage","AmazonDynamoDB","Asia Pacific (Seoul)","AWS Region","Amazon DynamoDB - Indexed DataStore - IA",,,"APN2-IA-TimedStorage-ByteHrs","","ap-northeast-2","Amazon DynamoDB",
"9BQBPHNPQFT8EBRE","JRTCKXETXF","9BQBPHNPQFT8EBRE.JRTCKXETXF.6YS6EN2CT7","OnDemand","$0.1197 per GB-Mo of IA storage for Amazon DynamoDB in Asia Pacific (New Zealand)","2026-07-01","0","Inf","GB-Mo","0.1197000000","USD",,,,"Database Storage","AmazonDynamoDB","Asia Pacific (New Zealand)","AWS Region","Amazon DynamoDB - Indexed DataStore - IA",,,"APS8-IA-TimedStorage-ByteHrs","","ap-southeast-6","Amazon DynamoDB",
"9BW4QGCUV9UYPUJ8","JRTCKXETXF","9BW4QGCUV9UYPUJ8.JRTCKXETXF.6YS6EN2CT7","OnDemand","$0.75 per million Replicated Write Request Units in AWS GovCloud (US-East)","2026-07-01","0","Inf","ReplicatedWriteRequestUnits","0.0000007500","USD",,,,"Amazon DynamoDB PayPerRequest Throughput","AmazonDynamoDB","AWS GovCloud (US-East)","AWS Region",,"DDB-ReplicatedWriteUnits","DynamoDB PayPerRequest Replicated Write Request Units","UGE1-ReplWriteRequestUnits","PayPerRequestThroughput","us-gov-east-1","Amazon DynamoDB",
"9CAND3JT2R9NWRZ5","JRTCKXETXF","9CAND3JT2R9NWRZ5.JRTCKXETXF.HBHVWY47CM","OnDemand","$0.00 per hour for 25 units of write capacity for a month (free tier)","2026-07-01","0","18600","WriteCapacityUnit-Hrs","0.0000000000","USD",,,,"Provisioned IOPS","AmazonDynamoDB","Asia Pacific (Mumbai)","AWS Region",,"DDB-WriteUnits","DynamoDB Provisioned Write Units","APS3-WriteCapacityUnit-Hrs","CommittedThroughput","ap-south-1","Amazon DynamoDB",
"9CAND3JT2R9NWRZ5","JRTCKXETXF","9CAND3JT2R9NWRZ5.JRTCKXETXF.E63J5HTPNN","OnDemand","$0.00074 per hour for units of write capacity beyond the free tier","2026-07-01","18600","Inf","WriteCapacityUnit-Hrs","0.0007400000","USD",,,,"Provisioned IOPS","AmazonDynamoDB","Asia Pacific (Mumbai)","AWS Region",,"DDB-WriteUnits","DynamoDB Provisioned Write Units","APS3-WriteCapacityUnit-Hrs","CommittedThroughput","ap-south-1","Amazon DynamoDB",
"9CAND3JT2R9NWRZ5","VG8YD49WWM","9CAND3JT2R9NWRZ5.VG8YD49WWM.6YS6EN2CT7","Reserved","Amazon DynamoDB, Reserved Write Capacity used this month","2026-08-04","0","Inf","WriteCapacityUnit-Hrs","0.0000930000","USD","3yr","Heavy Utilization","standard","Provisioned IOPS","AmazonDynamoDB","Asia Pacific (Mumbai)","AWS Region",,"DDB-WriteUnits","DynamoDB Provisioned Write Units","APS3-WriteCapacityUnit-Hrs","CommittedThroughput","ap-south-1","Amazon DynamoDB",
"9CAND3JT2R9NWRZ5","VG8YD49WWM","9CAND3JT2R9NWRZ5.VG8YD49WWM.2TG2D8R56U","Reserved","Upfront Fee","2026-08-04",,,"Quantity","2.052","USD","3yr","Heavy Utilization","standard","Provisioned IOPS","AmazonDynamoDB","Asia Pacific (Mumbai)","AWS Region",,"DDB-WriteUnits","DynamoDB Provisioned Write Units","APS3-WriteCapacityUnit-Hrs","CommittedThroughput","ap-south-1","Amazon DynamoDB",
"9CAND3JT2R9NWRZ5","YTVHEVGPBZ","9CAND3JT2R9NWRZ5.YTVHEVGPBZ.6YS6EN2CT7","Reserved","Amazon DynamoDB, Reserved Write Capacity used this month","2026-08-04","0","Inf","WriteCapacityUnit-Hrs","0.0001460000","USD","1yr","Heavy Utilization","standard","Provisioned IOPS","AmazonDynamoDB","Asia Pacific (Mumbai)","AWS Region",,"DDB-WriteUnits","DynamoDB Provisioned Write Units","APS3-WriteCapacityUnit-Hrs","CommittedThroughput","ap-south-1","Amazon DynamoDB",
"9CAND3JT2R9NWRZ5","YTVHEVGPBZ","9CAND3JT2R9NWRZ5.YTVHEVGPBZ.2TG2D8R56U","Reserved","Upfront Fee","2026-08-04",,,"Quantity","1.71","USD","1yr","Heavy Utilization","standard","Provisioned IOPS","AmazonDynamoDB","Asia Pacific (Mumbai)","AWS Region",,"DDB-WriteUnits","DynamoDB Provisioned Write Units","APS3-WriteCapacityUnit-Hrs","CommittedThroughput","ap-south-1","Amazon DynamoDB",
"9CRME6TQWDMQSRTM","JRTCKXETXF","9CRME6TQWDMQSRTM.JRTCKXETXF.6YS6EN2CT7","OnDemand","$0.000837 per hour for units of IA write capacity in Asia Pacific (Malaysia)","2026-07-01","0","Inf","WriteCapacityUnit-Hrs","0.0008370000","USD",,,,"Provisioned IOPS","AmazonDynamoDB","Asia Pacific (Malaysia)","AWS Region",,"DDB-WriteUnitsIA","DynamoDB Provisioned Write Units IA","APS7-IA-WriteCapacityUnit-Hrs","CommittedThroughput","ap-southeast-5","Amazon DynamoDB",
"9ETUE8SCYDPM9XX9","JRTCKXETXF","9ETUE8SCYDPM9XX9.JRTCKXETXF.6YS6EN2CT7","OnDemand","$0.00269 per GB of vector data searched in Africa (Cape Town)","2026-07-01","0","Inf","GB","0.0026900000","USD",,,,"Amazon DynamoDB PayPerRequest Throughput","AmazonDynamoDB","Africa (Cape Town)","AWS Region",,,,"AFS1-VectorSearch","","af-south-1","Amazon DynamoDB","Standard"
"9F7T7RJ2NK3F5PKW","JRTCKXETXF","9F7T7RJ2NK3F5PKW.JRTCKXETXF.G2A93NZ7DT","OnDemand","$0.00 per GB-Mo of storage from 0 to 25 for Amazon DynamoDB in Mexico (Central)","2026-07-01","0","25","GB-Mo","0.0000000000","USD",,,,"Database Storage","AmazonDynamoDB","Mexico (Central)","AWS Region","Amazon DynamoDB - Indexed DataStore",,,"MXC1-TimedStorage-ByteHrs","","mx-central-1","Amazon DynamoDB",
"9F7T7RJ2NK3F5PKW","JRTCKXETXF","9F7T7RJ2NK3F5PKW.JRTCKXETXF.VYAP54KATQ","OnDemand","$0.2625 per GB-Mo of storage beyond 25 for Amazon DynamoDB in Mexico (Central)","2026-07-01","25","Inf","GB-Mo","0.2625000000","USD",,,,"Database Storage","AmazonDynamoDB","Mexico (Central)","AWS Region","Amazon DynamoDB - Indexed DataStore",,,"MXC1-TimedStorage-ByteHrs","","mx-central-1","Amazon DynamoDB",
"9G7XEGBNEMAXT6EE","JRTCKXETXF","9G7XEGBNEMAXT6EE.JRTCKXETXF.6YS6EN2CT7","OnDemand","$0.7625 per million write request units (EU Central(Frankfurt))","2026-07-01","0","Inf","WriteRequestUnits","0.0000007625","USD",,,,"Amazon DynamoDB PayPerRequest Throughput","AmazonDynamoDB","EU (Frankfurt)","AWS Region",,"DDB-WriteUnits","DynamoDB PayPerRequest Write Request Units","EUC1-WriteRequestUnits","PayPerRequestThroughput","eu-central-1","Amazon DynamoDB",
"9HGBWJU6RANR5U7Y","JRTCKXETXF","9HGBWJU6RANR5U7Y.JRTCKXETXF.6YS6EN2CT7","OnDemand","$0.10000 per million change data capture units for AWS Glue Elastic Views in US East (N. Virginia)","2026-07-01","0","Inf","ChangeDataCaptureUnits","0.0000001000","USD",,,,,"AmazonDynamoDB","US East (N. Virginia)","AWS Region",,"DDB-ElasticViews","Change Data Capture Units for AWS Glue Elastic Views","USE1-ChangeDataCaptureUnits-ElasticViews","DelegatedOperations","us-east-1","Amazon DynamoDB",
"9HWETRYDJA8C3EU2","JRTCKXETXF","9HWETRYDJA8C3EU2.JRTCKXETXF.6YS6EN2CT7","OnDemand","$0.0009765 per hour for DynamoDB Provisioned IA Write Capacity Units in Asia Pacific (New Zealand)","2026-07-01","0","Inf","WriteCapacityUnit-Hrs","0.0009765000","USD",,,,"Provisioned IOPS","AmazonDynamoDB","Asia Pacific (New Zealand)","AWS Region",,"DDB-WriteUnitsIA","DynamoDB Provisioned Write Units IA","APS8-IA-WriteCapacityUnit-Hrs","CommittedThroughput","ap-southeast-6","Amazon DynamoDB",
"9KB7PN7UJM4ENTYX","JRTCKXETXF","9KB7PN7UJM4ENTYX.JRTCKXETXF.HBHVWY47CM","OnDemand","$0 per hour for 18,600 units of DynamoDB Provisioned Replicated Write Units in Mexico (Central)","2026-07-01","0","18600","ReplicatedWriteCapacityUnit-Hrs","0.0000000000","USD",,,,"DDB-Operation-ReplicatedWrite","AmazonDynamoDB","Mexico (Central)","AWS Region",,"DDB-ReplicatedWriteUnits","DynamoDB Provisioned Replicated Write Units","MXC1-ReplWriteCapacityUnit-Hrs","CommittedThroughput","mx-central-1","Amazon DynamoDB",
"9KB7PN7UJM4ENTYX","JRTCKXETXF","9KB7PN7UJM4ENTYX.JRTCKXETXF.E63J5HTPNN","OnDemand","$0.0006825 per hour beyond the free tier for DynamoDB Provisioned Replicated Write Units in Mexico (Central)","2026-07-01","18600","Inf","ReplicatedWriteCapacityUnit-Hrs","0.0006825000","USD",,,,"DDB-Operation-ReplicatedWrite","AmazonDynamoDB","Mexico (Central)","AWS Region",,"DDB-ReplicatedWriteUnits","DynamoDB Provisioned Replicated Write Units","MXC1-ReplWriteCapacityUnit-Hrs","CommittedThroughput","mx-central-1","Amazon DynamoDB",
"9KCJ3NHHD49P6CH9","JRTCKXETXF","9KCJ3NHHD49P6CH9.JRTCKXETXF.6YS6EN2CT7","OnDemand","USD 0.228 per GB-Mo for TimedPITRStorage-ByteHrs in Asia Pacific (Osaka)","2026-07-01","0","Inf","GB-Mo","0.2280000000","USD",,,,"Database Storage","AmazonDynamoDB","Asia Pacific (Osaka)","AWS Region","Amazon DynamoDB - Point-In-Time-Restore (PITR) Backup Storage",,,"APN3-TimedPITRStorage-ByteHrs","","ap-northeast-3","Amazon DynamoDB",
"9KTYCF3SDHJEP64M","JRTCKXETXF","9KTYCF3SDHJEP64M.JRTCKXETXF.HBHVWY47CM","OnDemand","$0.0 per ReplicatedWriteCapacityUnit-Hrs in Africa (Cape Town)","2026-07-01","0","18600","ReplicatedWriteCapacityUnit-Hrs","0.0000000000","USD",,,,"DDB-Operation-ReplicatedWrite","AmazonDynamoDB","Africa (Cape Town)","AWS Region",,"DDB-ReplicatedWriteUnits","DynamoDB Provisioned Replicated Write Units","AFS1-ReplWriteCapacityUnit-Hrs","CommittedThroughput","af-south-1","Amazon DynamoDB",
"9KTYCF3SDHJEP64M","JRTCKXETXF","9KTYCF3SDHJEP64M.JRTCKXETXF.E63J5HTPNN","OnDemand","$0.00087465 per ReplicatedWriteCapacityUnit-Hrs in Africa (Cape Town)","2026-07-01","18600","Inf","ReplicatedWriteCapacityUnit-Hrs","0.0008746500","USD",,,,"DDB-Operation-ReplicatedWrite","AmazonDynamoDB","Africa (Cape Town)","AWS Region",,"DDB-ReplicatedWriteUnits","DynamoDB Provisioned Replicated Write Units","AFS1-ReplWriteCapacityUnit-Hrs","CommittedThroughput","af-south-1","Amazon DynamoDB",
"9M3DWPP4WS5FJHHW","JRTCKXETXF","9M3DWPP4WS5FJHHW.JRTCKXETXF.G2A93NZ7DT","OnDemand","$0.00 per GB-Month of storage for first 25 free GB-Months in Middle East (UAE)","2026-07-01","0","25","GB-Mo","0.0000000000","USD",,,,"Database Storage","AmazonDynamoDB","Middle East (UAE)","AWS Region","Amazon DynamoDB - Indexed DataStore",,,"MEC1-TimedStorage-ByteHrs","","me-central-1","Amazon DynamoDB",
"9M3DWPP4WS5FJHHW","JRTCKXETXF","9M3DWPP4WS5FJHHW.JRTCKXETXF.VYAP54KATQ","OnDemand","$0.3113 per GB-Month of storage used beyond first 25 free GB-Months in Middle East (UAE)","2026-07-01","25","Inf","GB-Mo","0.3113000000","USD",,,,"Database Storage","AmazonDynamoDB","Middle East (UAE)","AWS Region","Amazon DynamoDB - Indexed DataStore",,,"MEC1-TimedStorage-ByteHrs","","me-central-1","Amazon DynamoDB",
"9MYVKZR2PYQ9FE5Z","JRTCKXETXF","9MYVKZR2PYQ9FE5Z.JRTCKXETXF.6YS6EN2CT7","OnDemand","$0.00078 per hour for units of write capacity","2026-07-01","0","Inf","WriteCapacityUnit-Hrs","0.0007800000","USD",,,,"Provisioned IOPS","AmazonDynamoDB","AWS GovCloud (US-East)","AWS Region",,"DDB-WriteUnits","DynamoDB Provisioned Write Units","UGE1-WriteCapacityUnit-Hrs","CommittedThroughput","us-gov-east-1","Amazon DynamoDB",
"9MYVKZR2PYQ9FE5Z","VG8YD49WWM","9MYVKZR2PYQ9FE5Z.VG8YD49WWM.6YS6EN2CT7","Reserved","Amazon DynamoDB, Reserved Write Capacity used this month","2026-08-04","0","Inf","WriteCapacityUnit-Hrs","0.0000970000","USD","3yr","Heavy Utilization","standard","Provisioned IOPS","AmazonDynamoDB","AWS GovCloud (US-East)","AWS Region",,"DDB-WriteUnits","DynamoDB Provisioned Write Units","UGE1-WriteCapacityUnit-Hrs","CommittedThroughput","us-gov-east-1","Amazon DynamoDB",
"9MYVKZR2PYQ9FE5Z","VG8YD49WWM","9MYVKZR2PYQ9FE5Z.VG8YD49WWM.2TG2D8R56U","Reserved","Upfront Fee","2026-08-04",,,"Quantity","2.16","USD","3yr","Heavy Utilization","standard","Provisioned IOPS","AmazonDynamoDB","AWS GovCloud (US-East)","AWS Region",,"DDB-WriteUnits","DynamoDB Provisioned Write Units","UGE1-WriteCapacityUnit-Hrs","CommittedThroughput","us-gov-east-1","Amazon DynamoDB",
"9MYVKZR2PYQ9FE5Z","YTVHEVGPBZ","9MYVKZR2PYQ9FE5Z.YTVHEVGPBZ.6YS6EN2CT7","Reserved","Amazon DynamoDB, Reserved Write Capacity used this month","2026-08-04","0","Inf","WriteCapacityUnit-Hrs","0.0001220000","USD","1yr","Heavy Utilization","standard","Provisioned IOPS","AmazonDynamoDB","AWS GovCloud (US-East)","AWS Region",,"DDB-WriteUnits","DynamoDB Provisioned Write Units","UGE1-WriteCapacityUnit-Hrs","CommittedThroughput","us-gov-east-1","Amazon DynamoDB",
"9MYVKZR2PYQ9FE5Z","YTVHEVGPBZ","9MYVKZR2PYQ9FE5Z.YTVHEVGPBZ.2TG2D8R56U","Reserved","Upfront Fee","2026-08-04",,,"Quantity","1.8","USD","1yr","Heavy Utilization","standard","Provisioned IOPS","AmazonDynamoDB","AWS GovCloud (US-East)","AWS Region",,"DDB-WriteUnits","DynamoDB Provisioned Write Units","UGE1-WriteCapacityUnit-Hrs","CommittedThroughput","us-gov-east-1","Amazon DynamoDB",
"9NPFCHPAU9NBJGCS","JRTCKXETXF","9NPFCHPAU9NBJGCS.JRTCKXETXF.6YS6EN2CT7","OnDemand","$0.16 per million IA read request units in Asia Pacific (Malaysia)","2026-07-01","0","Inf","ReadRequestUnits","0.0000001600","USD",,,,"Amazon DynamoDB PayPerRequest Throughput","AmazonDynamoDB","Asia Pacific (Malaysia)","AWS Region",,"DDB-ReadUnitsIA","DynamoDB PayPerRequest Read Request Units IA","APS7-IA-ReadRequestUnits","PayPerRequestThroughput","ap-southeast-5","Amazon DynamoDB",
"9P8WV7J2R8NSAE9U","JRTCKXETXF","9P8WV7J2R8NSAE9U.JRTCKXETXF.6YS6EN2CT7","OnDemand","$0.22 per GB-Month of storage used for DynamoDB PITR backup","2026-07-01","0","Inf","GB-Mo","0.2200000000","USD",,,,"Database Storage","AmazonDynamoDB","Canada (Central)","AWS Region","Amazon DynamoDB - Point-In-Time-Restore (PITR) Backup Storage",,,"CAN1-TimedPITRStorage-ByteHrs","","ca-central-1","Amazon DynamoDB",
"9PBJ4EF7953C23XM","JRTCKXETXF","9PBJ4EF7953C23XM.JRTCKXETXF.6YS6EN2CT7","OnDemand","$0.0011028 per WriteCapacityUnit-Hrs in Israel (Tel Aviv)","2026-07-01","0","Inf","WriteCapacityUnit-Hrs","0.0011028000","USD",,,,"Provisioned IOPS","AmazonDynamoDB","Israel (Tel Aviv)","AWS Region",,"DDB-WriteUnitsIA","DynamoDB Provisioned Write Units IA","ILC1-IA-WriteCapacityUnit-Hrs","CommittedThroughput","il-central-1","Amazon DynamoDB",
"9PMXKYVT4SU2YGVT","JRTCKXETXF","9PMXKYVT4SU2YGVT.JRTCKXETXF.6YS6EN2CT7","OnDemand","$0.00093 per hour for units of IA replicated write capacity in Asia Pacific (Melbourne)","2026-07-01","0","Inf","ReplicatedWriteCapacityUnit-Hrs","0.0009300000","USD",,,,"DDB-Operation-ReplicatedWrite","AmazonDynamoDB","Asia Pacific (Melbourne)","AWS Region",,"DDB-ReplicatedWriteUnitsIA","DynamoDB Provisioned Replicated Write Units IA","APS6-IA-ReplWriteCapacityUnit-Hrs","CommittedThroughput","ap-southeast-4","Amazon DynamoDB",
"9S83DMKTWG4BFXVB","JRTCKXETXF","9S83DMKTWG4BFXVB.JRTCKXETXF.6YS6EN2CT7","OnDemand","$0.00083475 per hour for DynamoDB Provisioned IA Replicated Write Units in Asia Pacific (Taipei)","2026-07-01","0","Inf","ReplicatedWriteCapacityUnit-Hrs","0.0008347500","USD",,,,"DDB-Operation-ReplicatedWrite","AmazonDynamoDB","Asia Pacific (Taipei)","AWS Region",,"DDB-ReplicatedWriteUnitsIA","DynamoDB Provisioned Replicated Write Units IA","APE2-IA-ReplWriteCapacityUnit-Hrs","CommittedThroughput","ap-east-2","Amazon DynamoDB",
"9T89Y4RAF7PGGPRT","JRTCKXETXF","9T89Y4RAF7PGGPRT.JRTCKXETXF.6YS6EN2CT7","OnDemand","$0.00263 per GB of IA vector data searched in Mexico (Central)","2026-07-01","0","Inf","GB","0.0026300000","USD",,,,"Amazon DynamoDB PayPerRequest Throughput","AmazonDynamoDB","Mexico (Central)","AWS Region",,,,"MXC1-IA-VectorSearch","","mx-central-1","Amazon DynamoDB",
"9UDTJMG9G9MY28HU","JRTCKXETXF","9UDTJMG9G9MY28HU.JRTCKXETXF.6YS6EN2CT7","OnDemand","$0.1256 per million change data capture units for Kinesis Data Streams in Asia Pacific (Hong Kong)","2026-07-01","0","Inf","ChangeDataCaptureUnits","0.0000001256","USD",,,,,"AmazonDynamoDB","Asia Pacific (Hong Kong)","AWS Region",,"DDB-Kinesis","Change Data Capture Units for Kinesis Data Streams","APE1-ChangeDataCaptureUnits-Kinesis","DelegatedOperations","ap-east-1","Amazon DynamoDB",
"9UPCPKKXWZU6KNEC","JRTCKXETXF","9UPCPKKXWZU6KNEC.JRTCKXETXF.6YS6EN2CT7","OnDemand","$0.005 per GB of vector data searched in TST","2026-07-01","0","Inf","GB","0.0050000000","USD",,,,"Amazon DynamoDB PayPerRequest Throughput","AmazonDynamoDB","TST","AWS Region",,,,"TST1-VectorSearch","","","Amazon DynamoDB","Standard"
"9VVQSPQ8YDGDZS9D","JRTCKXETXF","9VVQSPQ8YDGDZS9D.JRTCKXETXF.6YS6EN2CT7","OnDemand","$0.78 per million replicated IA write request units in US West (Oregon)","2026-07-01","0","Inf","ReplicatedWriteRequestUnits","0.0000007800","USD",,,,"Amazon DynamoDB PayPerRequest Throughput","AmazonDynamoDB","US West (Oregon)","AWS Region",,"DDB-ReplicatedWriteUnitsIA","DynamoDB PayPerRequest Replicated Write Request Units IA","USW2-IA-ReplWriteRequestUnits","PayPerRequestThroughput","us-west-2","Amazon DynamoDB",
"9XCJ5UY7PTTAPMFK","JRTCKXETXF","9XCJ5UY7PTTAPMFK.JRTCKXETXF.M9QGYPQ72M","OnDemand","$0.00 for 2.5 million DynamoDB Streams read request units for a month (free tier) (Canada (Central))","2026-07-01","0","2500000","Requests","0.0000000000","USD",,,,"API Request","AmazonDynamoDB","Canada (Central)","AWS Region",,"DDB-StreamsReadRequests","DynamoDB Streams read request (GetRecords API)","CAN1-Streams-Requests","GetRecords","ca-central-1","Amazon DynamoDB",
"9XCJ5UY7PTTAPMFK","JRTCKXETXF","9XCJ5UY7PTTAPMFK.JRTCKXETXF.AUKFMGQW43","OnDemand","$0.00000022 per DynamoDB Streams read request unit beyond free tier (Canada (Central))","2026-07-01","2500000","Inf","Requests","0.0000002200","USD",,,,"API Request","AmazonDynamoDB","Canada (Central)","AWS Region",,"DDB-StreamsReadRequests","DynamoDB Streams read request (GetRecords API)","CAN1-Streams-Requests","GetRecords","ca-central-1","Amazon DynamoDB",
"9XH4NAHVDRYNPQ5Y","JRTCKXETXF","9XH4NAHVDRYNPQ5Y.JRTCKXETXF.6YS6EN2CT7","OnDemand","$0.171 per GB of data restored","2026-07-01","0","Inf","GB","0.1710000000","USD",,,,"Amazon DynamoDB Restore Data Size","AmazonDynamoDB","Asia Pacific (Mumbai)","AWS Region","Amazon DynamoDB - Backup Restore Size",,,"APS3-RestoreDataSize-Bytes","","ap-south-1","Amazon DynamoDB",
"9Y52F3HMVBD585ND","JRTCKXETXF","9Y52F3HMVBD585ND.JRTCKXETXF.HBHVWY47CM","OnDemand","$0.00 per hour for 25 units of read capacity for a month (free tier) in Europe (Spain)","2026-07-01","0","18600","ReadCapacityUnit-Hrs","0.0000000000","USD",,,,"Provisioned IOPS","AmazonDynamoDB","Europe (Spain)","AWS Region",,"DDB-ReadUnits","DynamoDB Provisioned Read Units","EUS2-ReadCapacityUnit-Hrs","CommittedThroughput","eu-south-2","Amazon DynamoDB",
"9Y52F3HMVBD585ND","JRTCKXETXF","9Y52F3HMVBD585ND.JRTCKXETXF.E63J5HTPNN","OnDemand","$0.000147 per hour for units of read capacity beyond the free tier in Europe (Spain)","2026-07-01","18600","Inf","ReadCapacityUnit-Hrs","0.0001470000","USD",,,,"Provisioned IOPS","AmazonDynamoDB","Europe (Spain)","AWS Region",,"DDB-ReadUnits","DynamoDB Provisioned Read Units","EUS2-ReadCapacityUnit-Hrs","CommittedThroughput","eu-south-2","Amazon DynamoDB",
"9Y52F3HMVBD585ND","YTVHEVGPBZ","9Y52F3HMVBD585ND.YTVHEVGPBZ.6YS6EN2CT7","Reserved","Amazon DynamoDB, Reserved Read Capacity used this month","2026-08-04","0","Inf","ReadCapacityUnit-Hrs","0.0000290000","USD","1yr","Heavy Utilization","standard","Provisioned IOPS","AmazonDynamoDB","Europe (Spain)","AWS Region",,"DDB-ReadUnits","DynamoDB Provisioned Read Units","EUS2-ReadCapacityUnit-Hrs","CommittedThroughput","eu-south-2","Amazon DynamoDB",
"9Y52F3HMVBD585ND","YTVHEVGPBZ","9Y52F3HMVBD585ND.YTVHEVGPBZ.2TG2D8R56U","Reserved","Upfront Fee","2026-08-04",,,"Quantity","0.339","USD","1yr","Heavy Utilization","standard","Provisioned IOPS","AmazonDynamoDB","Europe (Spain)","AWS Region",,"DDB-ReadUnits","DynamoDB Provisioned Read Units","EUS2-ReadCapacityUnit-Hrs","CommittedThroughput","eu-south-2","Amazon DynamoDB",
"9YX63WTGWSND4GJF","JRTCKXETXF","9YX63WTGWSND4GJF.JRTCKXETXF.6YS6EN2CT7","OnDemand","$0.168 per million read request units  in Africa (Cape Town)","2026-07-01","0","Inf","ReadRequestUnits","0.0000001680","USD",,,,"Amazon DynamoDB PayPerRequest Throughput","AmazonDynamoDB","Africa (Cape Town)","AWS Region",,"DDB-ReadUnits","DynamoDB PayPerRequest Read Request Units","AFS1-ReadRequestUnits","PayPerRequestThroughput","af-south-1","Amazon DynamoDB",
"9Z69T5DMP9AE3Q2X","JRTCKXETXF","9Z69T5DMP9AE3Q2X.JRTCKXETXF.6YS6EN2CT7","OnDemand","USD 0.162 per GB for RestoreDataSize-Bytes in EU (Stockholm)","2026-07-01","0","Inf","GB","0.1620000000","USD",,,,"Amazon DynamoDB Restore Data Size","AmazonDynamoDB","EU (Stockholm)","AWS Region","Amazon DynamoDB - Backup Restore Size",,,"EUN1-RestoreDataSize-Bytes","","eu-north-1","Amazon DynamoDB",
"9ZYH6XB3FM5QY9EN","JRTCKXETXF","9ZYH6XB3FM5QY9EN.JRTCKXETXF.6YS6EN2CT7","OnDemand","$0.79583 per GB of IA vector write requests in EU (Frankfurt)","2026-07-01","0","Inf","GB","0.7958300000","USD",,,,"Amazon DynamoDB PayPerRequest Throughput","AmazonDynamoDB","EU (Frankfurt)","AWS Region",,,,"EUC1-IA-VectorWriteRequest","","eu-central-1","Amazon DynamoDB",
"A3CXBQBRY9ZPQXXN","JRTCKXETXF","A3CXBQBRY9ZPQXXN.JRTCKXETXF.6YS6EN2CT7","OnDemand","$0.0009647 per hour for units of IA replicated write capacity in EU (Milan)","2026-07-01","0","Inf","ReplicatedWriteCapacityUnit-Hrs","0.0009647000","USD",,,,"DDB-Operation-ReplicatedWrite","AmazonDynamoDB","EU (Milan)","AWS Region",,"DDB-ReplicatedWriteUnitsIA","DynamoDB Provisioned Replicated Write Units IA","EUS1-IA-ReplWriteCapacityUnit-Hrs","CommittedThroughput","eu-south-1","Amazon DynamoDB",
"A4GZ682NZQF22XZB","JRTCKXETXF","A4GZ682NZQF22XZB.JRTCKXETXF.6YS6EN2CT7","OnDemand","$0.204 per GB for RestoreDataSize-Bytes in Israel (Tel Aviv)","2026-07-01","0","Inf","GB","0.2040000000","USD",,,,"Amazon DynamoDB Restore Data Size","AmazonDynamoDB","Israel (Tel Aviv)","AWS Region","Amazon DynamoDB - Backup Restore Size",,,"ILC1-RestoreDataSize-Bytes","","il-central-1","Amazon DynamoDB",
"A4JVT7FRHPDGJJKZ","JRTCKXETXF","A4JVT7FRHPDGJJKZ.JRTCKXETXF.6YS6EN2CT7","OnDemand","$0.114 per GB-Month of storage used for on-demand backup","2026-07-01","0","Inf","GB-Month","0.1140000000","USD",,,,"Amazon DynamoDB On-Demand Backup Storage","AmazonDynamoDB","Asia Pacific (Singapore)","AWS Region","Amazon DynamoDB - On-Demand Backup Storage",,,"APS1-TimedBackupStorage-ByteHrs","","ap-southeast-1","Amazon DynamoDB",
"A5DP2X4YSZ84WEJA","JRTCKXETXF","A5DP2X4YSZ84WEJA.JRTCKXETXF.6YS6EN2CT7","OnDemand","$0.71 per million write request units (Asia Pacific (India))","2026-07-01","0","Inf","WriteRequestUnits","0.0000007100","USD",,,,"Amazon DynamoDB PayPerRequest Throughput","AmazonDynamoDB","Asia Pacific (Mumbai)","AWS Region",,"DDB-WriteUnits","DynamoDB PayPerRequest Write Request Units","APS3-WriteRequestUnits","PayPerRequestThroughput","ap-south-1","Amazon DynamoDB",
"A9BQ6US5SQ9MXZQA","JRTCKXETXF","A9BQ6US5SQ9MXZQA.JRTCKXETXF.6YS6EN2CT7","OnDemand","$0.64 per million replicated write request units in Asia Pacific (Malaysia)","2026-07-01","0","Inf","ReplicatedWriteRequestUnits","0.0000006400","USD",,,,"Amazon DynamoDB PayPerRequest Throughput","AmazonDynamoDB","Asia Pacific (Malaysia)","AWS Region",,"DDB-ReplicatedWriteUnits","DynamoDB PayPerRequest Replicated Write Request Units","APS7-ReplWriteRequestUnits","PayPerRequestThroughput","ap-southeast-5","Amazon DynamoDB",
"AA4PQ4YMVZ6DSGDS","JRTCKXETXF","AA4PQ4YMVZ6DSGDS.JRTCKXETXF.6YS6EN2CT7","OnDemand","$0.168 per million IA read request units in EU (Stockholm)","2026-07-01","0","Inf","ReadRequestUnits","0.0000001680","USD",,,,"Amazon DynamoDB PayPerRequest Throughput","AmazonDynamoDB","EU (Stockholm)","AWS Region",,"DDB-ReadUnitsIA","DynamoDB PayPerRequest Read Request Units IA","EUN1-IA-ReadRequestUnits","PayPerRequestThroughput","eu-north-1","Amazon DynamoDB",
"AAUNXAWNRV53QMH7","JRTCKXETXF","AAUNXAWNRV53QMH7.JRTCKXETXF.6YS6EN2CT7","OnDemand","$0.0001855 per hour for units of IA read capacity in Asia Pacific (Hyderabad)","2026-07-01","0","Inf","ReadCapacityUnit-Hrs","0.0001850000","USD",,,,"Provisioned IOPS","AmazonDynamoDB","Asia Pacific (Hyderabad)","AWS Region",,"DDB-ReadUnitsIA","DynamoDB Provisioned Read Units IA","APS5-IA-ReadCapacityUnit-Hrs","CommittedThroughput","ap-south-2","Amazon DynamoDB",
"AB8443CJPJ6K7CNA","JRTCKXETXF","AB8443CJPJ6K7CNA.JRTCKXETXF.6YS6EN2CT7","OnDemand","$0.0008100 per hour for units of IA write capacity in US West (Oregon)","2026-07-01","0","Inf","WriteCapacityUnit-Hrs","0.0008100000","USD",,,,"Provisioned IOPS","AmazonDynamoDB","US West (Oregon)","AWS Region",,"DDB-WriteUnitsIA","DynamoDB Provisioned Write Units IA","USW2-IA-WriteCapacityUnit-Hrs","CommittedThroughput","us-west-2","Amazon DynamoDB",
"ADHFVUTJ22UYKEGE","JRTCKXETXF","ADHFVUTJ22UYKEGE.JRTCKXETXF.6YS6EN2CT7","OnDemand","$0.11886 per GB of data exported in EU (London)","2026-07-01","0","Inf","GB","0.1188600000","USD",,,,"Amazon DynamoDB Export Data Size","AmazonDynamoDB","EU (London)","AWS Region","Amazon DynamoDB - Export Size",,,"EUW2-ExportDataSize-Bytes","","eu-west-2","Amazon DynamoDB",
"AERR5HJVRG54CNHD","JRTCKXETXF","AERR5HJVRG54CNHD.JRTCKXETXF.6YS6EN2CT7","OnDemand","$0.0001790 per hour for units of IA read capacity in Canada (Central)","2026-07-01","0","Inf","ReadCapacityUnit-Hrs","0.0001790000","USD",,,,"Provisioned IOPS","AmazonDynamoDB","Canada (Central)","AWS Region",,"DDB-ReadUnitsIA","DynamoDB Provisioned Read Units IA","CAN1-IA-ReadCapacityUnit-Hrs","CommittedThroughput","ca-central-1","Amazon DynamoDB",
"AH6DWCQPAGHC9CJQ","JRTCKXETXF","AH6DWCQPAGHC9CJQ.JRTCKXETXF.HBHVWY47CM","OnDemand","$0.00 per hour for 25 units of replicated write capacity for a month (free tier)","2026-07-01","0","18600","ReplicatedWriteCapacityUnit-Hrs","0.0000000000","USD",,,,"DDB-Operation-ReplicatedWrite","AmazonDynamoDB","Asia Pacific (Sydney)","AWS Region",,"DDB-ReplicatedWriteUnits","DynamoDB Provisioned Replicated Write Units","APS2-ReplWriteCapacityUnit-Hrs","CommittedThroughput","ap-southeast-2","Amazon DynamoDB",
"AH6DWCQPAGHC9CJQ","JRTCKXETXF","AH6DWCQPAGHC9CJQ.JRTCKXETXF.E63J5HTPNN","OnDemand","$0.00074 per hour for units of replicated write capacity beyond the free tier","2026-07-01","18600","Inf","ReplicatedWriteCapacityUnit-Hrs","0.0007400000","USD",,,,"DDB-Operation-ReplicatedWrite","AmazonDynamoDB","Asia Pacific (Sydney)","AWS Region",,"DDB-ReplicatedWriteUnits","DynamoDB Provisioned Replicated Write Units","APS2-ReplWriteCapacityUnit-Hrs","CommittedThroughput","ap-southeast-2","Amazon DynamoDB",
"AJYP6KQZFTAG3CAF","JRTCKXETXF","AJYP6KQZFTAG3CAF.JRTCKXETXF.6YS6EN2CT7","OnDemand","USD 0.114 per GB-Month for TimedBackupStorage-ByteHrs in Asia Pacific (Osaka)","2026-07-01","0","Inf","GB-Month","0.1140000000","USD",,,,"Amazon DynamoDB On-Demand Backup Storage","AmazonDynamoDB","Asia Pacific (Osaka)","AWS Region","Amazon DynamoDB - On-Demand Backup Storage",,,"APN3-TimedBackupStorage-ByteHrs","","ap-northeast-3","Amazon DynamoDB",
"AKFBEQDKQJE2TU7K","JRTCKXETXF","AKFBEQDKQJE2TU7K.JRTCKXETXF.6YS6EN2CT7","OnDemand","$0.10000 per million change data capture units for Kinesis Data Streams in US East (N. Virginia)","2026-07-01","0","Inf","ChangeDataCaptureUnits","0.0000001000","USD",,,,,"AmazonDynamoDB","US East (N. Virginia)","AWS Region",,"DDB-Kinesis","Change Data Capture Units for Kinesis Data Streams","USE1-ChangeDataCaptureUnits-Kinesis","DelegatedOperations","us-east-1","Amazon DynamoDB",
"AKUA55MWTA27K436","JRTCKXETXF","AKUA55MWTA27K436.JRTCKXETXF.6YS6EN2CT7","OnDemand","$0.00226 per GB of vector data searched in EU (Ireland)","2026-07-01","0","Inf","GB","0.0022600000","USD",,,,"Amazon DynamoDB PayPerRequest Throughput","AmazonDynamoDB","EU (Ireland)","AWS Region",,,,"EU-VectorSearch","","eu-west-1","Amazon DynamoDB","Standard"
"AMWJZ26HDA6RQ9PU","JRTCKXETXF","AMWJZ26HDA6RQ9PU.JRTCKXETXF.6YS6EN2CT7","OnDemand","$0.2345 per million IA read request units in South America (Sao Paulo)","2026-07-01","0","Inf","ReadRequestUnits","0.0000002345","USD",,,,"Amazon DynamoDB PayPerRequest Throughput","AmazonDynamoDB","South America (Sao Paulo)","AWS Region",,"DDB-ReadUnitsIA","DynamoDB PayPerRequest Read Request Units IA","SAE1-IA-ReadRequestUnits","PayPerRequestThroughput","sa-east-1","Amazon DynamoDB",
"AP5N3FU9YVGM7229","JRTCKXETXF","AP5N3FU9YVGM7229.JRTCKXETXF.6YS6EN2CT7","OnDemand","$0.6875 per million ReplicatedWriteRequestUnit in Canada (Central)","2026-07-01","0","Inf","ReplicatedWriteRequestUnits","0.0000006875","USD",,,,"Amazon DynamoDB PayPerRequest Throughput","AmazonDynamoDB","Canada (Central)","AWS Region",,"DDB-ReplicatedWriteUnits","DynamoDB PayPerRequest Replicated Write Request Units","CAN1-ReplWriteRequestUnits","PayPerRequestThroughput","ca-central-1","Amazon DynamoDB",
"AR8437QDSNP5V9K3","JRTCKXETXF","AR8437QDSNP5V9K3.JRTCKXETXF.6YS6EN2CT7","OnDemand","$0.11400 per GB-Month of IA storage in Asia Pacific (Osaka)","2026-07-01","0","Inf","GB-Mo","0.1140000000","USD",,,,"Database Storage","AmazonDynamoDB","Asia Pacific (Osaka)","AWS Region","Amazon DynamoDB - Indexed DataStore - IA",,,"APN3-IA-TimedStorage-ByteHrs","","ap-northeast-3","Amazon DynamoDB",
"AR977C6PHG7U6WKA","JRTCKXETXF","AR977C6PHG7U6WKA.JRTCKXETXF.6YS6EN2CT7","OnDemand","$0.74167 per GB of IA vector write requests in Asia Pacific (Sydney)","2026-07-01","0","Inf","GB","0.7416700000","USD",,,,"Amazon DynamoDB PayPerRequest Throughput","AmazonDynamoDB","Asia Pacific (Sydney)","AWS Region",,,,"APS2-IA-VectorWriteRequest","","ap-southeast-2","Amazon DynamoDB",
"ASKSFMSHAA2ZHVMF","JRTCKXETXF","ASKSFMSHAA2ZHVMF.JRTCKXETXF.HBHVWY47CM","OnDemand","$0.00 per hour for 25 units of write capacity for a month (free tier) in Europe (Spain)","2026-07-01","0","18600","WriteCapacityUnit-Hrs","0.0000000000","USD",,,,"Provisioned IOPS","AmazonDynamoDB","Europe (Spain)","AWS Region",,"DDB-WriteUnits","DynamoDB Provisioned Write Units","EUS2-WriteCapacityUnit-Hrs","CommittedThroughput","eu-south-2","Amazon DynamoDB",
"ASKSFMSHAA2ZHVMF","JRTCKXETXF","ASKSFMSHAA2ZHVMF.JRTCKXETXF.E63J5HTPNN","OnDemand","$0.000735 per hour for units of write capacity beyond the free tier in Europe (Spain)","2026-07-01","18600","Inf","WriteCapacityUnit-Hrs","0.0007350000","USD",,,,"Provisioned IOPS","AmazonDynamoDB","Europe (Spain)","AWS Region",,"DDB-WriteUnits","DynamoDB Provisioned Write Units","EUS2-WriteCapacityUnit-Hrs","CommittedThroughput","eu-south-2","Amazon DynamoDB",
"ASKSFMSHAA2ZHVMF","YTVHEVGPBZ","ASKSFMSHAA2ZHVMF.YTVHEVGPBZ.6YS6EN2CT7","Reserved","Amazon DynamoDB, Reserved Write Capacity used this month","2026-08-04","0","Inf","WriteCapacityUnit-Hrs","0.0001450000","USD","1yr","Heavy Utilization","standard","Provisioned IOPS","AmazonDynamoDB","Europe (Spain)","AWS Region",,"DDB-WriteUnits","DynamoDB Provisioned Write Units","EUS2-WriteCapacityUnit-Hrs","CommittedThroughput","eu-south-2","Amazon DynamoDB",
"ASKSFMSHAA2ZHVMF","YTVHEVGPBZ","ASKSFMSHAA2ZHVMF.YTVHEVGPBZ.2TG2D8R56U","Reserved","Upfront Fee","2026-08-04",,,"Quantity","1.695","USD","1yr","Heavy Utilization","standard","Provisioned IOPS","AmazonDynamoDB","Europe (Spain)","AWS Region",,"DDB-WriteUnits","DynamoDB Provisioned Write Units","EUS2-WriteCapacityUnit-Hrs","CommittedThroughput","eu-south-2","Amazon DynamoDB",
"AU9AE8JMKEYP6Q3W","JRTCKXETXF","AU9AE8JMKEYP6Q3W.JRTCKXETXF.HBHVWY47CM","OnDemand","$0.00 per hour for 25 units of replicated write capacity for a month (free tier)","2026-07-01","0","18600","ReplicatedWriteCapacityUnit-Hrs","0.0000000000","USD",,,,"DDB-Operation-ReplicatedWrite","AmazonDynamoDB","US West (Oregon)","AWS Region",,"DDB-ReplicatedWriteUnits","DynamoDB Provisioned Replicated Write Units","USW2-ReplWriteCapacityUnit-Hrs","CommittedThroughput","us-west-2","Amazon DynamoDB",
"AU9AE8JMKEYP6Q3W","JRTCKXETXF","AU9AE8JMKEYP6Q3W.JRTCKXETXF.E63J5HTPNN","OnDemand","$0.00065 per hour for units of replicated write capacity beyond the free tier","2026-07-01","18600","Inf","ReplicatedWriteCapacityUnit-Hrs","0.0006500000","USD",,,,"DDB-Operation-ReplicatedWrite","AmazonDynamoDB","US West (Oregon)","AWS Region",,"DDB-ReplicatedWriteUnits","DynamoDB Provisioned Replicated Write Units","USW2-ReplWriteCapacityUnit-Hrs","CommittedThroughput","us-west-2","Amazon DynamoDB",
"AUYCDADZU5CB8QY9","JRTCKXETXF","AUYCDADZU5CB8QY9.JRTCKXETXF.6YS6EN2CT7","OnDemand","$0.17829 per GB for data import in EU (London)","2026-07-01","0","Inf","GB","0.1782900000","USD",,,,"Amazon DynamoDB Import Data Size","AmazonDynamoDB","EU (London)","AWS Region","Amazon DynamoDB - Import Size",,,"EUW2-ImportDataSize-Bytes","","eu-west-2","Amazon DynamoDB",
"AWKFFAT3BA3CZFU3","JRTCKXETXF","AWKFFAT3BA3CZFU3.JRTCKXETXF.HBHVWY47CM","OnDemand","$0.00 per hour for 25 units of read capacity for a month (free tier)","2026-07-01","0","18600","ReadCapacityUnit-Hrs","0.0000000000","USD",,,,"Provisioned IOPS","AmazonDynamoDB","Asia Pacific (Mumbai)","AWS Region",,"DDB-ReadUnits","DynamoDB Provisioned Read Units","APS3-ReadCapacityUnit-Hrs","CommittedThroughput","ap-south-1","Amazon DynamoDB",
"AWKFFAT3BA3CZFU3","JRTCKXETXF","AWKFFAT3BA3CZFU3.JRTCKXETXF.E63J5HTPNN","OnDemand","$0.000148 per hour for units of read capacity beyond the free tier","2026-07-01","18600","Inf","ReadCapacityUnit-Hrs","0.0001480000","USD",,,,"Provisioned IOPS","AmazonDynamoDB","Asia Pacific (Mumbai)","AWS Region",,"DDB-ReadUnits","DynamoDB Provisioned Read Units","APS3-ReadCapacityUnit-Hrs","CommittedThroughput","ap-south-1","Amazon DynamoDB",
"AWKFFAT3BA3CZFU3","VG8YD49WWM","AWKFFAT3BA3CZFU3.VG8YD49WWM.6YS6EN2CT7","Reserved","Amazon DynamoDB, Reserved Read Capacity used this month","2026-08-04","0","Inf","ReadCapacityUnit-Hrs","0.0000180000","USD","3yr","Heavy Utilization","standard","Provisioned IOPS","AmazonDynamoDB","Asia Pacific (Mumbai)","AWS Region",,"DDB-ReadUnits","DynamoDB Provisioned Read Units","APS3-ReadCapacityUnit-Hrs","CommittedThroughput","ap-south-1","Amazon DynamoDB",
"AWKFFAT3BA3CZFU3","VG8YD49WWM","AWKFFAT3BA3CZFU3.VG8YD49WWM.2TG2D8R56U","Reserved","Upfront Fee","2026-08-04",,,"Quantity","0.4104","USD","3yr","Heavy Utilization","standard","Provisioned IOPS","AmazonDynamoDB","Asia Pacific (Mumbai)","AWS Region",,"DDB-ReadUnits","DynamoDB Provisioned Read Units","APS3-ReadCapacityUnit-Hrs","CommittedThroughput","ap-south-1","Amazon DynamoDB",
"AWKFFAT3BA3CZFU3","YTVHEVGPBZ","AWKFFAT3BA3CZFU3.YTVHEVGPBZ.6YS6EN2CT7","Reserved","Amazon DynamoDB, Reserved Read Capacity used this month","2026-08-04","0","Inf","ReadCapacityUnit-Hrs","0.0000290000","USD","1yr","Heavy Utilization","standard","Provisioned IOPS","AmazonDynamoDB","Asia Pacific (Mumbai)","AWS Region",,"DDB-ReadUnits","DynamoDB Provisioned Read Units","APS3-ReadCapacityUnit-Hrs","CommittedThroughput","ap-south-1","Amazon DynamoDB",
"AWKFFAT3BA3CZFU3","YTVHEVGPBZ","AWKFFAT3BA3CZFU3.YTVHEVGPBZ.2TG2D8R56U","Reserved","Upfront Fee","2026-08-04",,,"Quantity","0.342","USD","1yr","Heavy Utilization","standard","Provisioned IOPS","AmazonDynamoDB","Asia Pacific (Mumbai)","AWS Region",,"DDB-ReadUnits","DynamoDB Provisioned Read Units","APS3-ReadCapacityUnit-Hrs","CommittedThroughput","ap-south-1","Amazon DynamoDB",
"AXD7FDV8A4X8FGZY","JRTCKXETXF","AXD7FDV8A4X8FGZY.JRTCKXETXF.HBHVWY47CM","OnDemand","USD0.0 per ReplicatedWriteCapacityUnit-Hrs in Asia Pacific (Jakarta)","2026-07-01","0","18600","ReplicatedWriteCapacityUnit-Hrs","0.0000000000","USD",,,,"DDB-Operation-ReplicatedWrite","AmazonDynamoDB","Asia Pacific (Jakarta)","AWS Region",,"DDB-ReplicatedWriteUnits","DynamoDB Provisioned Replicated Write Units","APS4-ReplWriteCapacityUnit-Hrs","CommittedThroughput","ap-southeast-3","Amazon DynamoDB",
"AXD7FDV8A4X8FGZY","JRTCKXETXF","AXD7FDV8A4X8FGZY.JRTCKXETXF.E63J5HTPNN","OnDemand","$0.00074 per ReplicatedWriteCapacityUnit-Hrs in Asia Pacific (Jakarta)","2026-07-01","18600","Inf","ReplicatedWriteCapacityUnit-Hrs","0.0007400000","USD",,,,"DDB-Operation-ReplicatedWrite","AmazonDynamoDB","Asia Pacific (Jakarta)","AWS Region",,"DDB-ReplicatedWriteUnits","DynamoDB Provisioned Replicated Write Units","APS4-ReplWriteCapacityUnit-Hrs","CommittedThroughput","ap-southeast-3","Amazon DynamoDB",
"AXUNCTBHVXSM29RY","JRTCKXETXF","AXUNCTBHVXSM29RY.JRTCKXETXF.6YS6EN2CT7","OnDemand","$0.177 per million IA read request units in Europe (Spain)","2026-07-01","0","Inf","ReadRequestUnits","0.0000001770","USD",,,,"Amazon DynamoDB PayPerRequest Throughput","AmazonDynamoDB","Europe (Spain)","AWS Region",,"DDB-ReadUnitsIA","DynamoDB PayPerRequest Read Request Units IA","EUS2-IA-ReadRequestUnits","PayPerRequestThroughput","eu-south-2","Amazon DynamoDB",
"AZFSQ9924668VM9Y","JRTCKXETXF","AZFSQ9924668VM9Y.JRTCKXETXF.HBHVWY47CM","OnDemand","USD0.0 per ReadCapacityUnit-Hrs for ReadCapacityUnit-Hrs:CommittedThroughput in Asia Pacific (Hong Kong)","2026-07-01","0","18600","ReadCapacityUnit-Hrs","0.0000000000","USD",,,,"Provisioned IOPS","AmazonDynamoDB","Asia Pacific (Hong Kong)","AWS Region",,"DDB-ReadUnits","DynamoDB Provisioned Read Units","APE1-ReadCapacityUnit-Hrs","CommittedThroughput","ap-east-1","Amazon DynamoDB",
"AZFSQ9924668VM9Y","JRTCKXETXF","AZFSQ9924668VM9Y.JRTCKXETXF.E63J5HTPNN","OnDemand","USD0.0001628 per ReadCapacityUnit-Hrs for ReadCapacityUnit-Hrs:CommittedThroughput in Asia Pacific (Hong Kong)","2026-07-01","18600","Inf","ReadCapacityUnit-Hrs","0.0001628000","USD",,,,"Provisioned IOPS","AmazonDynamoDB","Asia Pacific (Hong Kong)","AWS Region",,"DDB-ReadUnits","DynamoDB Provisioned Read Units","APE1-ReadCapacityUnit-Hrs","CommittedThroughput","ap-east-1","Amazon DynamoDB",
"AZFSQ9924668VM9Y","YTVHEVGPBZ","AZFSQ9924668VM9Y.YTVHEVGPBZ.6YS6EN2CT7","Reserved","Amazon DynamoDB, Reserved Read Capacity used this month","2026-08-04","0","Inf","ReadCapacityUnit-Hrs","0.0000320000","USD","1yr","Heavy Utilization","standard","Provisioned IOPS","AmazonDynamoDB","Asia Pacific (Hong Kong)","AWS Region",,"DDB-ReadUnits","DynamoDB Provisioned Read Units","APE1-ReadCapacityUnit-Hrs","CommittedThroughput","ap-east-1","Amazon DynamoDB",
"AZFSQ9924668VM9Y","YTVHEVGPBZ","AZFSQ9924668VM9Y.YTVHEVGPBZ.2TG2D8R56U","Reserved","Upfront Fee","2026-08-04",,,"Quantity","0.3762","USD","1yr","Heavy Utilization","standard","Provisioned IOPS","AmazonDynamoDB","Asia Pacific (Hong Kong)","AWS Region",,"DDB-ReadUnits","DynamoDB Provisioned Read Units","APE1-ReadCapacityUnit-Hrs","CommittedThroughput","ap-east-1","Amazon DynamoDB",
"B2BBU98HJ8KQJDE2","JRTCKXETXF","B2BBU98HJ8KQJDE2.JRTCKXETXF.6YS6EN2CT7","OnDemand","$0.11320 per GB-Month of IA storage in EU (Ireland)","2026-07-01","0","Inf","GB-Mo","0.1132000000","USD",,,,"Database Storage","AmazonDynamoDB","EU (Ireland)","AWS Region","Amazon DynamoDB - Indexed DataStore - IA",,,"EU-IA-TimedStorage-ByteHrs","","eu-west-1","Amazon DynamoDB",
"B2VHVRFPBGECHGH3","JRTCKXETXF","B2VHVRFPBGECHGH3.JRTCKXETXF.6YS6EN2CT7","OnDemand","$0.105 per GB-Mo of IA storage for Amazon DynamoDB in Mexico (Central)","2026-07-01","0","Inf","GB-Mo","0.1050000000","USD",,,,"Database Storage","AmazonDynamoDB","Mexico (Central)","AWS Region","Amazon DynamoDB - Indexed DataStore - IA",,,"MXC1-IA-TimedStorage-ByteHrs","","mx-central-1","Amazon DynamoDB",
"B38NYSDCBDEE56H3","JRTCKXETXF","B38NYSDCBDEE56H3.JRTCKXETXF.6YS6EN2CT7","OnDemand","$0.875 per GB of IA vector write requests in Africa (Cape Town)","2026-07-01","0","Inf","GB","0.8750000000","USD",,,,"Amazon DynamoDB PayPerRequest Throughput","AmazonDynamoDB","Africa (Cape Town)","AWS Region",,,,"AFS1-IA-VectorWriteRequest","","af-south-1","Amazon DynamoDB",
"B6XJC38SQZFBNNGN","JRTCKXETXF","B6XJC38SQZFBNNGN.JRTCKXETXF.6YS6EN2CT7","OnDemand","$0.171 per GB of data restored","2026-07-01","0","Inf","GB","0.1710000000","USD",,,,"Amazon DynamoDB Restore Data Size","AmazonDynamoDB","Asia Pacific (Sydney)","AWS Region","Amazon DynamoDB - Backup Restore Size",,,"APS2-RestoreDataSize-Bytes","","ap-southeast-2","Amazon DynamoDB",
"B746H2FXEEPNMW9R","JRTCKXETXF","B746H2FXEEPNMW9R.JRTCKXETXF.6YS6EN2CT7","OnDemand","$0.155 per million IA read request units in US East (Ohio)","2026-07-01","0","Inf","ReadRequestUnits","0.0000001550","USD",,,,"Amazon DynamoDB PayPerRequest Throughput","AmazonDynamoDB","US East (Ohio)","AWS Region",,"DDB-ReadUnitsIA","DynamoDB PayPerRequest Read Request Units IA","USE2-IA-ReadRequestUnits","PayPerRequestThroughput","us-east-2","Amazon DynamoDB",
"BB5YENMDWNG56X7R","JRTCKXETXF","BB5YENMDWNG56X7R.JRTCKXETXF.6YS6EN2CT7","OnDemand","$0.11415 per million change data capture units for Kinesis Data Streams in Asia Pacific (Tokyo)","2026-07-01","0","Inf","ChangeDataCaptureUnits","0.0000001142","USD",,,,,"AmazonDynamoDB","Asia Pacific (Tokyo)","AWS Region",,"DDB-Kinesis","Change Data Capture Units for Kinesis Data Streams","APN1-ChangeDataCaptureUnits-Kinesis","DelegatedOperations","ap-northeast-1","Amazon DynamoDB",
"BBZ7NZHNDR93QS9H","JRTCKXETXF","BBZ7NZHNDR93QS9H.JRTCKXETXF.6YS6EN2CT7","OnDemand","$0.6176 per GB of vector write requests in EU (London)","2026-07-01","0","Inf","GB","0.6176000000","USD",,,,"Amazon DynamoDB PayPerRequest Throughput","AmazonDynamoDB","EU (London)","AWS Region",,,,"EUW2-VectorWriteRequest","","eu-west-2","Amazon DynamoDB","Standard"
"BCE7M9TGS2UWZUKQ","JRTCKXETXF","BCE7M9TGS2UWZUKQ.JRTCKXETXF.HBHVWY47CM","OnDemand","$0.0 per ReplicatedWriteCapacityUnit-Hrs in Israel (Tel Aviv)","2026-07-01","0","18600","ReplicatedWriteCapacityUnit-Hrs","0.0000000000","USD",,,,"DDB-Operation-ReplicatedWrite","AmazonDynamoDB","Israel (Tel Aviv)","AWS Region",,"DDB-ReplicatedWriteUnits","DynamoDB Provisioned Replicated Write Units","ILC1-ReplWriteCapacityUnit-Hrs","CommittedThroughput","il-central-1","Amazon DynamoDB",
"BCE7M9TGS2UWZUKQ","JRTCKXETXF","BCE7M9TGS2UWZUKQ.JRTCKXETXF.E63J5HTPNN","OnDemand","$0.000882 per ReplicatedWriteCapacityUnit-Hrs in Israel (Tel Aviv)","2026-07-01","18600","Inf","ReplicatedWriteCapacityUnit-Hrs","0.0008820000","USD",,,,"DDB-Operation-ReplicatedWrite","AmazonDynamoDB","Israel (Tel Aviv)","AWS Region",,"DDB-ReplicatedWriteUnits","DynamoDB Provisioned Replicated Write Units","ILC1-ReplWriteCapacityUnit-Hrs","CommittedThroughput","il-central-1","Amazon DynamoDB",
"BCU77VNZYEE7Z4HM","JRTCKXETXF","BCU77VNZYEE7Z4HM.JRTCKXETXF.6YS6EN2CT7","OnDemand","$0.0001930 per hour for units of IA read capacity in EU (London)","2026-07-01","0","Inf","ReadCapacityUnit-Hrs","0.0001930000","USD",,,,"Provisioned IOPS","AmazonDynamoDB","EU (London)","AWS Region",,"DDB-ReadUnitsIA","DynamoDB Provisioned Read Units IA","EUW2-IA-ReadCapacityUnit-Hrs","CommittedThroughput","eu-west-2","Amazon DynamoDB",
"BDXBKDGR4A3RSRE5","JRTCKXETXF","BDXBKDGR4A3RSRE5.JRTCKXETXF.6YS6EN2CT7","OnDemand","$0.9279 per million IA write request units in EU (Paris)","2026-07-01","0","Inf","WriteRequestUnits","0.0000009279","USD",,,,"Amazon DynamoDB PayPerRequest Throughput","AmazonDynamoDB","EU (Paris)","AWS Region",,"DDB-WriteUnitsIA","DynamoDB PayPerRequest Write Request Units IA","EUW3-IA-WriteRequestUnits","PayPerRequestThroughput","eu-west-3","Amazon DynamoDB",
"BE3FCZZJDHK4BRNB","JRTCKXETXF","BE3FCZZJDHK4BRNB.JRTCKXETXF.HBHVWY47CM","OnDemand","$0 per hour for 18,600 units of DynamoDB Provisioned Write Capacity Units in Asia Pacific (Thailand)","2026-07-01","0","18600","WriteCapacityUnit-Hrs","0.0000000000","USD",,,,"Provisioned IOPS","AmazonDynamoDB","Asia Pacific (Thailand)","AWS Region",,"DDB-WriteUnits","DynamoDB Provisioned Write Units","APS9-WriteCapacityUnit-Hrs","CommittedThroughput","ap-southeast-7","Amazon DynamoDB",
"BE3FCZZJDHK4BRNB","JRTCKXETXF","BE3FCZZJDHK4BRNB.JRTCKXETXF.E63J5HTPNN","OnDemand","$0.000666 per hour beyond the free tier for DynamoDB Provisioned Write Capacity Units in Asia Pacific (Thailand)","2026-07-01","18600","Inf","WriteCapacityUnit-Hrs","0.0006660000","USD",,,,"Provisioned IOPS","AmazonDynamoDB","Asia Pacific (Thailand)","AWS Region",,"DDB-WriteUnits","DynamoDB Provisioned Write Units","APS9-WriteCapacityUnit-Hrs","CommittedThroughput","ap-southeast-7","Amazon DynamoDB",
"BE3FCZZJDHK4BRNB","YTVHEVGPBZ","BE3FCZZJDHK4BRNB.YTVHEVGPBZ.6YS6EN2CT7","Reserved","Amazon DynamoDB, Reserved Write Capacity used this month","2026-08-04","0","Inf","WriteCapacityUnit-Hrs","0.0001310000","USD","1yr","Heavy Utilization","standard","Provisioned IOPS","AmazonDynamoDB","Asia Pacific (Thailand)","AWS Region",,"DDB-WriteUnits","DynamoDB Provisioned Write Units","APS9-WriteCapacityUnit-Hrs","CommittedThroughput","ap-southeast-7","Amazon DynamoDB",
"BE3FCZZJDHK4BRNB","YTVHEVGPBZ","BE3FCZZJDHK4BRNB.YTVHEVGPBZ.2TG2D8R56U","Reserved","Upfront Fee","2026-08-04",,,"Quantity","1.539","USD","1yr","Heavy Utilization","standard","Provisioned IOPS","AmazonDynamoDB","Asia Pacific (Thailand)","AWS Region",,"DDB-WriteUnits","DynamoDB Provisioned Write Units","APS9-WriteCapacityUnit-Hrs","CommittedThroughput","ap-southeast-7","Amazon DynamoDB",
"BE4PX952XMNBS2H6","JRTCKXETXF","BE4PX952XMNBS2H6.JRTCKXETXF.6YS6EN2CT7","OnDemand","$0.655 per million DynamoDB Write Request Units in Mexico (Central)","2026-07-01","0","Inf","WriteRequestUnits","0.0000006550","USD",,,,"Amazon DynamoDB PayPerRequest Throughput","AmazonDynamoDB","Mexico (Central)","AWS Region",,"DDB-WriteUnits","DynamoDB PayPerRequest Write Request Units","MXC1-WriteRequestUnits","PayPerRequestThroughput","mx-central-1","Amazon DynamoDB",
"BEWPXWYF6EDZ4JGG","JRTCKXETXF","BEWPXWYF6EDZ4JGG.JRTCKXETXF.6YS6EN2CT7","OnDemand","$0.00287 per GB of IA vector data searched in Asia Pacific (Melbourne)","2026-07-01","0","Inf","GB","0.0028700000","USD",,,,"Amazon DynamoDB PayPerRequest Throughput","AmazonDynamoDB","Asia Pacific (Melbourne)","AWS Region",,,,"APS6-IA-VectorSearch","","ap-southeast-4","Amazon DynamoDB",
"BFZ5D3VGZZYSFQT6","JRTCKXETXF","BFZ5D3VGZZYSFQT6.JRTCKXETXF.6YS6EN2CT7","OnDemand","$0.000930 per hour for units of IA write capacity in Asia Pacific (Melbourne)","2026-07-01","0","Inf","WriteCapacityUnit-Hrs","0.0009300000","USD",,,,"Provisioned IOPS","AmazonDynamoDB","Asia Pacific (Melbourne)","AWS Region",,"DDB-WriteUnitsIA","DynamoDB Provisioned Write Units IA","APS6-IA-WriteCapacityUnit-Hrs","CommittedThroughput","ap-southeast-4","Amazon DynamoDB",
"BGZBHNF89R55BZW6","JRTCKXETXF","BGZBHNF89R55BZW6.JRTCKXETXF.6YS6EN2CT7","OnDemand","$0.11886 per GB-Month of IA storage in EU (Paris)","2026-07-01","0","Inf","GB-Mo","0.1188600000","USD",,,,"Database Storage","AmazonDynamoDB","EU (Paris)","AWS Region","Amazon DynamoDB - Indexed DataStore - IA",,,"EUW3-IA-TimedStorage-ByteHrs","","eu-west-3","Amazon DynamoDB",
"BHK7VW3NEQD9ZVR7","JRTCKXETXF","BHK7VW3NEQD9ZVR7.JRTCKXETXF.6YS6EN2CT7","OnDemand","$0.0009650 per hour for units of IA write capacity in EU (Paris)","2026-07-01","0","Inf","WriteCapacityUnit-Hrs","0.0009650000","USD",,,,"Provisioned IOPS","AmazonDynamoDB","EU (Paris)","AWS Region",,"DDB-WriteUnitsIA","DynamoDB Provisioned Write Units IA","EUW3-IA-WriteCapacityUnit-Hrs","CommittedThroughput","eu-west-3","Amazon DynamoDB",
"BHW53MV4VPM9EYH8","JRTCKXETXF","BHW53MV4VPM9EYH8.JRTCKXETXF.HBHVWY47CM","OnDemand","$0 per hour for 18,600 units of DynamoDB Provisioned Replicated Write Units in Asia Pacific (Thailand)","2026-07-01","0","18600","ReplicatedWriteCapacityUnit-Hrs","0.0000000000","USD",,,,"DDB-Operation-ReplicatedWrite","AmazonDynamoDB","Asia Pacific (Thailand)","AWS Region",,"DDB-ReplicatedWriteUnits","DynamoDB Provisioned Replicated Write Units","APS9-ReplWriteCapacityUnit-Hrs","CommittedThroughput","ap-southeast-7","Amazon DynamoDB",
"BHW53MV4VPM9EYH8","JRTCKXETXF","BHW53MV4VPM9EYH8.JRTCKXETXF.E63J5HTPNN","OnDemand","$0.000666 per hour beyond the free tier for DynamoDB Provisioned Replicated Write Units in Asia Pacific (Thailand)","2026-07-01","18600","Inf","ReplicatedWriteCapacityUnit-Hrs","0.0006660000","USD",,,,"DDB-Operation-ReplicatedWrite","AmazonDynamoDB","Asia Pacific (Thailand)","AWS Region",,"DDB-ReplicatedWriteUnits","DynamoDB Provisioned Replicated Write Units","APS9-ReplWriteCapacityUnit-Hrs","CommittedThroughput","ap-southeast-7","Amazon DynamoDB",
"BMKY5GG4RFTSHJJD","JRTCKXETXF","BMKY5GG4RFTSHJJD.JRTCKXETXF.6YS6EN2CT7","OnDemand","$0.195 per million IA read request units in Asia Pacific (Hong Kong)","2026-07-01","0","Inf","ReadRequestUnits","0.0000001950","USD",,,,"Amazon DynamoDB PayPerRequest Throughput","AmazonDynamoDB","Asia Pacific (Hong Kong)","AWS Region",,"DDB-ReadUnitsIA","DynamoDB PayPerRequest Read Request Units IA","APE1-IA-ReadRequestUnits","PayPerRequestThroughput","ap-east-1","Amazon DynamoDB",
"BNZYMGX2RMCUM74J","JRTCKXETXF","BNZYMGX2RMCUM74J.JRTCKXETXF.6YS6EN2CT7","OnDemand","$0.0010109 per hour for units of IA replicated write capacity in Middle East (UAE)","2026-07-01","0","Inf","ReplicatedWriteCapacityUnit-Hrs","0.0010109000","USD",,,,"DDB-Operation-ReplicatedWrite","AmazonDynamoDB","Middle East (UAE)","AWS Region",,"DDB-ReplicatedWriteUnitsIA","DynamoDB Provisioned Replicated Write Units IA","MEC1-IA-ReplWriteCapacityUnit-Hrs","CommittedThroughput","me-central-1","Amazon DynamoDB",
"BP5R4CWHYVHS8SDH","JRTCKXETXF","BP5R4CWHYVHS8SDH.JRTCKXETXF.6YS6EN2CT7","OnDemand","$0.1142 per million Change Data Capture Units for Kinesis Data Streams in Asia Pacific (Osaka)","2026-07-01","0","Inf","ChangeDataCaptureUnits","0.0000001142","USD",,,,,"AmazonDynamoDB","Asia Pacific (Osaka)","AWS Region",,"DDB-Kinesis","Change Data Capture Units for Kinesis Data Streams","APN3-ChangeDataCaptureUnits-Kinesis","DelegatedOperations","ap-northeast-3","Amazon DynamoDB",
"BPXSNU2RD4YQNH5M","JRTCKXETXF","BPXSNU2RD4YQNH5M.JRTCKXETXF.6YS6EN2CT7","OnDemand","USD 0.18 per GB for RestoreDataSize-Bytes in AWS GovCloud (US)","2026-07-01","0","Inf","GB","0.1800000000","USD",,,,"Amazon DynamoDB Restore Data Size","AmazonDynamoDB","AWS GovCloud (US-East)","AWS Region","Amazon DynamoDB - Backup Restore Size",,,"UGE1-RestoreDataSize-Bytes","","us-gov-east-1","Amazon DynamoDB",
"BQCZ4TYN2JVHEH4Z","JRTCKXETXF","BQCZ4TYN2JVHEH4Z.JRTCKXETXF.6YS6EN2CT7","OnDemand","$0.1425 per million read request units (Asia Pacific (Sydney))","2026-07-01","0","Inf","ReadRequestUnits","0.0000001425","USD",,,,"Amazon DynamoDB PayPerRequest Throughput","AmazonDynamoDB","Asia Pacific (Sydney)","AWS Region",,"DDB-ReadUnits","DynamoDB PayPerRequest Read Request Units","APS2-ReadRequestUnits","PayPerRequestThroughput","ap-southeast-2","Amazon DynamoDB",
"BR7TGJJXTBTA6P73","JRTCKXETXF","BR7TGJJXTBTA6P73.JRTCKXETXF.HBHVWY47CM","OnDemand","$0.0 per WriteCapacityUnit-Hrs in Israel (Tel Aviv)","2026-07-01","0","18600","WriteCapacityUnit-Hrs","0.0000000000","USD",,,,"Provisioned IOPS","AmazonDynamoDB","Israel (Tel Aviv)","AWS Region",,"DDB-WriteUnits","DynamoDB Provisioned Write Units","ILC1-WriteCapacityUnit-Hrs","CommittedThroughput","il-central-1","Amazon DynamoDB",
"BR7TGJJXTBTA6P73","JRTCKXETXF","BR7TGJJXTBTA6P73.JRTCKXETXF.E63J5HTPNN","OnDemand","$0.000882 per WriteCapacityUnit-Hrs in Israel (Tel Aviv)","2026-07-01","18600","Inf","WriteCapacityUnit-Hrs","0.0008820000","USD",,,,"Provisioned IOPS","AmazonDynamoDB","Israel (Tel Aviv)","AWS Region",,"DDB-WriteUnits","DynamoDB Provisioned Write Units","ILC1-WriteCapacityUnit-Hrs","CommittedThroughput","il-central-1","Amazon DynamoDB",
"BR7TGJJXTBTA6P73","YTVHEVGPBZ","BR7TGJJXTBTA6P73.YTVHEVGPBZ.6YS6EN2CT7","Reserved","Amazon DynamoDB, Reserved Write Capacity used this month","2026-08-04","0","Inf","WriteCapacityUnit-Hrs","0.0001740000","USD","1yr","Heavy Utilization","standard","Provisioned IOPS","AmazonDynamoDB","Israel (Tel Aviv)","AWS Region",,"DDB-WriteUnits","DynamoDB Provisioned Write Units","ILC1-WriteCapacityUnit-Hrs","CommittedThroughput","il-central-1","Amazon DynamoDB",
"BR7TGJJXTBTA6P73","YTVHEVGPBZ","BR7TGJJXTBTA6P73.YTVHEVGPBZ.2TG2D8R56U","Reserved","Upfront Fee","2026-08-04",,,"Quantity","2.034","USD","1yr","Heavy Utilization","standard","Provisioned IOPS","AmazonDynamoDB","Israel (Tel Aviv)","AWS Region",,"DDB-WriteUnits","DynamoDB Provisioned Write Units","ILC1-WriteCapacityUnit-Hrs","CommittedThroughput","il-central-1","Amazon DynamoDB",
"BRCCZ77CMVTB36WB","JRTCKXETXF","BRCCZ77CMVTB36WB.JRTCKXETXF.6YS6EN2CT7","OnDemand","$0.12000 per GB-Month of IA storage in AWS GovCloud (US-East)","2026-07-01","0","Inf","GB-Mo","0.1200000000","USD",,,,"Database Storage","AmazonDynamoDB","AWS GovCloud (US-East)","AWS Region","Amazon DynamoDB - Indexed DataStore - IA",,,"UGE1-IA-TimedStorage-ByteHrs","","us-gov-east-1","Amazon DynamoDB",
"BSCZKG49S5D6TSA4","JRTCKXETXF","BSCZKG49S5D6TSA4.JRTCKXETXF.6YS6EN2CT7","OnDemand","$0.65 per GB of IA vector write requests in US West (Oregon)","2026-07-01","0","Inf","GB","0.6500000000","USD",,,,"Amazon DynamoDB PayPerRequest Throughput","AmazonDynamoDB","US West (Oregon)","AWS Region",,,,"USW2-IA-VectorWriteRequest","","us-west-2","Amazon DynamoDB",
"BSSNA3J8SSXP25SE","JRTCKXETXF","BSSNA3J8SSXP25SE.JRTCKXETXF.6YS6EN2CT7","OnDemand","$0.11400 per GB-Month of IA storage in Asia Pacific (Melbourne)","2026-07-01","0","Inf","GB-Mo","0.1140000000","USD",,,,"Database Storage","AmazonDynamoDB","Asia Pacific (Melbourne)","AWS Region","Amazon DynamoDB - Indexed DataStore - IA",,,"APS6-IA-TimedStorage-ByteHrs","","ap-southeast-4","Amazon DynamoDB",
"BTQZK7643UWH4ZR6","JRTCKXETXF","BTQZK7643UWH4ZR6.JRTCKXETXF.6YS6EN2CT7","OnDemand","$0.171 per GB of data restored in Asia Pacific (Melbourne)","2026-07-01","0","Inf","GB","0.1710000000","USD",,,,"Amazon DynamoDB Restore Data Size","AmazonDynamoDB","Asia Pacific (Melbourne)","AWS Region","Amazon DynamoDB - Backup Restore Size",,,"APS6-RestoreDataSize-Bytes","","ap-southeast-4","Amazon DynamoDB",
"BVCWFJ9NWWAS7C9D","JRTCKXETXF","BVCWFJ9NWWAS7C9D.JRTCKXETXF.6YS6EN2CT7","OnDemand","$0.00287 per GB of IA vector data searched in Asia Pacific (Tokyo)","2026-07-01","0","Inf","GB","0.0028700000","USD",,,,"Amazon DynamoDB PayPerRequest Throughput","AmazonDynamoDB","Asia Pacific (Tokyo)","AWS Region",,,,"APN1-IA-VectorSearch","","ap-northeast-1","Amazon DynamoDB",
"BVMXZMGMHTX2MKZR","JRTCKXETXF","BVMXZMGMHTX2MKZR.JRTCKXETXF.M9QGYPQ72M","OnDemand","$0.00 for 2.5 million DynamoDB Streams read request units for a month (free tier) in Asia Pacific (Melbourne)","2026-07-01","0","2500000","Requests","0.0000000000","USD",,,,"API Request","AmazonDynamoDB","Asia Pacific (Melbourne)","AWS Region",,"DDB-StreamsReadRequests","DynamoDB Streams read request (GetRecords API)","APS6-Streams-Requests","GetRecords","ap-southeast-4","Amazon DynamoDB",
"BVMXZMGMHTX2MKZR","JRTCKXETXF","BVMXZMGMHTX2MKZR.JRTCKXETXF.AUKFMGQW43","OnDemand","$0.000000228 per DynamoDB Streams read request unit beyond free tier in Asia Pacific (Melbourne)","2026-07-01","2500000","Inf","Requests","0.0000002280","USD",,,,"API Request","AmazonDynamoDB","Asia Pacific (Melbourne)","AWS Region",,"DDB-StreamsReadRequests","DynamoDB Streams read request (GetRecords API)","APS6-Streams-Requests","GetRecords","ap-southeast-4","Amazon DynamoDB",
"BWQ4SGFMW42XED89","JRTCKXETXF","BWQ4SGFMW42XED89.JRTCKXETXF.6YS6EN2CT7","OnDemand","$0.12100 per GB of data exported in Middle East (UAE)","2026-07-01","0","Inf","GB","0.1210000000","USD",,,,"Amazon DynamoDB Export Data Size","AmazonDynamoDB","Middle East (UAE)","AWS Region","Amazon DynamoDB - Export Size",,,"MEC1-ExportDataSize-Bytes","","me-central-1","Amazon DynamoDB",
"BYD6EES28AD4UC8X","JRTCKXETXF","BYD6EES28AD4UC8X.JRTCKXETXF.6YS6EN2CT7","OnDemand","$0.2618 per GB-Month of storage used for DynamoDB PITR backup in Africa (Cape Town)","2026-07-01","0","Inf","GB-Mo","0.2618000000","USD",,,,"Database Storage","AmazonDynamoDB","Africa (Cape Town)","AWS Region","Amazon DynamoDB - Point-In-Time-Restore (PITR) Backup Storage",,,"AFS1-TimedPITRStorage-ByteHrs","","af-south-1","Amazon DynamoDB",
"C2GFQ7TYGJVM4SYJ","JRTCKXETXF","C2GFQ7TYGJVM4SYJ.JRTCKXETXF.M9QGYPQ72M","OnDemand","$0.00 for 2.5 million DynamoDB Streams read request units for a month (free tier) (Asia Pacific (India))","2026-07-01","0","2500000","Requests","0.0000000000","USD",,,,"API Request","AmazonDynamoDB","Asia Pacific (Mumbai)","AWS Region",,"DDB-StreamsReadRequests","DynamoDB Streams read request (GetRecords API)","APS3-Streams-Requests","GetRecords","ap-south-1","Amazon DynamoDB",
"C2GFQ7TYGJVM4SYJ","JRTCKXETXF","C2GFQ7TYGJVM4SYJ.JRTCKXETXF.AUKFMGQW43","OnDemand","$0.000000228 per DynamoDB Streams read request unit beyond free tier (Asia Pacific (India))","2026-07-01","2500000","Inf","Requests","0.0000002280","USD",,,,"API Request","AmazonDynamoDB","Asia Pacific (Mumbai)","AWS Region",,"DDB-StreamsReadRequests","DynamoDB Streams read request (GetRecords API)","APS3-Streams-Requests","GetRecords","ap-south-1","Amazon DynamoDB",
"C2WD7MBWQJJ6TSNB","JRTCKXETXF","C2WD7MBWQJJ6TSNB.JRTCKXETXF.6YS6EN2CT7","OnDemand","$0.11400 per GB of data exported in Asia Pacific (Singapore)","2026-07-01","0","Inf","GB","0.1140000000","USD",,,,"Amazon DynamoDB Export Data Size","AmazonDynamoDB","Asia Pacific (Singapore)","AWS Region","Amazon DynamoDB - Export Size",,,"APS1-ExportDataSize-Bytes","","ap-southeast-1","Amazon DynamoDB",
"C2ZUHUCM7JNS846H","JRTCKXETXF","C2ZUHUCM7JNS846H.JRTCKXETXF.6YS6EN2CT7","OnDemand","$0.17829 per GB for data import in EU (Paris)","2026-07-01","0","Inf","GB","0.1782900000","USD",,,,"Amazon DynamoDB Import Data Size","AmazonDynamoDB","EU (Paris)","AWS Region","Amazon DynamoDB - Import Size",,,"EUW3-ImportDataSize-Bytes","","eu-west-3","Amazon DynamoDB",
"C34YEHCSVM2ZUVDD","JRTCKXETXF","C34YEHCSVM2ZUVDD.JRTCKXETXF.6YS6EN2CT7","OnDemand","$0.11400 per GB of data exported in Asia Pacific (Mumbai)","2026-07-01","0","Inf","GB","0.1140000000","USD",,,,"Amazon DynamoDB Export Data Size","AmazonDynamoDB","Asia Pacific (Mumbai)","AWS Region","Amazon DynamoDB - Export Size",,,"APS3-ExportDataSize-Bytes","","ap-south-1","Amazon DynamoDB",
"C3KVQJC3P2UZ6DKW","JRTCKXETXF","C3KVQJC3P2UZ6DKW.JRTCKXETXF.6YS6EN2CT7","OnDemand","$0.1487 per million read request units Europe West 2","2026-07-01","0","Inf","ReadRequestUnits","0.0000001487","USD",,,,"Amazon DynamoDB PayPerRequest Throughput","AmazonDynamoDB","EU (London)","AWS Region",,"DDB-ReadUnits","DynamoDB PayPerRequest Read Request Units","EUW2-ReadRequestUnits","PayPerRequestThroughput","eu-west-2","Amazon DynamoDB",
"C6AMNRHJ9BM87DGF","JRTCKXETXF","C6AMNRHJ9BM87DGF.JRTCKXETXF.6YS6EN2CT7","OnDemand","$0.9375 per million replicated IA write request unit in AWS GovCloud (US-East)","2026-07-01","0","Inf","ReplicatedWriteRequestUnits","0.0000009375","USD",,,,"Amazon DynamoDB PayPerRequest Throughput","AmazonDynamoDB","AWS GovCloud (US-East)","AWS Region",,"DDB-ReplicatedWriteUnitsIA","DynamoDB PayPerRequest Replicated Write Request Units IA","UGE1-IA-ReplWriteRequestUnits","PayPerRequestThroughput","us-gov-east-1","Amazon DynamoDB",
"C7EPEWE3GFXXDMHR","JRTCKXETXF","C7EPEWE3GFXXDMHR.JRTCKXETXF.M9QGYPQ72M","OnDemand","$0.00 for 2.5 million DynamoDB Streams read request units for a month (free tier) (US East (N. Virginia))","2026-07-01","0","2500000","Requests","0.0000000000","USD",,,,"API Request","AmazonDynamoDB","US East (N. Virginia)","AWS Region",,"DDB-StreamsReadRequests","DynamoDB Streams read request (GetRecords API)","USE1-Streams-Requests","GetRecords","us-east-1","Amazon DynamoDB",
"C7EPEWE3GFXXDMHR","JRTCKXETXF","C7EPEWE3GFXXDMHR.JRTCKXETXF.AUKFMGQW43","OnDemand","$0.0000002 per DynamoDB Streams read request unit beyond free tier (US East (N. Virginia))","2026-07-01","2500000","Inf","Requests","0.0000002000","USD",,,,"API Request","AmazonDynamoDB","US East (N. Virginia)","AWS Region",,"DDB-StreamsReadRequests","DynamoDB Streams read request (GetRecords API)","USE1-Streams-Requests","GetRecords","us-east-1","Amazon DynamoDB",
"C858FY285GSAYYPK","JRTCKXETXF","C858FY285GSAYYPK.JRTCKXETXF.6YS6EN2CT7","OnDemand","$0.8595 per million IA write request units in Canada (Central)","2026-07-01","0","Inf","WriteRequestUnits","0.0000008595","USD",,,,"Amazon DynamoDB PayPerRequest Throughput","AmazonDynamoDB","Canada (Central)","AWS Region",,"DDB-WriteUnitsIA","DynamoDB PayPerRequest Write Request Units IA","CAN1-IA-WriteRequestUnits","PayPerRequestThroughput","ca-central-1","Amazon DynamoDB",
"CA3RRRXY5FRTJ5RF","JRTCKXETXF","CA3RRRXY5FRTJ5RF.JRTCKXETXF.6YS6EN2CT7","OnDemand","$0.0009300 per hour for units of IA write capacity in Asia Pacific (Jakarta)","2026-07-01","0","Inf","WriteCapacityUnit-Hrs","0.0009300000","USD",,,,"Provisioned IOPS","AmazonDynamoDB","Asia Pacific (Jakarta)","AWS Region",,"DDB-WriteUnitsIA","DynamoDB Provisioned Write Units IA","APS4-IA-WriteCapacityUnit-Hrs","CommittedThroughput","ap-southeast-3","Amazon DynamoDB",
"CA48KP239QD7QGET","JRTCKXETXF","CA48KP239QD7QGET.JRTCKXETXF.6YS6EN2CT7","OnDemand","$0.1355 per million read request units (Asia Pacific (Korea))","2026-07-01","0","Inf","ReadRequestUnits","0.0000001355","USD",,,,"Amazon DynamoDB PayPerRequest Throughput","AmazonDynamoDB","Asia Pacific (Seoul)","AWS Region",,"DDB-ReadUnits","DynamoDB PayPerRequest Read Request Units","APN2-ReadRequestUnits","PayPerRequestThroughput","ap-northeast-2","Amazon DynamoDB",
"CAKZFMNVSCUA3BBD","JRTCKXETXF","CAKZFMNVSCUA3BBD.JRTCKXETXF.M9QGYPQ72M","OnDemand","$0.00 for 2.5 million DynamoDB Streams read request units for a month (free tier) (US West (N. California))","2026-07-01","0","2500000","Requests","0.0000000000","USD",,,,"API Request","AmazonDynamoDB","US West (N. California)","AWS Region",,"DDB-StreamsReadRequests","DynamoDB Streams read request (GetRecords API)","USW1-Streams-Requests","GetRecords","us-west-1","Amazon DynamoDB",
"CAKZFMNVSCUA3BBD","JRTCKXETXF","CAKZFMNVSCUA3BBD.JRTCKXETXF.AUKFMGQW43","OnDemand","$0.000000224 per DynamoDB Streams read request unit beyond free tier (US West (N. California))","2026-07-01","2500000","Inf","Requests","0.0000002240","USD",,,,"API Request","AmazonDynamoDB","US West (N. California)","AWS Region",,"DDB-StreamsReadRequests","DynamoDB Streams read request (GetRecords API)","USW1-Streams-Requests","GetRecords","us-west-1","Amazon DynamoDB",
"CBZ89MH6UDY6QA82","JRTCKXETXF","CBZ89MH6UDY6QA82.JRTCKXETXF.6YS6EN2CT7","OnDemand","$0.12000 per GB of data exported in AWS GovCloud (US-East)","2026-07-01","0","Inf","GB","0.1200000000","USD",,,,"Amazon DynamoDB Export Data Size","AmazonDynamoDB","AWS GovCloud (US-East)","AWS Region","Amazon DynamoDB - Export Size",,,"UGE1-ExportDataSize-Bytes","","us-gov-east-1","Amazon DynamoDB",
"CCFHSCBB9JKMVKXZ","JRTCKXETXF","CCFHSCBB9JKMVKXZ.JRTCKXETXF.6YS6EN2CT7","OnDemand","$0.1700 per GB for data import in EU (Ireland)","2026-07-01","0","Inf","GB","0.1700000000","USD",,,,"Amazon DynamoDB Import Data Size","AmazonDynamoDB","EU (Ireland)","AWS Region","Amazon DynamoDB - Import Size",,,"EU-ImportDataSize-Bytes","","eu-west-1","Amazon DynamoDB",
"CDE2CBGCSTA286TV","JRTCKXETXF","CDE2CBGCSTA286TV.JRTCKXETXF.6YS6EN2CT7","OnDemand","$0.17955 per GB of data imported to Amazon DynamoDB  in Asia Pacific (New Zealand)","2026-07-01","0","Inf","GB","0.1795500000","USD",,,,"Amazon DynamoDB Import Data Size","AmazonDynamoDB","Asia Pacific (New Zealand)","AWS Region","Amazon DynamoDB - Import Size",,,"APS8-ImportDataSize-Bytes","","ap-southeast-6","Amazon DynamoDB",
"CDFXTJ26FVEN452D","JRTCKXETXF","CDFXTJ26FVEN452D.JRTCKXETXF.6YS6EN2CT7","OnDemand","$0.0008811 per hour for units of IA replicated write capacity in Asia Pacific (Seoul)","2026-07-01","0","Inf","ReplicatedWriteCapacityUnit-Hrs","0.0008811000","USD",,,,"DDB-Operation-ReplicatedWrite","AmazonDynamoDB","Asia Pacific (Seoul)","AWS Region",,"DDB-ReplicatedWriteUnitsIA","DynamoDB Provisioned Replicated Write Units IA","APN2-IA-ReplWriteCapacityUnit-Hrs","CommittedThroughput","ap-northeast-2","Amazon DynamoDB",
"CECRR2HXAAR24PSC","JRTCKXETXF","CECRR2HXAAR24PSC.JRTCKXETXF.6YS6EN2CT7","OnDemand","$0.11385 per million change data capture units for Kinesis Data Streams in Asia Pacific (Mumbai)","2026-07-01","0","Inf","ChangeDataCaptureUnits","0.0000001139","USD",,,,,"AmazonDynamoDB","Asia Pacific (Mumbai)","AWS Region",,"DDB-Kinesis","Change Data Capture Units for Kinesis Data Streams","APS3-ChangeDataCaptureUnits-Kinesis","DelegatedOperations","ap-south-1","Amazon DynamoDB",
"CF8XKWEBQVJUBJ7Z","JRTCKXETXF","CF8XKWEBQVJUBJ7Z.JRTCKXETXF.6YS6EN2CT7","OnDemand","$0.1026 per GB-Mo of IA storage for Amazon DynamoDB in Asia Pacific (Thailand)","2026-07-01","0","Inf","GB-Mo","0.1026000000","USD",,,,"Database Storage","AmazonDynamoDB","Asia Pacific (Thailand)","AWS Region","Amazon DynamoDB - Indexed DataStore - IA",,,"APS9-IA-TimedStorage-ByteHrs","","ap-southeast-7","Amazon DynamoDB",
"CHA8APAK5X7UKDCS","JRTCKXETXF","CHA8APAK5X7UKDCS.JRTCKXETXF.6YS6EN2CT7","OnDemand","$0.005 per GB of vector data searched","2026-07-01","0","Inf","GB","0.0050000000","USD",,,,"Amazon DynamoDB PayPerRequest Throughput","AmazonDynamoDB","Any","AWS Region",,,,"Global-VectorSearch","","","Amazon DynamoDB","Standard"
"CNEZUECRZZYFQY9B","JRTCKXETXF","CNEZUECRZZYFQY9B.JRTCKXETXF.6YS6EN2CT7","OnDemand","$0.1945 per million IA read request units in Middle East (UAE)","2026-07-01","0","Inf","ReadRequestUnits","0.0000001945","USD",,,,"Amazon DynamoDB PayPerRequest Throughput","AmazonDynamoDB","Middle East (UAE)","AWS Region",,"DDB-ReadUnitsIA","DynamoDB PayPerRequest Read Request Units IA","MEC1-IA-ReadRequestUnits","PayPerRequestThroughput","me-central-1","Amazon DynamoDB",
"CP748A46VSFMEPZZ","JRTCKXETXF","CP748A46VSFMEPZZ.JRTCKXETXF.6YS6EN2CT7","OnDemand","$0.0002024 per hour for units of IA read capacity in EU in Middle East (UAE)","2026-07-01","0","Inf","ReadCapacityUnit-Hrs","0.0002024000","USD",,,,"Provisioned IOPS","AmazonDynamoDB","Middle East (UAE)","AWS Region",,"DDB-ReadUnitsIA","DynamoDB Provisioned Read Units IA","MEC1-IA-ReadCapacityUnit-Hrs","CommittedThroughput","me-central-1","Amazon DynamoDB",
"CPQGEKTD9868QH4B","JRTCKXETXF","CPQGEKTD9868QH4B.JRTCKXETXF.6YS6EN2CT7","OnDemand","$0.1026 per GB-Month of IA storage in Asia Pacific (Malaysia)","2026-07-01","0","Inf","GB-Mo","0.1026000000","USD",,,,"Database Storage","AmazonDynamoDB","Asia Pacific (Malaysia)","AWS Region","Amazon DynamoDB - Indexed DataStore - IA",,,"APS7-IA-TimedStorage-ByteHrs","","ap-southeast-5","Amazon DynamoDB",
"CRY85JPX766TWE8M","JRTCKXETXF","CRY85JPX766TWE8M.JRTCKXETXF.6YS6EN2CT7","OnDemand","$0.68 per million write request units (Asia Pacific (Korea))","2026-07-01","0","Inf","WriteRequestUnits","0.0000006800","USD",,,,"Amazon DynamoDB PayPerRequest Throughput","AmazonDynamoDB","Asia Pacific (Seoul)","AWS Region",,"DDB-WriteUnits","DynamoDB PayPerRequest Write Request Units","APN2-WriteRequestUnits","PayPerRequestThroughput","ap-northeast-2","Amazon DynamoDB",
"CT9T39Y6PD2UC2AZ","JRTCKXETXF","CT9T39Y6PD2UC2AZ.JRTCKXETXF.HBHVWY47CM","OnDemand","$0.00 per hour for 25 units of replicated write capacity for a month (free tier)","2026-07-01","0","18600","ReplicatedWriteCapacityUnit-Hrs","0.0000000000","USD",,,,"DDB-Operation-ReplicatedWrite","AmazonDynamoDB","Asia Pacific (Tokyo)","AWS Region",,"DDB-ReplicatedWriteUnits","DynamoDB Provisioned Replicated Write Units","APN1-ReplWriteCapacityUnit-Hrs","CommittedThroughput","ap-northeast-1","Amazon DynamoDB",
"CT9T39Y6PD2UC2AZ","JRTCKXETXF","CT9T39Y6PD2UC2AZ.JRTCKXETXF.E63J5HTPNN","OnDemand","$0.000742 per hour for units of replicated write capacity beyond the free tier","2026-07-01","18600","Inf","ReplicatedWriteCapacityUnit-Hrs","0.0007420000","USD",,,,"DDB-Operation-ReplicatedWrite","AmazonDynamoDB","Asia Pacific (Tokyo)","AWS Region",,"DDB-ReplicatedWriteUnits","DynamoDB Provisioned Replicated Write Units","APN1-ReplWriteCapacityUnit-Hrs","CommittedThroughput","ap-northeast-1","Amazon DynamoDB",
"CTV9VTV84VGD7X72","JRTCKXETXF","CTV9VTV84VGD7X72.JRTCKXETXF.6YS6EN2CT7","OnDemand","$0.845 per million IA write request units in Asia Pacific (Seoul)","2026-07-01","0","Inf","WriteRequestUnits","0.0000008450","USD",,,,"Amazon DynamoDB PayPerRequest Throughput","AmazonDynamoDB","Asia Pacific (Seoul)","AWS Region",,"DDB-WriteUnitsIA","DynamoDB PayPerRequest Write Request Units IA","APN2-IA-WriteRequestUnits","PayPerRequestThroughput","ap-northeast-2","Amazon DynamoDB",
"CU3XQDAVD9HZZT5D","JRTCKXETXF","CU3XQDAVD9HZZT5D.JRTCKXETXF.6YS6EN2CT7","OnDemand","$0.178 per million IA read request units in Asia Pacific (Melbourne)","2026-07-01","0","Inf","ReadRequestUnits","0.0000001780","USD",,,,"Amazon DynamoDB PayPerRequest Throughput","AmazonDynamoDB","Asia Pacific (Melbourne)","AWS Region",,"DDB-ReadUnitsIA","DynamoDB PayPerRequest Read Request Units IA","APS6-IA-ReadRequestUnits","PayPerRequestThroughput","ap-southeast-4","Amazon DynamoDB",
"CUVFRUH6KCGCTJHG","JRTCKXETXF","CUVFRUH6KCGCTJHG.JRTCKXETXF.6YS6EN2CT7","OnDemand","$0.1602 per million DynamoDB IA Read Request Units in Asia Pacific (Taipei)","2026-07-01","0","Inf","ReadRequestUnits","0.0000001602","USD",,,,"Amazon DynamoDB PayPerRequest Throughput","AmazonDynamoDB","Asia Pacific (Taipei)","AWS Region",,"DDB-ReadUnitsIA","DynamoDB PayPerRequest Read Request Units IA","APE2-IA-ReadRequestUnits","PayPerRequestThroughput","ap-east-2","Amazon DynamoDB",
"CUXQH8S8J5CBCFDF","JRTCKXETXF","CUXQH8S8J5CBCFDF.JRTCKXETXF.6YS6EN2CT7","OnDemand","$0.00226 per GB of vector data searched in Europe (Spain)","2026-07-01","0","Inf","GB","0.0022600000","USD",,,,"Amazon DynamoDB PayPerRequest Throughput","AmazonDynamoDB","Europe (Spain)","AWS Region",,,,"EUS2-VectorSearch","","eu-south-2","Amazon DynamoDB","Standard"
"CXJX82N5S7KPJTWU","JRTCKXETXF","CXJX82N5S7KPJTWU.JRTCKXETXF.6YS6EN2CT7","OnDemand","$0.10830 per GB of data exported in Asia Pacific (Seoul)","2026-07-01","0","Inf","GB","0.1083000000","USD",,,,"Amazon DynamoDB Export Data Size","AmazonDynamoDB","Asia Pacific (Seoul)","AWS Region","Amazon DynamoDB - Export Size",,,"APN2-ExportDataSize-Bytes","","ap-northeast-2","Amazon DynamoDB",
"CYHA8JN9SUAHBGJ8","JRTCKXETXF","CYHA8JN9SUAHBGJ8.JRTCKXETXF.6YS6EN2CT7","OnDemand","$0.132 per GB for ExportDataSize-Bytes in Israel (Tel Aviv)","2026-07-01","0","Inf","GB","0.1320000000","USD",,,,"Amazon DynamoDB Export Data Size","AmazonDynamoDB","Israel (Tel Aviv)","AWS Region","Amazon DynamoDB - Export Size",,,"ILC1-ExportDataSize-Bytes","","il-central-1","Amazon DynamoDB",
"CZ3CRWY7NNBBUYRB","JRTCKXETXF","CZ3CRWY7NNBBUYRB.JRTCKXETXF.6YS6EN2CT7","OnDemand","$0.70417 per GB of IA vector write requests in Asia Pacific (Seoul)","2026-07-01","0","Inf","GB","0.7041700000","USD",,,,"Amazon DynamoDB PayPerRequest Throughput","AmazonDynamoDB","Asia Pacific (Seoul)","AWS Region",,,,"APN2-IA-VectorWriteRequest","","ap-northeast-2","Amazon DynamoDB",
"D2MCDU8DTUAS9R63","JRTCKXETXF","D2MCDU8DTUAS9R63.JRTCKXETXF.6YS6EN2CT7","OnDemand","$0.15000 per million change data capture units for Kinesis Data Streams in South America (Sao Paulo)","2026-07-01","0","Inf","ChangeDataCaptureUnits","0.0000001500","USD",,,,,"AmazonDynamoDB","South America (Sao Paulo)","AWS Region",,"DDB-Kinesis","Change Data Capture Units for Kinesis Data Streams","SAE1-ChangeDataCaptureUnits-Kinesis","DelegatedOperations","sa-east-1","Amazon DynamoDB",
"D4EXBWCGADNSQYRE","JRTCKXETXF","D4EXBWCGADNSQYRE.JRTCKXETXF.6YS6EN2CT7","OnDemand","$0.1905 per million IA read request units in EU (Frankfurt)","2026-07-01","0","Inf","ReadRequestUnits","0.0000001905","USD",,,,"Amazon DynamoDB PayPerRequest Throughput","AmazonDynamoDB","EU (Frankfurt)","AWS Region",,"DDB-ReadUnitsIA","DynamoDB PayPerRequest Read Request Units IA","EUC1-IA-ReadRequestUnits","PayPerRequestThroughput","eu-central-1","Amazon DynamoDB",
"D4HA643W5VY7RNZ8","JRTCKXETXF","D4HA643W5VY7RNZ8.JRTCKXETXF.6YS6EN2CT7","OnDemand","$0.59072 per GB of vector write requests in Asia Pacific (Sydney)","2026-07-01","0","Inf","GB","0.5907200000","USD",,,,"Amazon DynamoDB PayPerRequest Throughput","AmazonDynamoDB","Asia Pacific (Sydney)","AWS Region",,,,"APS2-VectorWriteRequest","","ap-southeast-2","Amazon DynamoDB","Standard"
"D5DRNQCFNKQYEDVB","JRTCKXETXF","D5DRNQCFNKQYEDVB.JRTCKXETXF.HBHVWY47CM","OnDemand","$0 per hour for 25 units of DynamoDB Provisioned Replicated Write Units in Asia Pacific (Taipei)","2026-07-01","0","18600","ReplicatedWriteCapacityUnit-Hrs","0.0000000000","USD",,,,"DDB-Operation-ReplicatedWrite","AmazonDynamoDB","Asia Pacific (Taipei)","AWS Region",,"DDB-ReplicatedWriteUnits","DynamoDB Provisioned Replicated Write Units","APE2-ReplWriteCapacityUnit-Hrs","CommittedThroughput","ap-east-2","Amazon DynamoDB",
"D5DRNQCFNKQYEDVB","JRTCKXETXF","D5DRNQCFNKQYEDVB.JRTCKXETXF.E63J5HTPNN","OnDemand","$0.0006678 per hour beyond the free tier for DynamoDB Provisioned Replicated Write Units in Asia Pacific (Taipei)","2026-07-01","18600","Inf","ReplicatedWriteCapacityUnit-Hrs","0.0006678000","USD",,,,"DDB-Operation-ReplicatedWrite","AmazonDynamoDB","Asia Pacific (Taipei)","AWS Region",,"DDB-ReplicatedWriteUnits","DynamoDB Provisioned Replicated Write Units","APE2-ReplWriteCapacityUnit-Hrs","CommittedThroughput","ap-east-2","Amazon DynamoDB",
"D5U3V9XFWM7GPYGR","JRTCKXETXF","D5U3V9XFWM7GPYGR.JRTCKXETXF.6YS6EN2CT7","OnDemand","$0.0024 per GB of vector data searched in AWS GovCloud (US-East)","2026-07-01","0","Inf","GB","0.0024000000","USD",,,,"Amazon DynamoDB PayPerRequest Throughput","AmazonDynamoDB","AWS GovCloud (US-East)","AWS Region",,,,"UGE1-VectorSearch","","us-gov-east-1","Amazon DynamoDB","Standard"
"D6R7659D8FYC748F","JRTCKXETXF","D6R7659D8FYC748F.JRTCKXETXF.6YS6EN2CT7","OnDemand","$0.69888 per GB of vector write requests in Africa (Cape Town)","2026-07-01","0","Inf","GB","0.6988800000","USD",,,,"Amazon DynamoDB PayPerRequest Throughput","AmazonDynamoDB","Africa (Cape Town)","AWS Region",,,,"AFS1-VectorWriteRequest","","af-south-1","Amazon DynamoDB","Standard"
"D7KPQDD6PJH4JRKM","JRTCKXETXF","D7KPQDD6PJH4JRKM.JRTCKXETXF.6YS6EN2CT7","OnDemand","$0.1555 per million read request units in Middle East (UAE)","2026-07-01","0","Inf","ReadRequestUnits","0.0000001555","USD",,,,"Amazon DynamoDB PayPerRequest Throughput","AmazonDynamoDB","Middle East (UAE)","AWS Region",,"DDB-ReadUnits","DynamoDB PayPerRequest Read Request Units","MEC1-ReadRequestUnits","PayPerRequestThroughput","me-central-1","Amazon DynamoDB",
"D9EEZ5YMY7Q59CY8","JRTCKXETXF","D9EEZ5YMY7Q59CY8.JRTCKXETXF.M9QGYPQ72M","OnDemand","$0.00 for 2.5 million DynamoDB Streams read request units for a month (free tier) in Asia Pacific (Hyderabad)","2026-07-01","0","2500000","Requests","0.0000000000","USD",,,,"API Request","AmazonDynamoDB","Asia Pacific (Hyderabad)","AWS Region",,"DDB-StreamsReadRequests","DynamoDB Streams read request (GetRecords API)","APS5-Streams-Requests","GetRecords","ap-south-2","Amazon DynamoDB",
"D9EEZ5YMY7Q59CY8","JRTCKXETXF","D9EEZ5YMY7Q59CY8.JRTCKXETXF.AUKFMGQW43","OnDemand","$0.000000228 per DynamoDB Streams read request unit beyond free tier (Hyderabad)","2026-07-01","2500000","Inf","Requests","0.0000002280","USD",,,,"API Request","AmazonDynamoDB","Asia Pacific (Hyderabad)","AWS Region",,"DDB-StreamsReadRequests","DynamoDB Streams read request (GetRecords API)","APS5-Streams-Requests","GetRecords","ap-south-2","Amazon DynamoDB",
"DARYDES7ACNVM9XF","JRTCKXETXF","DARYDES7ACNVM9XF.JRTCKXETXF.6YS6EN2CT7","OnDemand","$0.65312 per GB of vector write requests in Asia Pacific (Hong Kong)","2026-07-01","0","Inf","GB","0.6531200000","USD",,,,"Amazon DynamoDB PayPerRequest Throughput","AmazonDynamoDB","Asia Pacific (Hong Kong)","AWS Region",,,,"APE1-VectorWriteRequest","","ap-east-1","Amazon DynamoDB","Standard"
"DBEWHC6G3CQHNQZT","JRTCKXETXF","DBEWHC6G3CQHNQZT.JRTCKXETXF.6YS6EN2CT7","OnDemand","$0.59072 per GB of vector write requests in Asia Pacific (Hyderabad)","2026-07-01","0","Inf","GB","0.5907200000","USD",,,,"Amazon DynamoDB PayPerRequest Throughput","AmazonDynamoDB","Asia Pacific (Hyderabad)","AWS Region",,,,"APS5-VectorWriteRequest","","ap-south-2","Amazon DynamoDB","Standard"
"DC7NMEMXZPW6E4HE","JRTCKXETXF","DC7NMEMXZPW6E4HE.JRTCKXETXF.G2A93NZ7DT","OnDemand","$0.00 per GB-Month of storage for first 25 free GB-Months","2026-07-01","0","25","GB-Mo","0.0000000000","USD",,,,"Database Storage","AmazonDynamoDB","EU (Frankfurt)","AWS Region","Amazon DynamoDB - Indexed DataStore",,,"EUC1-TimedStorage-ByteHrs","","eu-central-1","Amazon DynamoDB",
"DC7NMEMXZPW6E4HE","JRTCKXETXF","DC7NMEMXZPW6E4HE.JRTCKXETXF.VYAP54KATQ","OnDemand","$0.306 per GB-Month of storage used beyond first 25 free GB-Months","2026-07-01","25","Inf","GB-Mo","0.3060000000","USD",,,,"Database Storage","AmazonDynamoDB","EU (Frankfurt)","AWS Region","Amazon DynamoDB - Indexed DataStore",,,"EUC1-TimedStorage-ByteHrs","","eu-central-1","Amazon DynamoDB",
"DC8BN4FVUBWBZBPH","JRTCKXETXF","DC8BN4FVUBWBZBPH.JRTCKXETXF.6YS6EN2CT7","OnDemand","$0.1575 per GB of data imported to Amazon DynamoDB  in Mexico (Central)","2026-07-01","0","Inf","GB","0.1575000000","USD",,,,"Amazon DynamoDB Import Data Size","AmazonDynamoDB","Mexico (Central)","AWS Region","Amazon DynamoDB - Import Size",,,"MXC1-ImportDataSize-Bytes","","mx-central-1","Amazon DynamoDB",
"DCMXG5H7ET75YWKS","JRTCKXETXF","DCMXG5H7ET75YWKS.JRTCKXETXF.6YS6EN2CT7","OnDemand","$0.11400 per GB of data exported in Asia Pacific (Jakarta)","2026-07-01","0","Inf","GB","0.1140000000","USD",,,,"Amazon DynamoDB Export Data Size","AmazonDynamoDB","Asia Pacific (Jakarta)","AWS Region","Amazon DynamoDB - Export Size",,,"APS4-ExportDataSize-Bytes","","ap-southeast-3","Amazon DynamoDB",
"DD5V5CQUYGEVKAM5","HU7G6KETJZ","DD5V5CQUYGEVKAM5.HU7G6KETJZ.6YS6EN2CT7","Reserved","Linux/UNIX (Amazon VPC), dynamodb.write reserved instance applied","2026-08-04","0","Inf","WriteCapacityUnit-Hrs","0.0001530000","USD","1yr","Partial Upfront","standard","Provisioned IOPS","AmazonDynamoDB","Asia Pacific (New Zealand)","AWS Region",,"DDB-WriteUnits","DynamoDB Provisioned Write Units","APS8-WriteCapacityUnit-Hrs","CommittedThroughput","ap-southeast-6","Amazon DynamoDB",
"DD5V5CQUYGEVKAM5","HU7G6KETJZ","DD5V5CQUYGEVKAM5.HU7G6KETJZ.2TG2D8R56U","Reserved","Upfront Fee","2026-08-04",,,"Quantity","1.7955","USD","1yr","Partial Upfront","standard","Provisioned IOPS","AmazonDynamoDB","Asia Pacific (New Zealand)","AWS Region",,"DDB-WriteUnits","DynamoDB Provisioned Write Units","APS8-WriteCapacityUnit-Hrs","CommittedThroughput","ap-southeast-6","Amazon DynamoDB",
"DD5V5CQUYGEVKAM5","JRTCKXETXF","DD5V5CQUYGEVKAM5.JRTCKXETXF.HBHVWY47CM","OnDemand","$0.00 per hour for 25 units of DynamoDB Provisioned Write Capacity Units in Asia Pacific (New Zealand)","2026-07-01","0","18600","WriteCapacityUnit-Hrs","0.0000000000","USD",,,,"Provisioned IOPS","AmazonDynamoDB","Asia Pacific (New Zealand)","AWS Region",,"DDB-WriteUnits","DynamoDB Provisioned Write Units","APS8-WriteCapacityUnit-Hrs","CommittedThroughput","ap-southeast-6","Amazon DynamoDB",
"DD5V5CQUYGEVKAM5","JRTCKXETXF","DD5V5CQUYGEVKAM5.JRTCKXETXF.E63J5HTPNN","OnDemand","$0.000777 per hour beyond the free tier for DynamoDB Provisioned Write Capacity Units in Asia Pacific (New Zealand)","2026-07-01","18600","Inf","WriteCapacityUnit-Hrs","0.0007770000","USD",,,,"Provisioned IOPS","AmazonDynamoDB","Asia Pacific (New Zealand)","AWS Region",,"DDB-WriteUnits","DynamoDB Provisioned Write Units","APS8-WriteCapacityUnit-Hrs","CommittedThroughput","ap-southeast-6","Amazon DynamoDB",
"DD7J4A2CEWS7U7KX","JRTCKXETXF","DD7J4A2CEWS7U7KX.JRTCKXETXF.6YS6EN2CT7","OnDemand","$0.23772 per GB-Month of storage used for DynamoDB PITR backup","2026-07-01","0","Inf","GB-Mo","0.2377200000","USD",,,,"Database Storage","AmazonDynamoDB","EU (Paris)","AWS Region","Amazon DynamoDB - Point-In-Time-Restore (PITR) Backup Storage",,,"EUW3-TimedPITRStorage-ByteHrs","","eu-west-3","Amazon DynamoDB",
"DFT8P7MT3C5U4HR8","JRTCKXETXF","DFT8P7MT3C5U4HR8.JRTCKXETXF.6YS6EN2CT7","OnDemand","$0.64 per million write request units in Asia Pacific (Malaysia)","2026-07-01","0","Inf","WriteRequestUnits","0.0000006400","USD",,,,"Amazon DynamoDB PayPerRequest Throughput","AmazonDynamoDB","Asia Pacific (Malaysia)","AWS Region",,"DDB-WriteUnits","DynamoDB PayPerRequest Write Request Units","APS7-WriteRequestUnits","PayPerRequestThroughput","ap-southeast-5","Amazon DynamoDB",
"DGF8F28DT88YEYE9","JRTCKXETXF","DGF8F28DT88YEYE9.JRTCKXETXF.6YS6EN2CT7","OnDemand","$0.8005 per million replicated IA write request units in Asia Pacific (Malaysia)","2026-07-01","0","Inf","ReplicatedWriteRequestUnits","0.0000008005","USD",,,,"Amazon DynamoDB PayPerRequest Throughput","AmazonDynamoDB","Asia Pacific (Malaysia)","AWS Region",,"DDB-ReplicatedWriteUnitsIA","DynamoDB PayPerRequest Replicated Write Request Units IA","APS7-IA-ReplWriteRequestUnits","PayPerRequestThroughput","ap-southeast-5","Amazon DynamoDB",
"DH967HHPW5DZ2HF3","JRTCKXETXF","DH967HHPW5DZ2HF3.JRTCKXETXF.6YS6EN2CT7","OnDemand","$0.71 per million replicated write request units (Asia Pacific (Sydney))","2026-07-01","0","Inf","ReplicatedWriteRequestUnits","0.0000007100","USD",,,,"Amazon DynamoDB PayPerRequest Throughput","AmazonDynamoDB","Asia Pacific (Sydney)","AWS Region",,"DDB-ReplicatedWriteUnits","DynamoDB PayPerRequest Replicated Write Request Units","APS2-ReplWriteRequestUnits","PayPerRequestThroughput","ap-southeast-2","Amazon DynamoDB",
"DJKSM635QTGNY7NA","JRTCKXETXF","DJKSM635QTGNY7NA.JRTCKXETXF.G2A93NZ7DT","OnDemand","$0.00 per GB-Month of storage for first 25 free GB-Monthsin Asia Pacific (Hyderabad)","2026-07-01","0","25","GB-Mo","0.0000000000","USD",,,,"Database Storage","AmazonDynamoDB","Asia Pacific (Hyderabad)","AWS Region","Amazon DynamoDB - Indexed DataStore",,,"APS5-TimedStorage-ByteHrs","","ap-south-2","Amazon DynamoDB",
"DJKSM635QTGNY7NA","JRTCKXETXF","DJKSM635QTGNY7NA.JRTCKXETXF.VYAP54KATQ","OnDemand","$0.285 per GB-Month of storage used beyond first 25 free GB-Months (Hyderabad)","2026-07-01","25","Inf","GB-Mo","0.2850000000","USD",,,,"Database Storage","AmazonDynamoDB","Asia Pacific (Hyderabad)","AWS Region","Amazon DynamoDB - Indexed DataStore",,,"APS5-TimedStorage-ByteHrs","","ap-south-2","Amazon DynamoDB",
"DJMXYNBX8KJE5WKG","JRTCKXETXF","DJMXYNBX8KJE5WKG.JRTCKXETXF.6YS6EN2CT7","OnDemand","$0.1026 per GB of incremental data exported in Asia Pacific (Malaysia)","2026-07-01","0","Inf","GB","0.1026000000","USD",,,,"Amazon DynamoDB Export Data Size","AmazonDynamoDB","Asia Pacific (Malaysia)","AWS Region","Amazon DynamoDB - Incremental Export",,,"APS7-IncrementalExportDataSize-Bytes","","ap-southeast-5","Amazon DynamoDB",
"DMNA43P5TCVJGDWW","JRTCKXETXF","DMNA43P5TCVJGDWW.JRTCKXETXF.HBHVWY47CM","OnDemand","$0.00 per hour for 25 units of write capacity for a month (free tier)","2026-07-01","0","18600","WriteCapacityUnit-Hrs","0.0000000000","USD",,,,"Provisioned IOPS","AmazonDynamoDB","EU (London)","AWS Region",,"DDB-WriteUnits","DynamoDB Provisioned Write Units","EUW2-WriteCapacityUnit-Hrs","CommittedThroughput","eu-west-2","Amazon DynamoDB",
"DMNA43P5TCVJGDWW","JRTCKXETXF","DMNA43P5TCVJGDWW.JRTCKXETXF.E63J5HTPNN","OnDemand","$0.000772 per hour for units of write capacity beyond the free tier","2026-07-01","18600","Inf","WriteCapacityUnit-Hrs","0.0007720000","USD",,,,"Provisioned IOPS","AmazonDynamoDB","EU (London)","AWS Region",,"DDB-WriteUnits","DynamoDB Provisioned Write Units","EUW2-WriteCapacityUnit-Hrs","CommittedThroughput","eu-west-2","Amazon DynamoDB",
"DMNA43P5TCVJGDWW","YTVHEVGPBZ","DMNA43P5TCVJGDWW.YTVHEVGPBZ.6YS6EN2CT7","Reserved","Amazon DynamoDB, Reserved Write Capacity used this month","2026-08-04","0","Inf","WriteCapacityUnit-Hrs","0.0001530000","USD","1yr","Heavy Utilization","standard","Provisioned IOPS","AmazonDynamoDB","EU (London)","AWS Region",,"DDB-WriteUnits","DynamoDB Provisioned Write Units","EUW2-WriteCapacityUnit-Hrs","CommittedThroughput","eu-west-2","Amazon DynamoDB",
"DMNA43P5TCVJGDWW","YTVHEVGPBZ","DMNA43P5TCVJGDWW.YTVHEVGPBZ.2TG2D8R56U","Reserved","Upfront Fee","2026-08-04",,,"Quantity","1.78","USD","1yr","Heavy Utilization","standard","Provisioned IOPS","AmazonDynamoDB","EU (London)","AWS Region",,"DDB-WriteUnits","DynamoDB Provisioned Write Units","EUW2-WriteCapacityUnit-Hrs","CommittedThroughput","eu-west-2","Amazon DynamoDB",
"DMTH6RCP6KED8438","JRTCKXETXF","DMTH6RCP6KED8438.JRTCKXETXF.6YS6EN2CT7","OnDemand","$0.002 per GB of vector data searched in US East (Ohio)","2026-07-01","0","Inf","GB","0.0020000000","USD",,,,"Amazon DynamoDB PayPerRequest Throughput","AmazonDynamoDB","US East (Ohio)","AWS Region",,,,"USE2-VectorSearch","","us-east-2","Amazon DynamoDB","Standard"
"DMV3H4WJ7Y7MYSH7","JRTCKXETXF","DMV3H4WJ7Y7MYSH7.JRTCKXETXF.6YS6EN2CT7","OnDemand","$0.835 per million replicated write request units in Europe (Zurich)","2026-07-01","0","Inf","ReplicatedWriteRequestUnits","0.0000008350","USD",,,,"Amazon DynamoDB PayPerRequest Throughput","AmazonDynamoDB","Europe (Zurich)","AWS Region",,"DDB-ReplicatedWriteUnits","DynamoDB PayPerRequest Replicated Write Request Units","EUC2-ReplWriteRequestUnits","PayPerRequestThroughput","eu-central-2","Amazon DynamoDB",
"DNDBHJ6GNHMX69Y4","JRTCKXETXF","DNDBHJ6GNHMX69Y4.JRTCKXETXF.6YS6EN2CT7","OnDemand","$0.00083475 per hour for DynamoDB Provisioned IA Write Capacity Units in Asia Pacific (Taipei)","2026-07-01","0","Inf","WriteCapacityUnit-Hrs","0.0008347500","USD",,,,"Provisioned IOPS","AmazonDynamoDB","Asia Pacific (Taipei)","AWS Region",,"DDB-WriteUnitsIA","DynamoDB Provisioned Write Units IA","APE2-IA-WriteCapacityUnit-Hrs","CommittedThroughput","ap-east-2","Amazon DynamoDB",
"DPQYBQGHXKJN66T4","JRTCKXETXF","DPQYBQGHXKJN66T4.JRTCKXETXF.6YS6EN2CT7","OnDemand","$0.0034 per GB of IA vector data searched in Africa (Cape Town)","2026-07-01","0","Inf","GB","0.0034000000","USD",,,,"Amazon DynamoDB PayPerRequest Throughput","AmazonDynamoDB","Africa (Cape Town)","AWS Region",,,,"AFS1-IA-VectorSearch","","af-south-1","Amazon DynamoDB",
"DRX78HGVWFJYDN2F","JRTCKXETXF","DRX78HGVWFJYDN2F.JRTCKXETXF.6YS6EN2CT7","OnDemand","$0.9735 per million IA write request units in Middle East (UAE)","2026-07-01","0","Inf","WriteRequestUnits","0.0000009735","USD",,,,"Amazon DynamoDB PayPerRequest Throughput","AmazonDynamoDB","Middle East (UAE)","AWS Region",,"DDB-WriteUnitsIA","DynamoDB PayPerRequest Write Request Units IA","MEC1-IA-WriteRequestUnits","PayPerRequestThroughput","me-central-1","Amazon DynamoDB",
"DS48YQN9B9MSUMMH","JRTCKXETXF","DS48YQN9B9MSUMMH.JRTCKXETXF.6YS6EN2CT7","OnDemand","$0.1197 per GB of data exported from Amazon DynamoDB  in Asia Pacific (New Zealand)","2026-07-01","0","Inf","GB","0.1197000000","USD",,,,"Amazon DynamoDB Export Data Size","AmazonDynamoDB","Asia Pacific (New Zealand)","AWS Region","Amazon DynamoDB - Export Size",,,"APS8-ExportDataSize-Bytes","","ap-southeast-6","Amazon DynamoDB",
"DSWRAJR4TTSXM46K","JRTCKXETXF","DSWRAJR4TTSXM46K.JRTCKXETXF.6YS6EN2CT7","OnDemand","$0.7375 per GB of IA vector write requests in EU (Ireland)","2026-07-01","0","Inf","GB","0.7375000000","USD",,,,"Amazon DynamoDB PayPerRequest Throughput","AmazonDynamoDB","EU (Ireland)","AWS Region",,,,"EU-IA-VectorWriteRequest","","eu-west-1","Amazon DynamoDB",
"DUA7FNC8NKEMZ7AA","JRTCKXETXF","DUA7FNC8NKEMZ7AA.JRTCKXETXF.6YS6EN2CT7","OnDemand","$0.10000 per GB-Month of IA storage in US East (N. Virginia)","2026-07-01","0","Inf","GB-Mo","0.1000000000","USD",,,,"Database Storage","AmazonDynamoDB","US East (N. Virginia)","AWS Region","Amazon DynamoDB - Indexed DataStore - IA",,,"IA-TimedStorage-ByteHrs","","us-east-1","Amazon DynamoDB",
"DZ5P3HKA54EC3FU8","JRTCKXETXF","DZ5P3HKA54EC3FU8.JRTCKXETXF.6YS6EN2CT7","OnDemand","$0.1100 per GB of incremental data exported in Canada (Central)","2026-07-01","0","Inf","GB","0.1100000000","USD",,,,"Amazon DynamoDB Export Data Size","AmazonDynamoDB","Canada (Central)","AWS Region","Amazon DynamoDB - Incremental Export",,,"CAN1-IncrementalExportDataSize-Bytes","","ca-central-1","Amazon DynamoDB",
"DZKF38259JUU2BJ8","JRTCKXETXF","DZKF38259JUU2BJ8.JRTCKXETXF.6YS6EN2CT7","OnDemand","$0.224 per GB-Month of storage used for DynamoDB PITR backup","2026-07-01","0","Inf","GB-Mo","0.2240000000","USD",,,,"Database Storage","AmazonDynamoDB","US West (N. California)","AWS Region","Amazon DynamoDB - Point-In-Time-Restore (PITR) Backup Storage",,,"USW1-TimedPITRStorage-ByteHrs","","us-west-1","Amazon DynamoDB",
"E2U4GFTM4Z6XCHQQ","JRTCKXETXF","E2U4GFTM4Z6XCHQQ.JRTCKXETXF.6YS6EN2CT7","OnDemand","$0.23772 per GB-Month of storage used for DynamoDB PITR backup","2026-07-01","0","Inf","GB-Mo","0.2377200000","USD",,,,"Database Storage","AmazonDynamoDB","EU (London)","AWS Region","Amazon DynamoDB - Point-In-Time-Restore (PITR) Backup Storage",,,"EUW2-TimedPITRStorage-ByteHrs","","eu-west-2","Amazon DynamoDB",
"E3H3ZPU3YKRKQ72P","JRTCKXETXF","E3H3ZPU3YKRKQ72P.JRTCKXETXF.6YS6EN2CT7","OnDemand","$0.1870 per GB for data import in Middle East (UAE)","2026-07-01","0","Inf","GB","0.1870000000","USD",,,,"Amazon DynamoDB Import Data Size","AmazonDynamoDB","Middle East (UAE)","AWS Region","Amazon DynamoDB - Import Size",,,"MEC1-ImportDataSize-Bytes","","me-central-1","Amazon DynamoDB",
"E45U87C4YYPHKJMA","JRTCKXETXF","E45U87C4YYPHKJMA.JRTCKXETXF.6YS6EN2CT7","OnDemand","$0.78 per million replicated IA write request units in US East (Ohio)","2026-07-01","0","Inf","ReplicatedWriteRequestUnits","0.0000007800","USD",,,,"Amazon DynamoDB PayPerRequest Throughput","AmazonDynamoDB","US East (Ohio)","AWS Region",,"DDB-ReplicatedWriteUnitsIA","DynamoDB PayPerRequest Replicated Write Request Units IA","USE2-IA-ReplWriteRequestUnits","PayPerRequestThroughput","us-east-2","Amazon DynamoDB",
"E5D9VUS4U2QRY8BQ","JRTCKXETXF","E5D9VUS4U2QRY8BQ.JRTCKXETXF.6YS6EN2CT7","OnDemand","$0.00093 per hour for units of IA replicated write capacity in Asia Pacific (Sydney)","2026-07-01","0","Inf","ReplicatedWriteCapacityUnit-Hrs","0.0009300000","USD",,,,"DDB-Operation-ReplicatedWrite","AmazonDynamoDB","Asia Pacific (Sydney)","AWS Region",,"DDB-ReplicatedWriteUnitsIA","DynamoDB Provisioned Replicated Write Units IA","APS2-IA-ReplWriteCapacityUnit-Hrs","CommittedThroughput","ap-southeast-2","Amazon DynamoDB",
"E5RMMTE68ERFSRUZ","JRTCKXETXF","E5RMMTE68ERFSRUZ.JRTCKXETXF.6YS6EN2CT7","OnDemand","$0.1856 per million IA read request units in EU (London)","2026-07-01","0","Inf","ReadRequestUnits","0.0000001856","USD",,,,"Amazon DynamoDB PayPerRequest Throughput","AmazonDynamoDB","EU (London)","AWS Region",,"DDB-ReadUnitsIA","DynamoDB PayPerRequest Read Request Units IA","EUW2-IA-ReadRequestUnits","PayPerRequestThroughput","eu-west-2","Amazon DynamoDB",
"E5UKVPNZAGZ4BHMD","JRTCKXETXF","E5UKVPNZAGZ4BHMD.JRTCKXETXF.6YS6EN2CT7","OnDemand","$0.178 per million IA read request units in Asia Pacific (Jakarta)","2026-07-01","0","Inf","ReadRequestUnits","0.0000001780","USD",,,,"Amazon DynamoDB PayPerRequest Throughput","AmazonDynamoDB","Asia Pacific (Jakarta)","AWS Region",,"DDB-ReadUnitsIA","DynamoDB PayPerRequest Read Request Units IA","APS4-IA-ReadRequestUnits","PayPerRequestThroughput","ap-southeast-3","Amazon DynamoDB",
"E5Y57MR6DJZ6VVQ7","JRTCKXETXF","E5Y57MR6DJZ6VVQ7.JRTCKXETXF.6YS6EN2CT7","OnDemand","$0.00301 per GB of IA vector data searched in Asia Pacific (New Zealand)","2026-07-01","0","Inf","GB","0.0030100000","USD",,,,"Amazon DynamoDB PayPerRequest Throughput","AmazonDynamoDB","Asia Pacific (New Zealand)","AWS Region",,,,"APS8-IA-VectorSearch","","ap-southeast-6","Amazon DynamoDB",
"E6BWPE4RMAZHTC7Z","JRTCKXETXF","E6BWPE4RMAZHTC7Z.JRTCKXETXF.6YS6EN2CT7","OnDemand","$0.955 per million IA write request units in EU (Frankfurt)","2026-07-01","0","Inf","WriteRequestUnits","0.0000009550","USD",,,,"Amazon DynamoDB PayPerRequest Throughput","AmazonDynamoDB","EU (Frankfurt)","AWS Region",,"DDB-WriteUnitsIA","DynamoDB PayPerRequest Write Request Units IA","EUC1-IA-WriteRequestUnits","PayPerRequestThroughput","eu-central-1","Amazon DynamoDB",
"E6EMBTST5QEXPDYU","JRTCKXETXF","E6EMBTST5QEXPDYU.JRTCKXETXF.6YS6EN2CT7","OnDemand","$0.1026 per GB-Mo of IA storage for Amazon DynamoDB in Asia Pacific (Taipei)","2026-07-01","0","Inf","GB-Mo","0.1026000000","USD",,,,"Database Storage","AmazonDynamoDB","Asia Pacific (Taipei)","AWS Region","Amazon DynamoDB - Indexed DataStore - IA",,,"APE2-IA-TimedStorage-ByteHrs","","ap-east-2","Amazon DynamoDB",
"E6MS5SS3AMMHBJC6","JRTCKXETXF","E6MS5SS3AMMHBJC6.JRTCKXETXF.G2A93NZ7DT","OnDemand","$0.00 per GB-Month of storage for first 25 free GB-Months","2026-07-01","0","25","GB-Mo","0.0000000000","USD",,,,"Database Storage","AmazonDynamoDB","EU (Ireland)","AWS Region","Amazon DynamoDB - Indexed DataStore",,,"EU-TimedStorage-ByteHrs","","eu-west-1","Amazon DynamoDB",
"E6MS5SS3AMMHBJC6","JRTCKXETXF","E6MS5SS3AMMHBJC6.JRTCKXETXF.VYAP54KATQ","OnDemand","$0.283 per GB-Month of storage used beyond first 25 free GB-Months","2026-07-01","25","Inf","GB-Mo","0.2830000000","USD",,,,"Database Storage","AmazonDynamoDB","EU (Ireland)","AWS Region","Amazon DynamoDB - Indexed DataStore",,,"EU-TimedStorage-ByteHrs","","eu-west-1","Amazon DynamoDB",
"E9TENV3NDW64W9XQ","JRTCKXETXF","E9TENV3NDW64W9XQ.JRTCKXETXF.6YS6EN2CT7","OnDemand","$0.00307 per GB of IA vector data searched in EU (Frankfurt)","2026-07-01","0","Inf","GB","0.0030700000","USD",,,,"Amazon DynamoDB PayPerRequest Throughput","AmazonDynamoDB","EU (Frankfurt)","AWS Region",,,,"EUC1-IA-VectorSearch","","eu-central-1","Amazon DynamoDB",
"ECPFUGTTSZNSBQ6M","JRTCKXETXF","ECPFUGTTSZNSBQ6M.JRTCKXETXF.HBHVWY47CM","OnDemand","$0.00 per hour for 25 units of replicated write capacity for a month (free tier)","2026-07-01","0","18600","ReplicatedWriteCapacityUnit-Hrs","0.0000000000","USD",,,,"DDB-Operation-ReplicatedWrite","AmazonDynamoDB","Asia Pacific (Singapore)","AWS Region",,"DDB-ReplicatedWriteUnits","DynamoDB Provisioned Replicated Write Units","APS1-ReplWriteCapacityUnit-Hrs","CommittedThroughput","ap-southeast-1","Amazon DynamoDB",
"ECPFUGTTSZNSBQ6M","JRTCKXETXF","ECPFUGTTSZNSBQ6M.JRTCKXETXF.E63J5HTPNN","OnDemand","$0.00074 per hour for units of replicated write capacity beyond the free tier","2026-07-01","18600","Inf","ReplicatedWriteCapacityUnit-Hrs","0.0007400000","USD",,,,"DDB-Operation-ReplicatedWrite","AmazonDynamoDB","Asia Pacific (Singapore)","AWS Region",,"DDB-ReplicatedWriteUnits","DynamoDB Provisioned Replicated Write Units","APS1-ReplWriteCapacityUnit-Hrs","CommittedThroughput","ap-southeast-1","Amazon DynamoDB",
"EDC5UVDZNFN2S777","JRTCKXETXF","EDC5UVDZNFN2S777.JRTCKXETXF.6YS6EN2CT7","OnDemand","$0.10 per GB-Month of storage used for on-demand backup","2026-07-01","0","Inf","GB-Month","0.1000000000","USD",,,,"Amazon DynamoDB On-Demand Backup Storage","AmazonDynamoDB","US East (N. Virginia)","AWS Region","Amazon DynamoDB - On-Demand Backup Storage",,,"USE1-TimedBackupStorage-ByteHrs","","us-east-1","Amazon DynamoDB",
"EF4RWK55AE2V23E5","JRTCKXETXF","EF4RWK55AE2V23E5.JRTCKXETXF.6YS6EN2CT7","OnDemand","$0.17829 per GB of data restored","2026-07-01","0","Inf","GB","0.1782900000","USD",,,,"Amazon DynamoDB Restore Data Size","AmazonDynamoDB","EU (Paris)","AWS Region","Amazon DynamoDB - Backup Restore Size",,,"EUW3-RestoreDataSize-Bytes","","eu-west-3","Amazon DynamoDB",
"EGZ29Y92CQQP7NGF","JRTCKXETXF","EGZ29Y92CQQP7NGF.JRTCKXETXF.6YS6EN2CT7","OnDemand","$0.171 per GB of data restored","2026-07-01","0","Inf","GB","0.1710000000","USD",,,,"Amazon DynamoDB Restore Data Size","AmazonDynamoDB","Asia Pacific (Singapore)","AWS Region","Amazon DynamoDB - Backup Restore Size",,,"APS1-RestoreDataSize-Bytes","","ap-southeast-1","Amazon DynamoDB",
"EJBJJKEKPGW7XH2H","JRTCKXETXF","EJBJJKEKPGW7XH2H.JRTCKXETXF.6YS6EN2CT7","OnDemand","$0.10000 per million change data capture units for AWS Glue Elastic Views in US West (Oregon)","2026-07-01","0","Inf","ChangeDataCaptureUnits","0.0000001000","USD",,,,,"AmazonDynamoDB","US West (Oregon)","AWS Region",,"DDB-ElasticViews","Change Data Capture Units for AWS Glue Elastic Views","USW2-ChangeDataCaptureUnits-ElasticViews","DelegatedOperations","us-west-2","Amazon DynamoDB",
"EKSPQT3PWQ9T333W","JRTCKXETXF","EKSPQT3PWQ9T333W.JRTCKXETXF.6YS6EN2CT7","OnDemand","$0.0001950 per hour for units of IA read capacity in AWS GovCloud (US-West)","2026-07-01","0","Inf","ReadCapacityUnit-Hrs","0.0001950000","USD",,,,"Provisioned IOPS","AmazonDynamoDB","AWS GovCloud (US-West)","AWS Region",,"DDB-ReadUnitsIA","DynamoDB Provisioned Read Units IA","UGW1-IA-ReadCapacityUnit-Hrs","CommittedThroughput","us-gov-west-1","Amazon DynamoDB",
"ENXB5QJ7FUAFBBYS","JRTCKXETXF","ENXB5QJ7FUAFBBYS.JRTCKXETXF.6YS6EN2CT7","OnDemand","$0.11400 per GB-Month of IA storage in (Hyderabad)","2026-07-01","0","Inf","GB-Mo","0.1140000000","USD",,,,"Database Storage","AmazonDynamoDB","Asia Pacific (Hyderabad)","AWS Region","Amazon DynamoDB - Indexed DataStore - IA",,,"APS5-IA-TimedStorage-ByteHrs","","ap-south-2","Amazon DynamoDB",
"EP8SQEBEXWEGJQ9E","JRTCKXETXF","EP8SQEBEXWEGJQ9E.JRTCKXETXF.6YS6EN2CT7","OnDemand","$0.11874 per million change data capture units for Kinesis Data Streams in EU (Milan)","2026-07-01","0","Inf","ChangeDataCaptureUnits","0.0000001187","USD",,,,,"AmazonDynamoDB","EU (Milan)","AWS Region",,"DDB-Kinesis","Change Data Capture Units for Kinesis Data Streams","EUS1-ChangeDataCaptureUnits-Kinesis","DelegatedOperations","eu-south-1","Amazon DynamoDB",
"EQ4S5XSW4XHYQHJW","JRTCKXETXF","EQ4S5XSW4XHYQHJW.JRTCKXETXF.6YS6EN2CT7","OnDemand","$0.64 per million DynamoDB Replicated Write Request Units in Asia Pacific (Thailand)","2026-07-01","0","Inf","ReplicatedWriteRequestUnits","0.0000006400","USD",,,,"Amazon DynamoDB PayPerRequest Throughput","AmazonDynamoDB","Asia Pacific (Thailand)","AWS Region",,"DDB-ReplicatedWriteUnits","DynamoDB PayPerRequest Replicated Write Request Units","APS9-ReplWriteRequestUnits","PayPerRequestThroughput","ap-southeast-7","Amazon DynamoDB",
"EQEWEYNYWWKPN5YU","JRTCKXETXF","EQEWEYNYWWKPN5YU.JRTCKXETXF.6YS6EN2CT7","OnDemand","$0.8005 per million DynamoDB IA Replicated Write Request Units in Asia Pacific (Thailand)","2026-07-01","0","Inf","ReplicatedWriteRequestUnits","0.0000008005","USD",,,,"Amazon DynamoDB PayPerRequest Throughput","AmazonDynamoDB","Asia Pacific (Thailand)","AWS Region",,"DDB-ReplicatedWriteUnitsIA","DynamoDB PayPerRequest Replicated Write Request Units IA","APS9-IA-ReplWriteRequestUnits","PayPerRequestThroughput","ap-southeast-7","Amazon DynamoDB",
"EQQDTPXM3BAM6K38","JRTCKXETXF","EQQDTPXM3BAM6K38.JRTCKXETXF.6YS6EN2CT7","OnDemand","$0.6875 per million write request units (Canada (Central))","2026-07-01","0","Inf","WriteRequestUnits","0.0000006875","USD",,,,"Amazon DynamoDB PayPerRequest Throughput","AmazonDynamoDB","Canada (Central)","AWS Region",,"DDB-WriteUnits","DynamoDB PayPerRequest Write Request Units","CAN1-WriteRequestUnits","PayPerRequestThroughput","ca-central-1","Amazon DynamoDB",
"ETMU7ATC7E8UAMAY","JRTCKXETXF","ETMU7ATC7E8UAMAY.JRTCKXETXF.6YS6EN2CT7","OnDemand","$0.0002178 per hour for units of IA read capacity in Europe (Zurich)","2026-07-01","0","Inf","ReadCapacityUnit-Hrs","0.0002180000","USD",,,,"Provisioned IOPS","AmazonDynamoDB","Europe (Zurich)","AWS Region",,"DDB-ReadUnitsIA","DynamoDB Provisioned Read Units IA","EUC2-IA-ReadCapacityUnit-Hrs","CommittedThroughput","eu-central-2","Amazon DynamoDB",
"ETSEKKR2MAA848WP","JRTCKXETXF","ETSEKKR2MAA848WP.JRTCKXETXF.6YS6EN2CT7","OnDemand","$0.0025 per GB of IA vector data searched in US East (Ohio)","2026-07-01","0","Inf","GB","0.0025000000","USD",,,,"Amazon DynamoDB PayPerRequest Throughput","AmazonDynamoDB","US East (Ohio)","AWS Region",,,,"USE2-IA-VectorSearch","","us-east-2","Amazon DynamoDB",
"EUP5QC7J3HG6HZ46","JRTCKXETXF","EUP5QC7J3HG6HZ46.JRTCKXETXF.6YS6EN2CT7","OnDemand","$0.1140 per GB of incremental data exported in Asia Pacific (Jakarta)","2026-07-01","0","Inf","GB","0.1140000000","USD",,,,"Amazon DynamoDB Export Data Size","AmazonDynamoDB","Asia Pacific (Jakarta)","AWS Region","Amazon DynamoDB - Incremental Export",,,"APS4-IncrementalExportDataSize-Bytes","","ap-southeast-3","Amazon DynamoDB",
"EV8NKSMFKPD3GEUH","JRTCKXETXF","EV8NKSMFKPD3GEUH.JRTCKXETXF.6YS6EN2CT7","OnDemand","$0.13464 per GB-Month of IA storage in Europe (Zurich)","2026-07-01","0","Inf","GB-Mo","0.1346400000","USD",,,,"Database Storage","AmazonDynamoDB","Europe (Zurich)","AWS Region","Amazon DynamoDB - Indexed DataStore - IA",,,"EUC2-IA-TimedStorage-ByteHrs","","eu-central-2","Amazon DynamoDB",
"EY47EXXXB8EQQGY8","JRTCKXETXF","EY47EXXXB8EQQGY8.JRTCKXETXF.6YS6EN2CT7","OnDemand","$0.10000 per million change data capture units for AWS Glue Elastic Views in US East (Ohio)","2026-07-01","0","Inf","ChangeDataCaptureUnits","0.0000001000","USD",,,,,"AmazonDynamoDB","US East (Ohio)","AWS Region",,"DDB-ElasticViews","Change Data Capture Units for AWS Glue Elastic Views","USE2-ChangeDataCaptureUnits-ElasticViews","DelegatedOperations","us-east-2","Amazon DynamoDB",
"EY7THUPSTAKTQZDH","JRTCKXETXF","EY7THUPSTAKTQZDH.JRTCKXETXF.6YS6EN2CT7","OnDemand","$0.65 per GB of IA vector write requests in US East (N. Virginia)","2026-07-01","0","Inf","GB","0.6500000000","USD",,,,"Amazon DynamoDB PayPerRequest Throughput","AmazonDynamoDB","US East (N. Virginia)","AWS Region",,,,"USE1-IA-VectorWriteRequest","","us-east-1","Amazon DynamoDB",
"EYXBUG9M85SZH2VV","JRTCKXETXF","EYXBUG9M85SZH2VV.JRTCKXETXF.G2A93NZ7DT","OnDemand","$0.0 per GB-Mo for TimedStorage-ByteHrs in Israel (Tel Aviv)","2026-07-01","0","25","GB-Mo","0.0000000000","USD",,,,"Database Storage","AmazonDynamoDB","Israel (Tel Aviv)","AWS Region","Amazon DynamoDB - Indexed DataStore",,,"ILC1-TimedStorage-ByteHrs","","il-central-1","Amazon DynamoDB",
"EYXBUG9M85SZH2VV","JRTCKXETXF","EYXBUG9M85SZH2VV.JRTCKXETXF.VYAP54KATQ","OnDemand","$0.3396 per GB-Mo for TimedStorage-ByteHrs in Israel (Tel Aviv)","2026-07-01","25","Inf","GB-Mo","0.3396000000","USD",,,,"Database Storage","AmazonDynamoDB","Israel (Tel Aviv)","AWS Region","Amazon DynamoDB - Indexed DataStore",,,"ILC1-TimedStorage-ByteHrs","","il-central-1","Amazon DynamoDB",
"F2Q35KMYQE7ZQGHM","JRTCKXETXF","F2Q35KMYQE7ZQGHM.JRTCKXETXF.G2A93NZ7DT","OnDemand","USD0.0 per GB-Mo for TimedStorage-ByteHrs in Middle East (Bahrain)","2026-07-01","0","25","GB-Mo","0.0000000000","USD",,,,"Database Storage","AmazonDynamoDB","Middle East (Bahrain)","AWS Region","Amazon DynamoDB - Indexed DataStore",,,"MES1-TimedStorage-ByteHrs","","me-south-1","Amazon DynamoDB",
"F2Q35KMYQE7ZQGHM","JRTCKXETXF","F2Q35KMYQE7ZQGHM.JRTCKXETXF.VYAP54KATQ","OnDemand","USD0.3113 per GB-Mo for TimedStorage-ByteHrs in Middle East (Bahrain)","2026-07-01","25","Inf","GB-Mo","0.3113000000","USD",,,,"Database Storage","AmazonDynamoDB","Middle East (Bahrain)","AWS Region","Amazon DynamoDB - Indexed DataStore",,,"MES1-TimedStorage-ByteHrs","","me-south-1","Amazon DynamoDB",
"F3E2EDSYC6ZNW7XP","JRTCKXETXF","F3E2EDSYC6ZNW7XP.JRTCKXETXF.G2A93NZ7DT","OnDemand","$0.00 per GB-Month of storage for first 25 free GB-Months","2026-07-01","0","25","GB-Mo","0.0000000000","USD",,,,"Database Storage","AmazonDynamoDB","US East (N. Virginia)","AWS Region","Amazon DynamoDB - Indexed DataStore",,,"TimedStorage-ByteHrs","","us-east-1","Amazon DynamoDB",
"F3E2EDSYC6ZNW7XP","JRTCKXETXF","F3E2EDSYC6ZNW7XP.JRTCKXETXF.VYAP54KATQ","OnDemand","$0.25 per GB-Month of storage used beyond first 25 free GB-Months","2026-07-01","25","Inf","GB-Mo","0.2500000000","USD",,,,"Database Storage","AmazonDynamoDB","US East (N. Virginia)","AWS Region","Amazon DynamoDB - Indexed DataStore",,,"TimedStorage-ByteHrs","","us-east-1","Amazon DynamoDB",
"F3Q3KRDHPTK95KDP","JRTCKXETXF","F3Q3KRDHPTK95KDP.JRTCKXETXF.6YS6EN2CT7","OnDemand","$0.89 per million IA write request units in Asia Pacific (Hyderabad)","2026-07-01","0","Inf","WriteRequestUnits","0.0000008900","USD",,,,"Amazon DynamoDB PayPerRequest Throughput","AmazonDynamoDB","Asia Pacific (Hyderabad)","AWS Region",,"DDB-WriteUnitsIA","DynamoDB PayPerRequest Write Request Units IA","APS5-IA-WriteRequestUnits","PayPerRequestThroughput","ap-south-2","Amazon DynamoDB",
"F3UAEJAKGXEBB8QZ","JRTCKXETXF","F3UAEJAKGXEBB8QZ.JRTCKXETXF.HBHVWY47CM","OnDemand","$0.00 per hour for 25 units of replicated write capacity for a month (free tier)(Hyderabad)","2026-07-01","0","18600","ReplicatedWriteCapacityUnit-Hrs","0.0000000000","USD",,,,"DDB-Operation-ReplicatedWrite","AmazonDynamoDB","Asia Pacific (Hyderabad)","AWS Region",,"DDB-ReplicatedWriteUnits","DynamoDB Provisioned Replicated Write Units","APS5-ReplWriteCapacityUnit-Hrs","CommittedThroughput","ap-south-2","Amazon DynamoDB",
"F3UAEJAKGXEBB8QZ","JRTCKXETXF","F3UAEJAKGXEBB8QZ.JRTCKXETXF.E63J5HTPNN","OnDemand","$0.00074 per hour for units of replicated write capacity beyond the free tier in Asia Pacific (Hyderabad)","2026-07-01","18600","Inf","ReplicatedWriteCapacityUnit-Hrs","0.0007400000","USD",,,,"DDB-Operation-ReplicatedWrite","AmazonDynamoDB","Asia Pacific (Hyderabad)","AWS Region",,"DDB-ReplicatedWriteUnits","DynamoDB Provisioned Replicated Write Units","APS5-ReplWriteCapacityUnit-Hrs","CommittedThroughput","ap-south-2","Amazon DynamoDB",
"F4EZE5SAMS3D49NJ","JRTCKXETXF","F4EZE5SAMS3D49NJ.JRTCKXETXF.6YS6EN2CT7","OnDemand","$0.705 per million write request units (EU (Ireland))","2026-07-01","0","Inf","WriteRequestUnits","0.0000007050","USD",,,,"Amazon DynamoDB PayPerRequest Throughput","AmazonDynamoDB","EU (Ireland)","AWS Region",,"DDB-WriteUnits","DynamoDB PayPerRequest Write Request Units","EU-WriteRequestUnits","PayPerRequestThroughput","eu-west-1","Amazon DynamoDB",
"F4GRFJWW7KVW8J3G","JRTCKXETXF","F4GRFJWW7KVW8J3G.JRTCKXETXF.6YS6EN2CT7","OnDemand","$0.89 per million replicated IA write request units in Asia Pacific (Hyderabad)","2026-07-01","0","Inf","ReplicatedWriteRequestUnits","0.0000008900","USD",,,,"Amazon DynamoDB PayPerRequest Throughput","AmazonDynamoDB","Asia Pacific (Hyderabad)","AWS Region",,"DDB-ReplicatedWriteUnitsIA","DynamoDB PayPerRequest Replicated Write Request Units IA","APS5-IA-ReplWriteRequestUnits","PayPerRequestThroughput","ap-south-2","Amazon DynamoDB",
"F4US74ZCGYBAY8RJ","JRTCKXETXF","F4US74ZCGYBAY8RJ.JRTCKXETXF.6YS6EN2CT7","OnDemand","$0.1539 per GB of data restored in Asia Pacific (Malaysia)","2026-07-01","0","Inf","GB","0.1539000000","USD",,,,"Amazon DynamoDB Restore Data Size","AmazonDynamoDB","Asia Pacific (Malaysia)","AWS Region","Amazon DynamoDB - Backup Restore Size",,,"APS7-RestoreDataSize-Bytes","","ap-southeast-5","Amazon DynamoDB",
"F4ZA6GY5KZMB7X49","JRTCKXETXF","F4ZA6GY5KZMB7X49.JRTCKXETXF.6YS6EN2CT7","OnDemand","$0.1026 per GB of data exported from Amazon DynamoDB  in Asia Pacific (Taipei)","2026-07-01","0","Inf","GB","0.1026000000","USD",,,,"Amazon DynamoDB Export Data Size","AmazonDynamoDB","Asia Pacific (Taipei)","AWS Region","Amazon DynamoDB - Incremental Export",,,"APE2-IncrementalExportDataSize-Bytes","","ap-east-2","Amazon DynamoDB",
"F5HTUBVP3G7VJ5Z8","JRTCKXETXF","F5HTUBVP3G7VJ5Z8.JRTCKXETXF.6YS6EN2CT7","OnDemand","$0.1836 per GB for data import in EU (Frankfurt)","2026-07-01","0","Inf","GB","0.1836000000","USD",,,,"Amazon DynamoDB Import Data Size","AmazonDynamoDB","EU (Frankfurt)","AWS Region","Amazon DynamoDB - Import Size",,,"EUC1-ImportDataSize-Bytes","","eu-central-1","Amazon DynamoDB",
"F8B64VTRGH2GMHAW","JRTCKXETXF","F8B64VTRGH2GMHAW.JRTCKXETXF.6YS6EN2CT7","OnDemand","$0.0008505 per hour for DynamoDB Provisioned IA Write Capacity Units in Mexico (Central)","2026-07-01","0","Inf","WriteCapacityUnit-Hrs","0.0008505000","USD",,,,"Provisioned IOPS","AmazonDynamoDB","Mexico (Central)","AWS Region",,"DDB-WriteUnitsIA","DynamoDB Provisioned Write Units IA","MXC1-IA-WriteCapacityUnit-Hrs","CommittedThroughput","mx-central-1","Amazon DynamoDB",
"F9Z7FWVDM8TCTC76","JRTCKXETXF","F9Z7FWVDM8TCTC76.JRTCKXETXF.M9QGYPQ72M","OnDemand","$0.00 for 2.5 million DynamoDB Streams read request units for a month (free tier) (EU (Ireland))","2026-07-01","0","2500000","Requests","0.0000000000","USD",,,,"API Request","AmazonDynamoDB","EU (Ireland)","AWS Region",,"DDB-StreamsReadRequests","DynamoDB Streams read request (GetRecords API)","EU-Streams-Requests","GetRecords","eu-west-1","Amazon DynamoDB",
"F9Z7FWVDM8TCTC76","JRTCKXETXF","F9Z7FWVDM8TCTC76.JRTCKXETXF.AUKFMGQW43","OnDemand","$0.0000002264 per DynamoDB Streams read request unit beyond free tier (EU (Ireland))","2026-07-01","2500000","Inf","Requests","0.0000002260","USD",,,,"API Request","AmazonDynamoDB","EU (Ireland)","AWS Region",,"DDB-StreamsReadRequests","DynamoDB Streams read request (GetRecords API)","EU-Streams-Requests","GetRecords","eu-west-1","Amazon DynamoDB",
"FAAVYBRRGSKSSMJR","JRTCKXETXF","FAAVYBRRGSKSSMJR.JRTCKXETXF.6YS6EN2CT7","OnDemand","$0.105 per GB of data exported from Amazon DynamoDB  in Mexico (Central)","2026-07-01","0","Inf","GB","0.1050000000","USD",,,,"Amazon DynamoDB Export Data Size","AmazonDynamoDB","Mexico (Central)","AWS Region","Amazon DynamoDB - Export Size",,,"MXC1-ExportDataSize-Bytes","","mx-central-1","Amazon DynamoDB",
"FBQ8E2QN68JU5PQ9","JRTCKXETXF","FBQ8E2QN68JU5PQ9.JRTCKXETXF.6YS6EN2CT7","OnDemand","$0.0009750 per hour for units of IA write capacity in AWS GovCloud (US-East)","2026-07-01","0","Inf","WriteCapacityUnit-Hrs","0.0009750000","USD",,,,"Provisioned IOPS","AmazonDynamoDB","AWS GovCloud (US-East)","AWS Region",,"DDB-WriteUnitsIA","DynamoDB Provisioned Write Units IA","UGE1-IA-WriteCapacityUnit-Hrs","CommittedThroughput","us-gov-east-1","Amazon DynamoDB",
"FBYDN68554R87MME","JRTCKXETXF","FBYDN68554R87MME.JRTCKXETXF.6YS6EN2CT7","OnDemand","$0.1710 per GB for data import in Asia Pacific (Singapore)","2026-07-01","0","Inf","GB","0.1710000000","USD",,,,"Amazon DynamoDB Import Data Size","AmazonDynamoDB","Asia Pacific (Singapore)","AWS Region","Amazon DynamoDB - Import Size",,,"APS1-ImportDataSize-Bytes","","ap-southeast-1","Amazon DynamoDB",
"FC6CNMG24D25HKPZ","JRTCKXETXF","FC6CNMG24D25HKPZ.JRTCKXETXF.6YS6EN2CT7","OnDemand","$0.105 per million Change Data Capture Units for Kinesis Data Streams in Mexico (Central)","2026-07-01","0","Inf","ChangeDataCaptureUnits","0.0000001050","USD",,,,,"AmazonDynamoDB","Mexico (Central)","AWS Region",,"DDB-Kinesis","Change Data Capture Units for Kinesis Data Streams","MXC1-ChangeDataCaptureUnits-Kinesis","DelegatedOperations","mx-central-1","Amazon DynamoDB",
"FCAJJYVUH5D64M4P","JRTCKXETXF","FCAJJYVUH5D64M4P.JRTCKXETXF.6YS6EN2CT7","OnDemand","$0.6435 per million DynamoDB Write Request Units in Asia Pacific (Taipei)","2026-07-01","0","Inf","WriteRequestUnits","0.0000006435","USD",,,,"Amazon DynamoDB PayPerRequest Throughput","AmazonDynamoDB","Asia Pacific (Taipei)","AWS Region",,"DDB-WriteUnits","DynamoDB PayPerRequest Write Request Units","APE2-WriteRequestUnits","PayPerRequestThroughput","ap-east-2","Amazon DynamoDB",
"FCKG4HDBNTADKURG","JRTCKXETXF","FCKG4HDBNTADKURG.JRTCKXETXF.6YS6EN2CT7","OnDemand","$0.11 per GB-Month of storage used for on-demand backup","2026-07-01","0","Inf","GB-Month","0.1100000000","USD",,,,"Amazon DynamoDB On-Demand Backup Storage","AmazonDynamoDB","EU (Ireland)","AWS Region","Amazon DynamoDB - On-Demand Backup Storage",,,"EU-TimedBackupStorage-ByteHrs","","eu-west-1","Amazon DynamoDB",
"FGXVD96DKJMUASY3","JRTCKXETXF","FGXVD96DKJMUASY3.JRTCKXETXF.6YS6EN2CT7","OnDemand","$0.625 per million write request units (N. Virginia)","2026-07-01","0","Inf","WriteRequestUnits","0.0000006250","USD",,,,"Amazon DynamoDB PayPerRequest Throughput","AmazonDynamoDB","US East (N. Virginia)","AWS Region",,"DDB-WriteUnits","DynamoDB PayPerRequest Write Request Units","WriteRequestUnits","PayPerRequestThroughput","us-east-1","Amazon DynamoDB",
"FH53F7F6YY4VDWCJ","JRTCKXETXF","FH53F7F6YY4VDWCJ.JRTCKXETXF.6YS6EN2CT7","OnDemand","$0.1836 per GB of data restored","2026-07-01","0","Inf","GB","0.1836000000","USD",,,,"Amazon DynamoDB Restore Data Size","AmazonDynamoDB","EU (Frankfurt)","AWS Region","Amazon DynamoDB - Backup Restore Size",,,"EUC1-RestoreDataSize-Bytes","","eu-central-1","Amazon DynamoDB",
"FJ5DH2G9WQREEND8","JRTCKXETXF","FJ5DH2G9WQREEND8.JRTCKXETXF.6YS6EN2CT7","OnDemand","USD 0.12 per GB-Month for TimedBackupStorage-ByteHrs in AWS GovCloud (US)","2026-07-01","0","Inf","GB-Month","0.1200000000","USD",,,,"Amazon DynamoDB On-Demand Backup Storage","AmazonDynamoDB","AWS GovCloud (US-West)","AWS Region","Amazon DynamoDB - On-Demand Backup Storage",,,"UGW1-TimedBackupStorage-ByteHrs","","us-gov-west-1","Amazon DynamoDB",
"FJAA93WJ2Q87J58B","JRTCKXETXF","FJAA93WJ2Q87J58B.JRTCKXETXF.6YS6EN2CT7","OnDemand","$0.9735 per million replicated IA write request units in Middle East (UAE)","2026-07-01","0","Inf","ReplicatedWriteRequestUnits","0.0000009735","USD",,,,"Amazon DynamoDB PayPerRequest Throughput","AmazonDynamoDB","Middle East (UAE)","AWS Region",,"DDB-ReplicatedWriteUnitsIA","DynamoDB PayPerRequest Replicated Write Request Units IA","MEC1-IA-ReplWriteRequestUnits","PayPerRequestThroughput","me-central-1","Amazon DynamoDB",
"FJJ6CM3FG948S3J7","JRTCKXETXF","FJJ6CM3FG948S3J7.JRTCKXETXF.HBHVWY47CM","OnDemand","$0.00 per hour for 25 units of read capacity for a month (free tier) in Asia Pacific (Melbourne)","2026-07-01","0","18600","ReadCapacityUnit-Hrs","0.0000000000","USD",,,,"Provisioned IOPS","AmazonDynamoDB","Asia Pacific (Melbourne)","AWS Region",,"DDB-ReadUnits","DynamoDB Provisioned Read Units","APS6-ReadCapacityUnit-Hrs","CommittedThroughput","ap-southeast-4","Amazon DynamoDB",
"FJJ6CM3FG948S3J7","JRTCKXETXF","FJJ6CM3FG948S3J7.JRTCKXETXF.E63J5HTPNN","OnDemand","$0.000148 per hour for units of read capacity beyond the free tier in Asia Pacific (Melbourne)","2026-07-01","18600","Inf","ReadCapacityUnit-Hrs","0.0001480000","USD",,,,"Provisioned IOPS","AmazonDynamoDB","Asia Pacific (Melbourne)","AWS Region",,"DDB-ReadUnits","DynamoDB Provisioned Read Units","APS6-ReadCapacityUnit-Hrs","CommittedThroughput","ap-southeast-4","Amazon DynamoDB",
"FJJ6CM3FG948S3J7","YTVHEVGPBZ","FJJ6CM3FG948S3J7.YTVHEVGPBZ.6YS6EN2CT7","Reserved","Amazon DynamoDB, Reserved Read Capacity used this month","2026-08-04","0","Inf","ReadCapacityUnit-Hrs","0.0000300000","USD","1yr","Heavy Utilization","standard","Provisioned IOPS","AmazonDynamoDB","Asia Pacific (Melbourne)","AWS Region",,"DDB-ReadUnits","DynamoDB Provisioned Read Units","APS6-ReadCapacityUnit-Hrs","CommittedThroughput","ap-southeast-4","Amazon DynamoDB",
"FJJ6CM3FG948S3J7","YTVHEVGPBZ","FJJ6CM3FG948S3J7.YTVHEVGPBZ.2TG2D8R56U","Reserved","Upfront Fee","2026-08-04",,,"Quantity","0.342","USD","1yr","Heavy Utilization","standard","Provisioned IOPS","AmazonDynamoDB","Asia Pacific (Melbourne)","AWS Region",,"DDB-ReadUnits","DynamoDB Provisioned Read Units","APS6-ReadCapacityUnit-Hrs","CommittedThroughput","ap-southeast-4","Amazon DynamoDB",
"FJWJZEHC6FFVPUZH","JRTCKXETXF","FJWJZEHC6FFVPUZH.JRTCKXETXF.6YS6EN2CT7","OnDemand","$0.1140 per GB of incremental data exported in Asia Pacific (Hyderabad)","2026-07-01","0","Inf","GB","0.1140000000","USD",,,,"Amazon DynamoDB Export Data Size","AmazonDynamoDB","Asia Pacific (Hyderabad)","AWS Region","Amazon DynamoDB - Incremental Export",,,"APS5-IncrementalExportDataSize-Bytes","","ap-south-2","Amazon DynamoDB",
"FKADSHRX49BYUMRC","JRTCKXETXF","FKADSHRX49BYUMRC.JRTCKXETXF.6YS6EN2CT7","OnDemand","$0.00081 per hour for units of IA replicated write capacity in US West (Oregon)","2026-07-01","0","Inf","ReplicatedWriteCapacityUnit-Hrs","0.0008100000","USD",,,,"DDB-Operation-ReplicatedWrite","AmazonDynamoDB","US West (Oregon)","AWS Region",,"DDB-ReplicatedWriteUnitsIA","DynamoDB Provisioned Replicated Write Units IA","USW2-IA-ReplWriteCapacityUnit-Hrs","CommittedThroughput","us-west-2","Amazon DynamoDB",
"FM82HKDZDSFBWXSB","JRTCKXETXF","FM82HKDZDSFBWXSB.JRTCKXETXF.M9QGYPQ72M","OnDemand","$0.00 for 2.5 million DynamoDB Streams read request units for a month (free tier) in Asia Pacific (Malaysia)","2026-07-01","0","2500000","Requests","0.0000000000","USD",,,,"API Request","AmazonDynamoDB","Asia Pacific (Malaysia)","AWS Region",,"DDB-StreamsReadRequests","DynamoDB Streams read request (GetRecords API)","APS7-Streams-Requests","GetRecords","ap-southeast-5","Amazon DynamoDB",
"FM82HKDZDSFBWXSB","JRTCKXETXF","FM82HKDZDSFBWXSB.JRTCKXETXF.AUKFMGQW43","OnDemand","$0.2052 per DynamoDB Streams read request unit beyond free tier in Asia Pacific (Malaysia)","2026-07-01","2500000","Inf","Requests","0.0000002050","USD",,,,"API Request","AmazonDynamoDB","Asia Pacific (Malaysia)","AWS Region",,"DDB-StreamsReadRequests","DynamoDB Streams read request (GetRecords API)","APS7-Streams-Requests","GetRecords","ap-southeast-5","Amazon DynamoDB",
"FNFFRC74WAEB82E4","JRTCKXETXF","FNFFRC74WAEB82E4.JRTCKXETXF.6YS6EN2CT7","OnDemand","$0.10000 per million change data capture units for Kinesis Data Streams in US East (Ohio)","2026-07-01","0","Inf","ChangeDataCaptureUnits","0.0000001000","USD",,,,,"AmazonDynamoDB","US East (Ohio)","AWS Region",,"DDB-Kinesis","Change Data Capture Units for Kinesis Data Streams","USE2-ChangeDataCaptureUnits-Kinesis","DelegatedOperations","us-east-2","Amazon DynamoDB",
"FNHXN2EUQX6BTEBK","JRTCKXETXF","FNHXN2EUQX6BTEBK.JRTCKXETXF.HBHVWY47CM","OnDemand","$0.00 per hour for 25 units of replicated write capacity for a month (free tier) in Europe (Zurich)","2026-07-01","0","18600","ReplicatedWriteCapacityUnit-Hrs","0.0000000000","USD",,,,"DDB-Operation-ReplicatedWrite","AmazonDynamoDB","Europe (Zurich)","AWS Region",,"DDB-ReplicatedWriteUnits","DynamoDB Provisioned Replicated Write Units","EUC2-ReplWriteCapacityUnit-Hrs","CommittedThroughput","eu-central-2","Amazon DynamoDB",
"FNHXN2EUQX6BTEBK","JRTCKXETXF","FNHXN2EUQX6BTEBK.JRTCKXETXF.E63J5HTPNN","OnDemand","$0.000872 per hour for units of replicated write capacity beyond the free tier in Europe (Zurich)","2026-07-01","18600","Inf","ReplicatedWriteCapacityUnit-Hrs","0.0008720000","USD",,,,"DDB-Operation-ReplicatedWrite","AmazonDynamoDB","Europe (Zurich)","AWS Region",,"DDB-ReplicatedWriteUnits","DynamoDB Provisioned Replicated Write Units","EUC2-ReplWriteCapacityUnit-Hrs","CommittedThroughput","eu-central-2","Amazon DynamoDB",
"FP32PMXZGT2VFUMA","JRTCKXETXF","FP32PMXZGT2VFUMA.JRTCKXETXF.6YS6EN2CT7","OnDemand","$0.1875 per million read request units (South America (Sao Paulo))","2026-07-01","0","Inf","ReadRequestUnits","0.0000001875","USD",,,,"Amazon DynamoDB PayPerRequest Throughput","AmazonDynamoDB","South America (Sao Paulo)","AWS Region",,"DDB-ReadUnits","DynamoDB PayPerRequest Read Request Units","SAE1-ReadRequestUnits","PayPerRequestThroughput","sa-east-1","Amazon DynamoDB",
"FQAF3AP3N2CA7ER8","JRTCKXETXF","FQAF3AP3N2CA7ER8.JRTCKXETXF.6YS6EN2CT7","OnDemand","$0.2166 per GB-Month of storage used for DynamoDB PITR backup","2026-07-01","0","Inf","GB-Mo","0.2166000000","USD",,,,"Database Storage","AmazonDynamoDB","Asia Pacific (Seoul)","AWS Region","Amazon DynamoDB - Point-In-Time-Restore (PITR) Backup Storage",,,"APN2-TimedPITRStorage-ByteHrs","","ap-northeast-2","Amazon DynamoDB",
"FQXSZKHX3F8SAMYD","JRTCKXETXF","FQXSZKHX3F8SAMYD.JRTCKXETXF.6YS6EN2CT7","OnDemand","$0.88333 per GB of IA vector write requests in Israel (Tel Aviv)","2026-07-01","0","Inf","GB","0.8833300000","USD",,,,"Amazon DynamoDB PayPerRequest Throughput","AmazonDynamoDB","Israel (Tel Aviv)","AWS Region",,,,"ILC1-IA-VectorWriteRequest","","il-central-1","Amazon DynamoDB",
"FRYK448S4835UTT3","JRTCKXETXF","FRYK448S4835UTT3.JRTCKXETXF.6YS6EN2CT7","OnDemand","$0.0008811 per hour for units of IA write capacity in Asia Pacific (Seoul)","2026-07-01","0","Inf","WriteCapacityUnit-Hrs","0.0008811000","USD",,,,"Provisioned IOPS","AmazonDynamoDB","Asia Pacific (Seoul)","AWS Region",,"DDB-WriteUnitsIA","DynamoDB Provisioned Write Units IA","APN2-IA-WriteCapacityUnit-Hrs","CommittedThroughput","ap-northeast-2","Amazon DynamoDB",
"FS2VBXF5D39D5477","JRTCKXETXF","FS2VBXF5D39D5477.JRTCKXETXF.6YS6EN2CT7","OnDemand","$0.9375 per million IA write request units in AWS GovCloud (US-West)","2026-07-01","0","Inf","WriteRequestUnits","0.0000009375","USD",,,,"Amazon DynamoDB PayPerRequest Throughput","AmazonDynamoDB","AWS GovCloud (US-West)","AWS Region",,"DDB-WriteUnitsIA","DynamoDB PayPerRequest Write Request Units IA","UGW1-IA-WriteRequestUnits","PayPerRequestThroughput","us-gov-west-1","Amazon DynamoDB",
"FSP648GGYBREUKR7","JRTCKXETXF","FSP648GGYBREUKR7.JRTCKXETXF.6YS6EN2CT7","OnDemand","$0.1200 per million change data capture units for Kinesis Data Streams AWS GovCloud (US-West)","2026-07-01","0","Inf","ChangeDataCaptureUnits","0.0000001200","USD",,,,,"AmazonDynamoDB","AWS GovCloud (US-West)","AWS Region",,"DDB-Kinesis","Change Data Capture Units for Kinesis Data Streams","UGW1-ChangeDataCaptureUnits-Kinesis","DelegatedOperations","us-gov-west-1","Amazon DynamoDB",
"FSTYBUV4DTF6XANW","JRTCKXETXF","FSTYBUV4DTF6XANW.JRTCKXETXF.6YS6EN2CT7","OnDemand","$0.0002208 per ReadCapacityUnit-Hrs in Israel (Tel Aviv)","2026-07-01","0","Inf","ReadCapacityUnit-Hrs","0.0002208000","USD",,,,"Provisioned IOPS","AmazonDynamoDB","Israel (Tel Aviv)","AWS Region",,"DDB-ReadUnitsIA","DynamoDB Provisioned Read Units IA","ILC1-IA-ReadCapacityUnit-Hrs","CommittedThroughput","il-central-1","Amazon DynamoDB",
"FTKT6H36SRV29FB3","JRTCKXETXF","FTKT6H36SRV29FB3.JRTCKXETXF.6YS6EN2CT7","OnDemand","$0.1539 per GB of data imported to Amazon DynamoDB  in Asia Pacific (Taipei)","2026-07-01","0","Inf","GB","0.1539000000","USD",,,,"Amazon DynamoDB Import Data Size","AmazonDynamoDB","Asia Pacific (Taipei)","AWS Region","Amazon DynamoDB - Import Size",,,"APE2-ImportDataSize-Bytes","","ap-east-2","Amazon DynamoDB",
"FTXYRGJWWS92FNRA","JRTCKXETXF","FTXYRGJWWS92FNRA.JRTCKXETXF.6YS6EN2CT7","OnDemand","USD0.121 per GB-Month for TimedBackupStorage-ByteHrs in Middle East (Bahrain)","2026-07-01","0","Inf","GB-Month","0.1210000000","USD",,,,"Amazon DynamoDB On-Demand Backup Storage","AmazonDynamoDB","Middle East (Bahrain)","AWS Region","Amazon DynamoDB - On-Demand Backup Storage",,,"MES1-TimedBackupStorage-ByteHrs","","me-south-1","Amazon DynamoDB",
"FVTYPQJ48D5HD595","JRTCKXETXF","FVTYPQJ48D5HD595.JRTCKXETXF.6YS6EN2CT7","OnDemand","$0.11400 per GB-Month of IA storage in Asia Pacific (Singapore)","2026-07-01","0","Inf","GB-Mo","0.1140000000","USD",,,,"Database Storage","AmazonDynamoDB","Asia Pacific (Singapore)","AWS Region","Amazon DynamoDB - Indexed DataStore - IA",,,"APS1-IA-TimedStorage-ByteHrs","","ap-southeast-1","Amazon DynamoDB",
"FW6FTDP345BYZY6H","JRTCKXETXF","FW6FTDP345BYZY6H.JRTCKXETXF.6YS6EN2CT7","OnDemand","$0.3 per GB-Month of storage used","2026-07-01","0","Inf","GB-Mo","0.3000000000","USD",,,,"Database Storage","AmazonDynamoDB","AWS GovCloud (US-East)","AWS Region","Amazon DynamoDB - Indexed DataStore",,,"UGE1-TimedStorage-ByteHrs","","us-gov-east-1","Amazon DynamoDB",
"FWSDDKGAXBXQ2N9S","JRTCKXETXF","FWSDDKGAXBXQ2N9S.JRTCKXETXF.6YS6EN2CT7","OnDemand","$0.1140 per GB of incremental data exported in Asia Pacific (Tokyo)","2026-07-01","0","Inf","GB","0.1140000000","USD",,,,"Amazon DynamoDB Export Data Size","AmazonDynamoDB","Asia Pacific (Tokyo)","AWS Region","Amazon DynamoDB - Incremental Export",,,"APN1-IncrementalExportDataSize-Bytes","","ap-northeast-1","Amazon DynamoDB",
"FZJ3344RDFB498HP","JRTCKXETXF","FZJ3344RDFB498HP.JRTCKXETXF.6YS6EN2CT7","OnDemand","$0.0010106 per hour for units of IA write capacity in Middle East (Bahrain)","2026-07-01","0","Inf","WriteCapacityUnit-Hrs","0.0010106000","USD",,,,"Provisioned IOPS","AmazonDynamoDB","Middle East (Bahrain)","AWS Region",,"DDB-WriteUnitsIA","DynamoDB Provisioned Write Units IA","MES1-IA-WriteCapacityUnit-Hrs","CommittedThroughput","me-south-1","Amazon DynamoDB",
"G23ZYKE8BHMDNFBN","JRTCKXETXF","G23ZYKE8BHMDNFBN.JRTCKXETXF.6YS6EN2CT7","OnDemand","$0.10000 per GB of data exported in US East (Ohio)","2026-07-01","0","Inf","GB","0.1000000000","USD",,,,"Amazon DynamoDB Export Data Size","AmazonDynamoDB","US East (Ohio)","AWS Region","Amazon DynamoDB - Export Size",,,"USE2-ExportDataSize-Bytes","","us-east-2","Amazon DynamoDB",
"G2FC6NXKVCPW4SSW","JRTCKXETXF","G2FC6NXKVCPW4SSW.JRTCKXETXF.HBHVWY47CM","OnDemand","$0.00 per hour for 25 units of read capacity for a month (free tier)","2026-07-01","0","18600","ReadCapacityUnit-Hrs","0.0000000000","USD",,,,"Provisioned IOPS","AmazonDynamoDB","EU (Frankfurt)","AWS Region",,"DDB-ReadUnits","DynamoDB Provisioned Read Units","EUC1-ReadCapacityUnit-Hrs","CommittedThroughput","eu-central-1","Amazon DynamoDB",
"G2FC6NXKVCPW4SSW","JRTCKXETXF","G2FC6NXKVCPW4SSW.JRTCKXETXF.E63J5HTPNN","OnDemand","$0.0001586 per hour for units of read capacity beyond the free tier","2026-07-01","18600","Inf","ReadCapacityUnit-Hrs","0.0001586000","USD",,,,"Provisioned IOPS","AmazonDynamoDB","EU (Frankfurt)","AWS Region",,"DDB-ReadUnits","DynamoDB Provisioned Read Units","EUC1-ReadCapacityUnit-Hrs","CommittedThroughput","eu-central-1","Amazon DynamoDB",
"G2FC6NXKVCPW4SSW","VG8YD49WWM","G2FC6NXKVCPW4SSW.VG8YD49WWM.6YS6EN2CT7","Reserved","Amazon DynamoDB, Reserved Read Capacity used this month","2026-08-04","0","Inf","ReadCapacityUnit-Hrs","0.0000190000","USD","3yr","Heavy Utilization","standard","Provisioned IOPS","AmazonDynamoDB","EU (Frankfurt)","AWS Region",,"DDB-ReadUnits","DynamoDB Provisioned Read Units","EUC1-ReadCapacityUnit-Hrs","CommittedThroughput","eu-central-1","Amazon DynamoDB",
"G2FC6NXKVCPW4SSW","VG8YD49WWM","G2FC6NXKVCPW4SSW.VG8YD49WWM.2TG2D8R56U","Reserved","Upfront Fee","2026-08-04",,,"Quantity","0.438","USD","3yr","Heavy Utilization","standard","Provisioned IOPS","AmazonDynamoDB","EU (Frankfurt)","AWS Region",,"DDB-ReadUnits","DynamoDB Provisioned Read Units","EUC1-ReadCapacityUnit-Hrs","CommittedThroughput","eu-central-1","Amazon DynamoDB",
"G2FC6NXKVCPW4SSW","YTVHEVGPBZ","G2FC6NXKVCPW4SSW.YTVHEVGPBZ.6YS6EN2CT7","Reserved","Amazon DynamoDB, Reserved Read Capacity used this month","2026-08-04","0","Inf","ReadCapacityUnit-Hrs","0.0000320000","USD","1yr","Heavy Utilization","standard","Provisioned IOPS","AmazonDynamoDB","EU (Frankfurt)","AWS Region",,"DDB-ReadUnits","DynamoDB Provisioned Read Units","EUC1-ReadCapacityUnit-Hrs","CommittedThroughput","eu-central-1","Amazon DynamoDB",
"G2FC6NXKVCPW4SSW","YTVHEVGPBZ","G2FC6NXKVCPW4SSW.YTVHEVGPBZ.2TG2D8R56U","Reserved","Upfront Fee","2026-08-04",,,"Quantity","0.366","USD","1yr","Heavy Utilization","standard","Provisioned IOPS","AmazonDynamoDB","EU (Frankfurt)","AWS Region",,"DDB-ReadUnits","DynamoDB Provisioned Read Units","EUC1-ReadCapacityUnit-Hrs","CommittedThroughput","eu-central-1","Amazon DynamoDB",
"G7EQJCN8F53ZGQQY","JRTCKXETXF","G7EQJCN8F53ZGQQY.JRTCKXETXF.6YS6EN2CT7","OnDemand","$0.0001840 per hour for units of IA read capacity in Europe (Spain)","2026-07-01","0","Inf","ReadCapacityUnit-Hrs","0.0001840000","USD",,,,"Provisioned IOPS","AmazonDynamoDB","Europe (Spain)","AWS Region",,"DDB-ReadUnitsIA","DynamoDB Provisioned Read Units IA","EUS2-IA-ReadCapacityUnit-Hrs","CommittedThroughput","eu-south-2","Amazon DynamoDB",
"G7PQT3RTFGXPWCKZ","JRTCKXETXF","G7PQT3RTFGXPWCKZ.JRTCKXETXF.6YS6EN2CT7","OnDemand","$0.97 per million ReplicatedWriteRequestUnits for IA in Middle East (Bahrain)","2026-07-01","0","Inf","ReplicatedWriteRequestUnits","0.0000009700","USD",,,,"Amazon DynamoDB PayPerRequest Throughput","AmazonDynamoDB","Middle East (Bahrain)","AWS Region",,"DDB-ReplicatedWriteUnitsIA","DynamoDB PayPerRequest Replicated Write Request Units IA","MES1-IA-ReplWriteRequestUnits","PayPerRequestThroughput","me-south-1","Amazon DynamoDB",
"G9HQ7BS6AW6Y9YAU","JRTCKXETXF","G9HQ7BS6AW6Y9YAU.JRTCKXETXF.6YS6EN2CT7","OnDemand","$0.1650 per GB for data import in Canada (Central)","2026-07-01","0","Inf","GB","0.1650000000","USD",,,,"Amazon DynamoDB Import Data Size","AmazonDynamoDB","Canada (Central)","AWS Region","Amazon DynamoDB - Import Size",,,"CAN1-ImportDataSize-Bytes","","ca-central-1","Amazon DynamoDB",
"G9ZDAG6NEYPA65KU","JRTCKXETXF","G9ZDAG6NEYPA65KU.JRTCKXETXF.6YS6EN2CT7","OnDemand","$0.1027 per million Change Data Capture Units for Kinesis Data Streams in Asia Pacific (Taipei)","2026-07-01","0","Inf","ChangeDataCaptureUnits","0.0000001027","USD",,,,,"AmazonDynamoDB","Asia Pacific (Taipei)","AWS Region",,"DDB-Kinesis","Change Data Capture Units for Kinesis Data Streams","APE2-ChangeDataCaptureUnits-Kinesis","DelegatedOperations","ap-east-2","Amazon DynamoDB",
"GA5XQXTMQJ8CBEU4","JRTCKXETXF","GA5XQXTMQJ8CBEU4.JRTCKXETXF.6YS6EN2CT7","OnDemand","$0.1525 per million read request units (EU Central(Frankfurt))","2026-07-01","0","Inf","ReadRequestUnits","0.0000001525","USD",,,,"Amazon DynamoDB PayPerRequest Throughput","AmazonDynamoDB","EU (Frankfurt)","AWS Region",,"DDB-ReadUnits","DynamoDB PayPerRequest Read Request Units","EUC1-ReadRequestUnits","PayPerRequestThroughput","eu-central-1","Amazon DynamoDB",
"GAFXXX6W3J7GDAHB","JRTCKXETXF","GAFXXX6W3J7GDAHB.JRTCKXETXF.G2A93NZ7DT","OnDemand","$0.00 per GB-Month of storage for first 25 free GB-Months in Africa (Cape Town)","2026-07-01","0","25","GB-Mo","0.0000000000","USD",,,,"Database Storage","AmazonDynamoDB","Africa (Cape Town)","AWS Region","Amazon DynamoDB - Indexed DataStore",,,"AFS1-TimedStorage-ByteHrs","","af-south-1","Amazon DynamoDB",
"GAFXXX6W3J7GDAHB","JRTCKXETXF","GAFXXX6W3J7GDAHB.JRTCKXETXF.VYAP54KATQ","OnDemand","$0.33677 per GB-Month of storage used beyond first 25 free GB-Months in Africa (Cape Town)","2026-07-01","25","Inf","GB-Mo","0.3367700000","USD",,,,"Database Storage","AmazonDynamoDB","Africa (Cape Town)","AWS Region","Amazon DynamoDB - Indexed DataStore",,,"AFS1-TimedStorage-ByteHrs","","af-south-1","Amazon DynamoDB",
"GAHPNMT39TQ47AGG","JRTCKXETXF","GAHPNMT39TQ47AGG.JRTCKXETXF.G2A93NZ7DT","OnDemand","$0.00 per GB-Month of storage for first 25 free GB-Months","2026-07-01","0","25","GB-Mo","0.0000000000","USD",,,,"Database Storage","AmazonDynamoDB","US East (Ohio)","AWS Region","Amazon DynamoDB - Indexed DataStore",,,"USE2-TimedStorage-ByteHrs","","us-east-2","Amazon DynamoDB",
"GAHPNMT39TQ47AGG","JRTCKXETXF","GAHPNMT39TQ47AGG.JRTCKXETXF.VYAP54KATQ","OnDemand","$0.25 per GB-Month of storage used beyond first 25 free GB-Months","2026-07-01","25","Inf","GB-Mo","0.2500000000","USD",,,,"Database Storage","AmazonDynamoDB","US East (Ohio)","AWS Region","Amazon DynamoDB - Indexed DataStore",,,"USE2-TimedStorage-ByteHrs","","us-east-2","Amazon DynamoDB",
"GB8K54KWVXWGD5EM","JRTCKXETXF","GB8K54KWVXWGD5EM.JRTCKXETXF.6YS6EN2CT7","OnDemand","$0.1210 per GB of incremental data exported in Middle East (UAE)","2026-07-01","0","Inf","GB","0.1210000000","USD",,,,"Amazon DynamoDB Export Data Size","AmazonDynamoDB","Middle East (UAE)","AWS Region","Amazon DynamoDB - Incremental Export",,,"MEC1-IncrementalExportDataSize-Bytes","","me-central-1","Amazon DynamoDB",
"GC62YK3QSU9T4KP8","JRTCKXETXF","GC62YK3QSU9T4KP8.JRTCKXETXF.G2A93NZ7DT","OnDemand","USD0.0 per GB-Mo for TimedStorage-ByteHrs in Asia Pacific (Hong Kong)","2026-07-01","0","25","GB-Mo","0.0000000000","USD",,,,"Database Storage","AmazonDynamoDB","Asia Pacific (Hong Kong)","AWS Region","Amazon DynamoDB - Indexed DataStore",,,"APE1-TimedStorage-ByteHrs","","ap-east-1","Amazon DynamoDB",
"GC62YK3QSU9T4KP8","JRTCKXETXF","GC62YK3QSU9T4KP8.JRTCKXETXF.VYAP54KATQ","OnDemand","USD0.3135 per GB-Mo for TimedStorage-ByteHrs in Asia Pacific (Hong Kong)","2026-07-01","25","Inf","GB-Mo","0.3135000000","USD",,,,"Database Storage","AmazonDynamoDB","Asia Pacific (Hong Kong)","AWS Region","Amazon DynamoDB - Indexed DataStore",,,"APE1-TimedStorage-ByteHrs","","ap-east-1","Amazon DynamoDB",
"GCC4M9MXFJ7MCQM5","JRTCKXETXF","GCC4M9MXFJ7MCQM5.JRTCKXETXF.6YS6EN2CT7","OnDemand","$0.955 per million replicated IA write request units in EU (Frankfurt)","2026-07-01","0","Inf","ReplicatedWriteRequestUnits","0.0000009550","USD",,,,"Amazon DynamoDB PayPerRequest Throughput","AmazonDynamoDB","EU (Frankfurt)","AWS Region",,"DDB-ReplicatedWriteUnitsIA","DynamoDB PayPerRequest Replicated Write Request Units IA","EUC1-IA-ReplWriteRequestUnits","PayPerRequestThroughput","eu-central-1","Amazon DynamoDB",
"GCKPJ7M6GGPE6RC9","JRTCKXETXF","GCKPJ7M6GGPE6RC9.JRTCKXETXF.6YS6EN2CT7","OnDemand","$0.11886 per GB-Month of storage used for on-demand backup","2026-07-01","0","Inf","GB-Month","0.1188600000","USD",,,,"Amazon DynamoDB On-Demand Backup Storage","AmazonDynamoDB","EU (London)","AWS Region","Amazon DynamoDB - On-Demand Backup Storage",,,"EUW2-TimedBackupStorage-ByteHrs","","eu-west-2","Amazon DynamoDB",
"GDHXT3ZC3SW8JGZC","JRTCKXETXF","GDHXT3ZC3SW8JGZC.JRTCKXETXF.6YS6EN2CT7","OnDemand","$0.00228 per GB of vector data searched in Asia Pacific (Tokyo)","2026-07-01","0","Inf","GB","0.0022800000","USD",,,,"Amazon DynamoDB PayPerRequest Throughput","AmazonDynamoDB","Asia Pacific (Tokyo)","AWS Region",,,,"APN1-VectorSearch","","ap-northeast-1","Amazon DynamoDB","Standard"
"GDUVV54A45JF9NHA","JRTCKXETXF","GDUVV54A45JF9NHA.JRTCKXETXF.6YS6EN2CT7","OnDemand","$0.0001855 per hour for units of IA read capacity in Asia Pacific (Osaka)","2026-07-01","0","Inf","ReadCapacityUnit-Hrs","0.0001855000","USD",,,,"Provisioned IOPS","AmazonDynamoDB","Asia Pacific (Osaka)","AWS Region",,"DDB-ReadUnitsIA","DynamoDB Provisioned Read Units IA","APN3-IA-ReadCapacityUnit-Hrs","CommittedThroughput","ap-northeast-3","Amazon DynamoDB",
"GE2783GQCHUWTCU5","JRTCKXETXF","GE2783GQCHUWTCU5.JRTCKXETXF.HBHVWY47CM","OnDemand","$0.0 per ReadCapacityUnit-Hrs in Canada West (Calgary)","2026-07-01","0","18600","ReadCapacityUnit-Hrs","0.0000000000","USD",,,,"Provisioned IOPS","AmazonDynamoDB","Canada West (Calgary)","AWS Region",,"DDB-ReadUnits","DynamoDB Provisioned Read Units","CAN2-ReadCapacityUnit-Hrs","CommittedThroughput","ca-west-1","Amazon DynamoDB",
"GE2783GQCHUWTCU5","JRTCKXETXF","GE2783GQCHUWTCU5.JRTCKXETXF.E63J5HTPNN","OnDemand","$0.000143 per ReadCapacityUnit-Hrs in Canada West (Calgary)","2026-07-01","18600","Inf","ReadCapacityUnit-Hrs","0.0001430000","USD",,,,"Provisioned IOPS","AmazonDynamoDB","Canada West (Calgary)","AWS Region",,"DDB-ReadUnits","DynamoDB Provisioned Read Units","CAN2-ReadCapacityUnit-Hrs","CommittedThroughput","ca-west-1","Amazon DynamoDB",
"GE2783GQCHUWTCU5","YTVHEVGPBZ","GE2783GQCHUWTCU5.YTVHEVGPBZ.6YS6EN2CT7","Reserved","Amazon DynamoDB, Reserved Read Capacity used this month","2026-08-04","0","Inf","ReadCapacityUnit-Hrs","0.0000280000","USD","1yr","Heavy Utilization","standard","Provisioned IOPS","AmazonDynamoDB","Canada West (Calgary)","AWS Region",,"DDB-ReadUnits","DynamoDB Provisioned Read Units","CAN2-ReadCapacityUnit-Hrs","CommittedThroughput","ca-west-1","Amazon DynamoDB",
"GE2783GQCHUWTCU5","YTVHEVGPBZ","GE2783GQCHUWTCU5.YTVHEVGPBZ.2TG2D8R56U","Reserved","Upfront Fee","2026-08-04",,,"Quantity","0.33","USD","1yr","Heavy Utilization","standard","Provisioned IOPS","AmazonDynamoDB","Canada West (Calgary)","AWS Region",,"DDB-ReadUnits","DynamoDB Provisioned Read Units","CAN2-ReadCapacityUnit-Hrs","CommittedThroughput","ca-west-1","Amazon DynamoDB",
"GFV7FF6TXUC68QE4","JRTCKXETXF","GFV7FF6TXUC68QE4.JRTCKXETXF.M9QGYPQ72M","OnDemand","$0.00 for 2.5 million DynamoDB Streams read request units for a month (free tier) (Asia Pacific (Sydney))","2026-07-01","0","2500000","Requests","0.0000000000","USD",,,,"API Request","AmazonDynamoDB","Asia Pacific (Sydney)","AWS Region",,"DDB-StreamsReadRequests","DynamoDB Streams read request (GetRecords API)","APS2-Streams-Requests","GetRecords","ap-southeast-2","Amazon DynamoDB",
"GFV7FF6TXUC68QE4","JRTCKXETXF","GFV7FF6TXUC68QE4.JRTCKXETXF.AUKFMGQW43","OnDemand","$0.000000228 per DynamoDB Streams read request unit beyond free tier (Asia Pacific (Sydney))","2026-07-01","2500000","Inf","Requests","0.0000002280","USD",,,,"API Request","AmazonDynamoDB","Asia Pacific (Sydney)","AWS Region",,"DDB-StreamsReadRequests","DynamoDB Streams read request (GetRecords API)","APS2-Streams-Requests","GetRecords","ap-southeast-2","Amazon DynamoDB",
"GGQSXTNTRBHRVS56","JRTCKXETXF","GGQSXTNTRBHRVS56.JRTCKXETXF.6YS6EN2CT7","OnDemand","$0.625 per million write request units (Ohio)","2026-07-01","0","Inf","WriteRequestUnits","0.0000006250","USD",,,,"Amazon DynamoDB PayPerRequest Throughput","AmazonDynamoDB","US East (Ohio)","AWS Region",,"DDB-WriteUnits","DynamoDB PayPerRequest Write Request Units","USE2-WriteRequestUnits","PayPerRequestThroughput","us-east-2","Amazon DynamoDB",
"GHMWF9AU3YH7EG5G","JRTCKXETXF","GHMWF9AU3YH7EG5G.JRTCKXETXF.6YS6EN2CT7","OnDemand","$0.12100 per GB of data exported in Middle East (Bahrain)","2026-07-01","0","Inf","GB","0.1210000000","USD",,,,"Amazon DynamoDB Export Data Size","AmazonDynamoDB","Middle East (Bahrain)","AWS Region","Amazon DynamoDB - Export Size",,,"MES1-ExportDataSize-Bytes","","me-south-1","Amazon DynamoDB",
"GJDKWY99W2Z76ZP9","JRTCKXETXF","GJDKWY99W2Z76ZP9.JRTCKXETXF.6YS6EN2CT7","OnDemand","$0.1188 per GB of incremental data exported in Europe (Paris)","2026-07-01","0","Inf","GB","0.1188600000","USD",,,,"Amazon DynamoDB Export Data Size","AmazonDynamoDB","EU (Paris)","AWS Region","Amazon DynamoDB - Incremental Export",,,"EUW3-IncrementalExportDataSize-Bytes","","eu-west-3","Amazon DynamoDB",
"GJQBY462XPJ46ZQF","JRTCKXETXF","GJQBY462XPJ46ZQF.JRTCKXETXF.6YS6EN2CT7","OnDemand","$0.89 per million replicated IA write request units in Asia Pacific (Sydney)","2026-07-01","0","Inf","ReplicatedWriteRequestUnits","0.0000008900","USD",,,,"Amazon DynamoDB PayPerRequest Throughput","AmazonDynamoDB","Asia Pacific (Sydney)","AWS Region",,"DDB-ReplicatedWriteUnitsIA","DynamoDB PayPerRequest Replicated Write Request Units IA","APS2-IA-ReplWriteRequestUnits","PayPerRequestThroughput","ap-southeast-2","Amazon DynamoDB",
"GKTMGWG88V9XH69W","JRTCKXETXF","GKTMGWG88V9XH69W.JRTCKXETXF.6YS6EN2CT7","OnDemand","$0.00016695 per hour for units of IA read capacity in Asia Pacific (Malaysia)","2026-07-01","0","Inf","ReadCapacityUnit-Hrs","0.0001669500","USD",,,,"Provisioned IOPS","AmazonDynamoDB","Asia Pacific (Malaysia)","AWS Region",,"DDB-ReadUnitsIA","DynamoDB Provisioned Read Units IA","APS7-IA-ReadCapacityUnit-Hrs","CommittedThroughput","ap-southeast-5","Amazon DynamoDB",
"GM69RJT49WH6GV53","JRTCKXETXF","GM69RJT49WH6GV53.JRTCKXETXF.6YS6EN2CT7","OnDemand","$0.9375 per million write request units (South America (Sao Paulo))","2026-07-01","0","Inf","WriteRequestUnits","0.0000009375","USD",,,,"Amazon DynamoDB PayPerRequest Throughput","AmazonDynamoDB","South America (Sao Paulo)","AWS Region",,"DDB-WriteUnits","DynamoDB PayPerRequest Write Request Units","SAE1-WriteRequestUnits","PayPerRequestThroughput","sa-east-1","Amazon DynamoDB",
"GM86R5JEJA8FA3N3","JRTCKXETXF","GM86R5JEJA8FA3N3.JRTCKXETXF.6YS6EN2CT7","OnDemand","$0.1282 per million DynamoDB Read Request Units in Asia Pacific (Taipei)","2026-07-01","0","Inf","ReadRequestUnits","0.0000001282","USD",,,,"Amazon DynamoDB PayPerRequest Throughput","AmazonDynamoDB","Asia Pacific (Taipei)","AWS Region",,"DDB-ReadUnits","DynamoDB PayPerRequest Read Request Units","APE2-ReadRequestUnits","PayPerRequestThroughput","ap-east-2","Amazon DynamoDB",
"GMU463E7NYYV5NTD","JRTCKXETXF","GMU463E7NYYV5NTD.JRTCKXETXF.6YS6EN2CT7","OnDemand","USD 0.12 per GB-Month for TimedBackupStorage-ByteHrs in AWS GovCloud (US)","2026-07-01","0","Inf","GB-Month","0.1200000000","USD",,,,"Amazon DynamoDB On-Demand Backup Storage","AmazonDynamoDB","AWS GovCloud (US-East)","AWS Region","Amazon DynamoDB - On-Demand Backup Storage",,,"UGE1-TimedBackupStorage-ByteHrs","","us-gov-east-1","Amazon DynamoDB",
"GR72VUNDTZJ4423J","JRTCKXETXF","GR72VUNDTZJ4423J.JRTCKXETXF.6YS6EN2CT7","OnDemand","$0.775 per GB of IA vector write requests in EU (Milan)","2026-07-01","0","Inf","GB","0.7750000000","USD",,,,"Amazon DynamoDB PayPerRequest Throughput","AmazonDynamoDB","EU (Milan)","AWS Region",,,,"EUS1-IA-VectorWriteRequest","","eu-south-1","Amazon DynamoDB",
"GSSDTS2TPQ4RHW4R","JRTCKXETXF","GSSDTS2TPQ4RHW4R.JRTCKXETXF.6YS6EN2CT7","OnDemand","$0.228 per GB-Month of storage used for DynamoDB PITR backup","2026-07-01","0","Inf","GB-Mo","0.2280000000","USD",,,,"Database Storage","AmazonDynamoDB","Asia Pacific (Singapore)","AWS Region","Amazon DynamoDB - Point-In-Time-Restore (PITR) Backup Storage",,,"APS1-TimedPITRStorage-ByteHrs","","ap-southeast-1","Amazon DynamoDB",
"GTC4K5DV2VGGRJ8K","JRTCKXETXF","GTC4K5DV2VGGRJ8K.JRTCKXETXF.6YS6EN2CT7","OnDemand","$0.10 per GB-Month of storage used for on-demand backup","2026-07-01","0","Inf","GB-Month","0.1000000000","USD",,,,"Amazon DynamoDB On-Demand Backup Storage","AmazonDynamoDB","US West (Oregon)","AWS Region","Amazon DynamoDB - On-Demand Backup Storage",,,"USW2-TimedBackupStorage-ByteHrs","","us-west-2","Amazon DynamoDB",
"GTSP8YJDWQNPPU3S","JRTCKXETXF","GTSP8YJDWQNPPU3S.JRTCKXETXF.6YS6EN2CT7","OnDemand","$0.00228 per GB of vector data searched in Asia Pacific (Hyderabad)","2026-07-01","0","Inf","GB","0.0022800000","USD",,,,"Amazon DynamoDB PayPerRequest Throughput","AmazonDynamoDB","Asia Pacific (Hyderabad)","AWS Region",,,,"APS5-VectorSearch","","ap-south-2","Amazon DynamoDB","Standard"
"GUQNP9269HMJRPCD","JRTCKXETXF","GUQNP9269HMJRPCD.JRTCKXETXF.6YS6EN2CT7","OnDemand","$0.15000 per GB of data exported in South America (Sao Paulo)","2026-07-01","0","Inf","GB","0.1500000000","USD",,,,"Amazon DynamoDB Export Data Size","AmazonDynamoDB","South America (Sao Paulo)","AWS Region","Amazon DynamoDB - Export Size",,,"SAE1-ExportDataSize-Bytes","","sa-east-1","Amazon DynamoDB",
"GUZX799RARNQ79CU","JRTCKXETXF","GUZX799RARNQ79CU.JRTCKXETXF.M9QGYPQ72M","OnDemand","$0.00 per Request from 0 to 2,500,000 for DynamoDB Streams read request (GetRecords API) in Mexico (Central)","2026-07-01","0","2500000","Requests","0.0000000000","USD",,,,"API Request","AmazonDynamoDB","Mexico (Central)","AWS Region",,"DDB-StreamsReadRequests","DynamoDB Streams read request (GetRecords API)","MXC1-Streams-Requests","GetRecords","mx-central-1","Amazon DynamoDB",
"GUZX799RARNQ79CU","JRTCKXETXF","GUZX799RARNQ79CU.JRTCKXETXF.AUKFMGQW43","OnDemand","$0.00000021 per Request beyond 2,500,000 for DynamoDB Streams read request (GetRecords API) in Mexico (Central)","2026-07-01","2500000","Inf","Requests","0.0000002100","USD",,,,"API Request","AmazonDynamoDB","Mexico (Central)","AWS Region",,"DDB-StreamsReadRequests","DynamoDB Streams read request (GetRecords API)","MXC1-Streams-Requests","GetRecords","mx-central-1","Amazon DynamoDB",
"GV6V4SRZXTQ29U38","JRTCKXETXF","GV6V4SRZXTQ29U38.JRTCKXETXF.6YS6EN2CT7","OnDemand","$0.00228 per GB of vector data searched in Asia Pacific (Singapore)","2026-07-01","0","Inf","GB","0.0022800000","USD",,,,"Amazon DynamoDB PayPerRequest Throughput","AmazonDynamoDB","Asia Pacific (Singapore)","AWS Region",,,,"APS1-VectorSearch","","ap-southeast-1","Amazon DynamoDB","Standard"
"GVBT7JN4X2B6STN4","JRTCKXETXF","GVBT7JN4X2B6STN4.JRTCKXETXF.HBHVWY47CM","OnDemand","$0.00 per hour for 25 units of write capacity for a month (free tier)","2026-07-01","0","18600","WriteCapacityUnit-Hrs","0.0000000000","USD",,,,"Provisioned IOPS","AmazonDynamoDB","Asia Pacific (Tokyo)","AWS Region",,"DDB-WriteUnits","DynamoDB Provisioned Write Units","APN1-WriteCapacityUnit-Hrs","CommittedThroughput","ap-northeast-1","Amazon DynamoDB",
"GVBT7JN4X2B6STN4","JRTCKXETXF","GVBT7JN4X2B6STN4.JRTCKXETXF.E63J5HTPNN","OnDemand","$0.000742 per hour for units of write capacity beyond the free tier","2026-07-01","18600","Inf","WriteCapacityUnit-Hrs","0.0007420000","USD",,,,"Provisioned IOPS","AmazonDynamoDB","Asia Pacific (Tokyo)","AWS Region",,"DDB-WriteUnits","DynamoDB Provisioned Write Units","APN1-WriteCapacityUnit-Hrs","CommittedThroughput","ap-northeast-1","Amazon DynamoDB",
"GVBT7JN4X2B6STN4","VG8YD49WWM","GVBT7JN4X2B6STN4.VG8YD49WWM.6YS6EN2CT7","Reserved","Amazon DynamoDB, Reserved Write Capacity used this month","2026-08-04","0","Inf","WriteCapacityUnit-Hrs","0.0000930000","USD","3yr","Heavy Utilization","standard","Provisioned IOPS","AmazonDynamoDB","Asia Pacific (Tokyo)","AWS Region",,"DDB-WriteUnits","DynamoDB Provisioned Write Units","APN1-WriteCapacityUnit-Hrs","CommittedThroughput","ap-northeast-1","Amazon DynamoDB",
"GVBT7JN4X2B6STN4","VG8YD49WWM","GVBT7JN4X2B6STN4.VG8YD49WWM.2TG2D8R56U","Reserved","Upfront Fee","2026-08-04",,,"Quantity","2.056","USD","3yr","Heavy Utilization","standard","Provisioned IOPS","AmazonDynamoDB","Asia Pacific (Tokyo)","AWS Region",,"DDB-WriteUnits","DynamoDB Provisioned Write Units","APN1-WriteCapacityUnit-Hrs","CommittedThroughput","ap-northeast-1","Amazon DynamoDB",
"GVBT7JN4X2B6STN4","YTVHEVGPBZ","GVBT7JN4X2B6STN4.YTVHEVGPBZ.6YS6EN2CT7","Reserved","Amazon DynamoDB, Reserved Write Capacity used this month","2026-08-04","0","Inf","WriteCapacityUnit-Hrs","0.0001470000","USD","1yr","Heavy Utilization","standard","Provisioned IOPS","AmazonDynamoDB","Asia Pacific (Tokyo)","AWS Region",,"DDB-WriteUnits","DynamoDB Provisioned Write Units","APN1-WriteCapacityUnit-Hrs","CommittedThroughput","ap-northeast-1","Amazon DynamoDB",
"GVBT7JN4X2B6STN4","YTVHEVGPBZ","GVBT7JN4X2B6STN4.YTVHEVGPBZ.2TG2D8R56U","Reserved","Upfront Fee","2026-08-04",,,"Quantity","1.714","USD","1yr","Heavy Utilization","standard","Provisioned IOPS","AmazonDynamoDB","Asia Pacific (Tokyo)","AWS Region",,"DDB-WriteUnits","DynamoDB Provisioned Write Units","APN1-WriteCapacityUnit-Hrs","CommittedThroughput","ap-northeast-1","Amazon DynamoDB",
"GVKFK4VY577PJ9GA","JRTCKXETXF","GVKFK4VY577PJ9GA.JRTCKXETXF.6YS6EN2CT7","OnDemand","$0.105 per GB of data exported from Amazon DynamoDB  in Mexico (Central)","2026-07-01","0","Inf","GB","0.1050000000","USD",,,,"Amazon DynamoDB Export Data Size","AmazonDynamoDB","Mexico (Central)","AWS Region","Amazon DynamoDB - Incremental Export",,,"MXC1-IncrementalExportDataSize-Bytes","","mx-central-1","Amazon DynamoDB",
"GW9SMT5UWTCGPHMT","JRTCKXETXF","GW9SMT5UWTCGPHMT.JRTCKXETXF.6YS6EN2CT7","OnDemand","$0.57824 per GB of vector write requests in US West (N. California)","2026-07-01","0","Inf","GB","0.5782400000","USD",,,,"Amazon DynamoDB PayPerRequest Throughput","AmazonDynamoDB","US West (N. California)","AWS Region",,,,"USW1-VectorWriteRequest","","us-west-1","Amazon DynamoDB","Standard"
"GWFBV4YH9S6FZBDK","JRTCKXETXF","GWFBV4YH9S6FZBDK.JRTCKXETXF.6YS6EN2CT7","OnDemand","$0.16245 per GB of data restored","2026-07-01","0","Inf","GB","0.1624500000","USD",,,,"Amazon DynamoDB Restore Data Size","AmazonDynamoDB","Asia Pacific (Seoul)","AWS Region","Amazon DynamoDB - Backup Restore Size",,,"APN2-RestoreDataSize-Bytes","","ap-northeast-2","Amazon DynamoDB",
"GXSPM8KQCF3WJZ3A","JRTCKXETXF","GXSPM8KQCF3WJZ3A.JRTCKXETXF.6YS6EN2CT7","OnDemand","$0.00285 per GB of IA vector data searched in EU (Ireland)","2026-07-01","0","Inf","GB","0.0028500000","USD",,,,"Amazon DynamoDB PayPerRequest Throughput","AmazonDynamoDB","EU (Ireland)","AWS Region",,,,"EU-IA-VectorSearch","","eu-west-1","Amazon DynamoDB",
"GYS8BPSYNBF5DE4A","JRTCKXETXF","GYS8BPSYNBF5DE4A.JRTCKXETXF.6YS6EN2CT7","OnDemand","$0.71625 per GB of IA vector write requests in Canada (Central)","2026-07-01","0","Inf","GB","0.7162500000","USD",,,,"Amazon DynamoDB PayPerRequest Throughput","AmazonDynamoDB","Canada (Central)","AWS Region",,,,"CAN1-IA-VectorWriteRequest","","ca-central-1","Amazon DynamoDB",
"GZQTDVP4C5TGX2KV","JRTCKXETXF","GZQTDVP4C5TGX2KV.JRTCKXETXF.HBHVWY47CM","OnDemand","$0.0 per ReplicatedWriteCapacityUnit-Hrs in Canada West (Calgary)","2026-07-01","0","18600","ReplicatedWriteCapacityUnit-Hrs","0.0000000000","USD",,,,"DDB-Operation-ReplicatedWrite","AmazonDynamoDB","Canada West (Calgary)","AWS Region",,"DDB-ReplicatedWriteUnits","DynamoDB Provisioned Replicated Write Units","CAN2-ReplWriteCapacityUnit-Hrs","CommittedThroughput","ca-west-1","Amazon DynamoDB",
"GZQTDVP4C5TGX2KV","JRTCKXETXF","GZQTDVP4C5TGX2KV.JRTCKXETXF.E63J5HTPNN","OnDemand","$0.000715 per ReplicatedWriteCapacityUnit-Hrs in Canada West (Calgary)","2026-07-01","18600","Inf","ReplicatedWriteCapacityUnit-Hrs","0.0007150000","USD",,,,"DDB-Operation-ReplicatedWrite","AmazonDynamoDB","Canada West (Calgary)","AWS Region",,"DDB-ReplicatedWriteUnits","DynamoDB Provisioned Replicated Write Units","CAN2-ReplWriteCapacityUnit-Hrs","CommittedThroughput","ca-west-1","Amazon DynamoDB",
"H6DKXMC3VBMMW8CT","JRTCKXETXF","H6DKXMC3VBMMW8CT.JRTCKXETXF.6YS6EN2CT7","OnDemand","$0.00287 per GB of IA vector data searched in Asia Pacific (Osaka)","2026-07-01","0","Inf","GB","0.0028700000","USD",,,,"Amazon DynamoDB PayPerRequest Throughput","AmazonDynamoDB","Asia Pacific (Osaka)","AWS Region",,,,"APN3-IA-VectorSearch","","ap-northeast-3","Amazon DynamoDB",
"H6M36RPDSS7TXHDW","JRTCKXETXF","H6M36RPDSS7TXHDW.JRTCKXETXF.6YS6EN2CT7","OnDemand","$0.6435 per million DynamoDB Replicated Write Request Units in Asia Pacific (Taipei)","2026-07-01","0","Inf","ReplicatedWriteRequestUnits","0.0000006435","USD",,,,"Amazon DynamoDB PayPerRequest Throughput","AmazonDynamoDB","Asia Pacific (Taipei)","AWS Region",,"DDB-ReplicatedWriteUnits","DynamoDB PayPerRequest Replicated Write Request Units","APE2-ReplWriteRequestUnits","PayPerRequestThroughput","ap-east-2","Amazon DynamoDB",
"HBK75W4NW4DYPFAC","JRTCKXETXF","HBK75W4NW4DYPFAC.JRTCKXETXF.6YS6EN2CT7","OnDemand","$0.715 per million write request units (Asia Pacific (Tokyo))","2026-07-01","0","Inf","WriteRequestUnits","0.0000007150","USD",,,,"Amazon DynamoDB PayPerRequest Throughput","AmazonDynamoDB","Asia Pacific (Tokyo)","AWS Region",,"DDB-WriteUnits","DynamoDB PayPerRequest Write Request Units","APN1-WriteRequestUnits","PayPerRequestThroughput","ap-northeast-1","Amazon DynamoDB",
"HCYFVW9DMZM4TEUX","JRTCKXETXF","HCYFVW9DMZM4TEUX.JRTCKXETXF.6YS6EN2CT7","OnDemand","$0.1000 per GB of incremental data exported in US East (Ohio)","2026-07-01","0","Inf","GB","0.1000000000","USD",,,,"Amazon DynamoDB Export Data Size","AmazonDynamoDB","US East (Ohio)","AWS Region","Amazon DynamoDB - Incremental Export",,,"USE2-IncrementalExportDataSize-Bytes","","us-east-2","Amazon DynamoDB",
"HFM8JAJAY28TPC6V","JRTCKXETXF","HFM8JAJAY28TPC6V.JRTCKXETXF.6YS6EN2CT7","OnDemand","$0.11400 per GB of data exported in Asia Pacific (Sydney)","2026-07-01","0","Inf","GB","0.1140000000","USD",,,,"Amazon DynamoDB Export Data Size","AmazonDynamoDB","Asia Pacific (Sydney)","AWS Region","Amazon DynamoDB - Export Size",,,"APS2-ExportDataSize-Bytes","","ap-southeast-2","Amazon DynamoDB",
"HHNGN76SDTCUW4GN","JRTCKXETXF","HHNGN76SDTCUW4GN.JRTCKXETXF.6YS6EN2CT7","OnDemand","$0.62026 per GB of vector write requests in Asia Pacific (New Zealand)","2026-07-01","0","Inf","GB","0.6202600000","USD",,,,"Amazon DynamoDB PayPerRequest Throughput","AmazonDynamoDB","Asia Pacific (New Zealand)","AWS Region",,,,"APS8-VectorWriteRequest","","ap-southeast-6","Amazon DynamoDB","Standard"
"HKAXA28QKWPC5UR9","JRTCKXETXF","HKAXA28QKWPC5UR9.JRTCKXETXF.HBHVWY47CM","OnDemand","$0.00 per hour for 25 units of write capacity for a month (free tier)","2026-07-01","0","18600","WriteCapacityUnit-Hrs","0.0000000000","USD",,,,"Provisioned IOPS","AmazonDynamoDB","Asia Pacific (Singapore)","AWS Region",,"DDB-WriteUnits","DynamoDB Provisioned Write Units","APS1-WriteCapacityUnit-Hrs","CommittedThroughput","ap-southeast-1","Amazon DynamoDB",
"HKAXA28QKWPC5UR9","JRTCKXETXF","HKAXA28QKWPC5UR9.JRTCKXETXF.E63J5HTPNN","OnDemand","$0.00074 per hour for units of write capacity beyond the free tier","2026-07-01","18600","Inf","WriteCapacityUnit-Hrs","0.0007400000","USD",,,,"Provisioned IOPS","AmazonDynamoDB","Asia Pacific (Singapore)","AWS Region",,"DDB-WriteUnits","DynamoDB Provisioned Write Units","APS1-WriteCapacityUnit-Hrs","CommittedThroughput","ap-southeast-1","Amazon DynamoDB",
"HKAXA28QKWPC5UR9","VG8YD49WWM","HKAXA28QKWPC5UR9.VG8YD49WWM.6YS6EN2CT7","Reserved","Amazon DynamoDB, Reserved Write Capacity used this month","2026-08-04","0","Inf","WriteCapacityUnit-Hrs","0.0000930000","USD","3yr","Heavy Utilization","standard","Provisioned IOPS","AmazonDynamoDB","Asia Pacific (Singapore)","AWS Region",,"DDB-WriteUnits","DynamoDB Provisioned Write Units","APS1-WriteCapacityUnit-Hrs","CommittedThroughput","ap-southeast-1","Amazon DynamoDB",
"HKAXA28QKWPC5UR9","VG8YD49WWM","HKAXA28QKWPC5UR9.VG8YD49WWM.2TG2D8R56U","Reserved","Upfront Fee","2026-08-04",,,"Quantity","2.052","USD","3yr","Heavy Utilization","standard","Provisioned IOPS","AmazonDynamoDB","Asia Pacific (Singapore)","AWS Region",,"DDB-WriteUnits","DynamoDB Provisioned Write Units","APS1-WriteCapacityUnit-Hrs","CommittedThroughput","ap-southeast-1","Amazon DynamoDB",
"HKAXA28QKWPC5UR9","YTVHEVGPBZ","HKAXA28QKWPC5UR9.YTVHEVGPBZ.6YS6EN2CT7","Reserved","Amazon DynamoDB, Reserved Write Capacity used this month","2026-08-04","0","Inf","WriteCapacityUnit-Hrs","0.0001460000","USD","1yr","Heavy Utilization","standard","Provisioned IOPS","AmazonDynamoDB","Asia Pacific (Singapore)","AWS Region",,"DDB-WriteUnits","DynamoDB Provisioned Write Units","APS1-WriteCapacityUnit-Hrs","CommittedThroughput","ap-southeast-1","Amazon DynamoDB",
"HKAXA28QKWPC5UR9","YTVHEVGPBZ","HKAXA28QKWPC5UR9.YTVHEVGPBZ.2TG2D8R56U","Reserved","Upfront Fee","2026-08-04",,,"Quantity","1.71","USD","1yr","Heavy Utilization","standard","Provisioned IOPS","AmazonDynamoDB","Asia Pacific (Singapore)","AWS Region",,"DDB-WriteUnits","DynamoDB Provisioned Write Units","APS1-WriteCapacityUnit-Hrs","CommittedThroughput","ap-southeast-1","Amazon DynamoDB",
"HKJK4FPY45DF4FM9","JRTCKXETXF","HKJK4FPY45DF4FM9.JRTCKXETXF.6YS6EN2CT7","OnDemand","USD0.242 per GB-Mo for TimedPITRStorage-ByteHrs in Middle East (Bahrain)","2026-07-01","0","Inf","GB-Mo","0.2420000000","USD",,,,"Database Storage","AmazonDynamoDB","Middle East (Bahrain)","AWS Region","Amazon DynamoDB - Point-In-Time-Restore (PITR) Backup Storage",,,"MES1-TimedPITRStorage-ByteHrs","","me-south-1","Amazon DynamoDB",
"HMSYNSZKWXEV5VR9","JRTCKXETXF","HMSYNSZKWXEV5VR9.JRTCKXETXF.6YS6EN2CT7","OnDemand","$0.0010901 per hour for units of IA replicated write capacity in Europe (Zurich)","2026-07-01","0","Inf","ReplicatedWriteCapacityUnit-Hrs","0.0010901000","USD",,,,"DDB-Operation-ReplicatedWrite","AmazonDynamoDB","Europe (Zurich)","AWS Region",,"DDB-ReplicatedWriteUnitsIA","DynamoDB Provisioned Replicated Write Units IA","EUC2-IA-ReplWriteCapacityUnit-Hrs","CommittedThroughput","eu-central-2","Amazon DynamoDB",
"HPAN7XEBWVYYXVDF","JRTCKXETXF","HPAN7XEBWVYYXVDF.JRTCKXETXF.6YS6EN2CT7","OnDemand","$0.59072 per GB of vector write requests in Asia Pacific (Singapore)","2026-07-01","0","Inf","GB","0.5907200000","USD",,,,"Amazon DynamoDB PayPerRequest Throughput","AmazonDynamoDB","Asia Pacific (Singapore)","AWS Region",,,,"APS1-VectorWriteRequest","","ap-southeast-1","Amazon DynamoDB","Standard"
"HPE83NBPXJNXAQFD","JRTCKXETXF","HPE83NBPXJNXAQFD.JRTCKXETXF.6YS6EN2CT7","OnDemand","$0.000194775 per hour for DynamoDB Provisioned IA Read Capacity Units in Asia Pacific (New Zealand)","2026-07-01","0","Inf","ReadCapacityUnit-Hrs","0.0001947750","USD",,,,"Provisioned IOPS","AmazonDynamoDB","Asia Pacific (New Zealand)","AWS Region",,"DDB-ReadUnitsIA","DynamoDB Provisioned Read Units IA","APS8-IA-ReadCapacityUnit-Hrs","CommittedThroughput","ap-southeast-6","Amazon DynamoDB",
"HQBX77FS863F5GZS","JRTCKXETXF","HQBX77FS863F5GZS.JRTCKXETXF.6YS6EN2CT7","OnDemand","$0.1100 per GB for ExportDataSize-Bytes in Canada West (Calgary)","2026-07-01","0","Inf","GB","0.1100000000","USD",,,,"Amazon DynamoDB Export Data Size","AmazonDynamoDB","Canada West (Calgary)","AWS Region","Amazon DynamoDB - Export Size",,,"CAN2-ExportDataSize-Bytes","","ca-west-1","Amazon DynamoDB",
"HQZY4ZFUTRDPV7ZE","JRTCKXETXF","HQZY4ZFUTRDPV7ZE.JRTCKXETXF.6YS6EN2CT7","OnDemand","$0.1425 per million read request units (Asia Pacific (India))","2026-07-01","0","Inf","ReadRequestUnits","0.0000001425","USD",,,,"Amazon DynamoDB PayPerRequest Throughput","AmazonDynamoDB","Asia Pacific (Mumbai)","AWS Region",,"DDB-ReadUnits","DynamoDB PayPerRequest Read Request Units","APS3-ReadRequestUnits","PayPerRequestThroughput","ap-south-1","Amazon DynamoDB",
"HRWXT8U6CSE6NT9X","JRTCKXETXF","HRWXT8U6CSE6NT9X.JRTCKXETXF.6YS6EN2CT7","OnDemand","$0.165 per GB for RestoreDataSize-Bytes in Canada West (Calgary)","2026-07-01","0","Inf","GB","0.1650000000","USD",,,,"Amazon DynamoDB Restore Data Size","AmazonDynamoDB","Canada West (Calgary)","AWS Region","Amazon DynamoDB - Backup Restore Size",,,"CAN2-RestoreDataSize-Bytes","","ca-west-1","Amazon DynamoDB",
"HT2XQP9C894EWUH4","JRTCKXETXF","HT2XQP9C894EWUH4.JRTCKXETXF.6YS6EN2CT7","OnDemand","$0.0009750 per hour for units of IA write capacity in AWS GovCloud (US-West)","2026-07-01","0","Inf","WriteCapacityUnit-Hrs","0.0009750000","USD",,,,"Provisioned IOPS","AmazonDynamoDB","AWS GovCloud (US-West)","AWS Region",,"DDB-WriteUnitsIA","DynamoDB Provisioned Write Units IA","UGW1-IA-WriteCapacityUnit-Hrs","CommittedThroughput","us-gov-west-1","Amazon DynamoDB",
"HWEZWZFNJST4WE4A","JRTCKXETXF","HWEZWZFNJST4WE4A.JRTCKXETXF.6YS6EN2CT7","OnDemand","$0.178 per million IA read request units in Asia Pacific (Mumbai)","2026-07-01","0","Inf","ReadRequestUnits","0.0000001780","USD",,,,"Amazon DynamoDB PayPerRequest Throughput","AmazonDynamoDB","Asia Pacific (Mumbai)","AWS Region",,"DDB-ReadUnitsIA","DynamoDB PayPerRequest Read Request Units IA","APS3-IA-ReadRequestUnits","PayPerRequestThroughput","ap-south-1","Amazon DynamoDB",
"HY3KVD7S9DJPUJJS","JRTCKXETXF","HY3KVD7S9DJPUJJS.JRTCKXETXF.6YS6EN2CT7","OnDemand","$0.1254 per GB of incremental data exported in Asia Pacific (Hong Kong)","2026-07-01","0","Inf","GB","0.1254000000","USD",,,,"Amazon DynamoDB Export Data Size","AmazonDynamoDB","Asia Pacific (Hong Kong)","AWS Region","Amazon DynamoDB - Incremental Export",,,"APE1-IncrementalExportDataSize-Bytes","","ap-east-1","Amazon DynamoDB",
"HYSQXY3WGCVG7FRK","JRTCKXETXF","HYSQXY3WGCVG7FRK.JRTCKXETXF.6YS6EN2CT7","OnDemand","$0.1539 per GB of data restored for Amazon DynamoDB in Asia Pacific (Thailand)","2026-07-01","0","Inf","GB","0.1539000000","USD",,,,"Amazon DynamoDB Restore Data Size","AmazonDynamoDB","Asia Pacific (Thailand)","AWS Region","Amazon DynamoDB - Backup Restore Size",,,"APS9-RestoreDataSize-Bytes","","ap-southeast-7","Amazon DynamoDB",
"J294BYV4MJ6F8RBQ","JRTCKXETXF","J294BYV4MJ6F8RBQ.JRTCKXETXF.6YS6EN2CT7","OnDemand","$0.1025 per million change data capture units for Kinesis Data Streams in Asia Pacific (Malaysia)","2026-07-01","0","Inf","ChangeDataCaptureUnits","0.0000001030","USD",,,,,"AmazonDynamoDB","Asia Pacific (Malaysia)","AWS Region",,"DDB-Kinesis","Change Data Capture Units for Kinesis Data Streams","APS7-ChangeDataCaptureUnits-Kinesis","DelegatedOperations","ap-southeast-5","Amazon DynamoDB",
"J6F4JRKYMFKWFVNE","JRTCKXETXF","J6F4JRKYMFKWFVNE.JRTCKXETXF.6YS6EN2CT7","OnDemand","$0.16 per million DynamoDB IA Read Request Units in Asia Pacific (Thailand)","2026-07-01","0","Inf","ReadRequestUnits","0.0000001600","USD",,,,"Amazon DynamoDB PayPerRequest Throughput","AmazonDynamoDB","Asia Pacific (Thailand)","AWS Region",,"DDB-ReadUnitsIA","DynamoDB PayPerRequest Read Request Units IA","APS9-IA-ReadRequestUnits","PayPerRequestThroughput","ap-southeast-7","Amazon DynamoDB",
"J73PCWNH5D3HA6JS","JRTCKXETXF","J73PCWNH5D3HA6JS.JRTCKXETXF.6YS6EN2CT7","OnDemand","$0.572 per GB of vector write requests in Canada West (Calgary)","2026-07-01","0","Inf","GB","0.5720000000","USD",,,,"Amazon DynamoDB PayPerRequest Throughput","AmazonDynamoDB","Canada West (Calgary)","AWS Region",,,,"CAN2-VectorWriteRequest","","ca-west-1","Amazon DynamoDB","Standard"
"J7FH9ZNSN6J2RR9Q","JRTCKXETXF","J7FH9ZNSN6J2RR9Q.JRTCKXETXF.HBHVWY47CM","OnDemand","$0.00 per hour for 25 units of read capacity for a month (free tier)","2026-07-01","0","18600","ReadCapacityUnit-Hrs","0.0000000000","USD",,,,"Provisioned IOPS","AmazonDynamoDB","EU (Ireland)","AWS Region",,"DDB-ReadUnits","DynamoDB Provisioned Read Units","EU-ReadCapacityUnit-Hrs","CommittedThroughput","eu-west-1","Amazon DynamoDB",
"J7FH9ZNSN6J2RR9Q","JRTCKXETXF","J7FH9ZNSN6J2RR9Q.JRTCKXETXF.E63J5HTPNN","OnDemand","$0.000147 per hour for units of read capacity beyond the free tier","2026-07-01","18600","Inf","ReadCapacityUnit-Hrs","0.0001470000","USD",,,,"Provisioned IOPS","AmazonDynamoDB","EU (Ireland)","AWS Region",,"DDB-ReadUnits","DynamoDB Provisioned Read Units","EU-ReadCapacityUnit-Hrs","CommittedThroughput","eu-west-1","Amazon DynamoDB",
"J7FH9ZNSN6J2RR9Q","VG8YD49WWM","J7FH9ZNSN6J2RR9Q.VG8YD49WWM.6YS6EN2CT7","Reserved","Amazon DynamoDB, Reserved Read Capacity used this month","2026-08-04","0","Inf","ReadCapacityUnit-Hrs","0.0000180000","USD","3yr","Heavy Utilization","standard","Provisioned IOPS","AmazonDynamoDB","EU (Ireland)","AWS Region",,"DDB-ReadUnits","DynamoDB Provisioned Read Units","EU-ReadCapacityUnit-Hrs","CommittedThroughput","eu-west-1","Amazon DynamoDB",
"J7FH9ZNSN6J2RR9Q","VG8YD49WWM","J7FH9ZNSN6J2RR9Q.VG8YD49WWM.2TG2D8R56U","Reserved","Upfront Fee","2026-08-04",,,"Quantity","0.4068","USD","3yr","Heavy Utilization","standard","Provisioned IOPS","AmazonDynamoDB","EU (Ireland)","AWS Region",,"DDB-ReadUnits","DynamoDB Provisioned Read Units","EU-ReadCapacityUnit-Hrs","CommittedThroughput","eu-west-1","Amazon DynamoDB",
"J7FH9ZNSN6J2RR9Q","YTVHEVGPBZ","J7FH9ZNSN6J2RR9Q.YTVHEVGPBZ.6YS6EN2CT7","Reserved","Amazon DynamoDB, Reserved Read Capacity used this month","2026-08-04","0","Inf","ReadCapacityUnit-Hrs","0.0000290000","USD","1yr","Heavy Utilization","standard","Provisioned IOPS","AmazonDynamoDB","EU (Ireland)","AWS Region",,"DDB-ReadUnits","DynamoDB Provisioned Read Units","EU-ReadCapacityUnit-Hrs","CommittedThroughput","eu-west-1","Amazon DynamoDB",
"J7FH9ZNSN6J2RR9Q","YTVHEVGPBZ","J7FH9ZNSN6J2RR9Q.YTVHEVGPBZ.2TG2D8R56U","Reserved","Upfront Fee","2026-08-04",,,"Quantity","0.339","USD","1yr","Heavy Utilization","standard","Provisioned IOPS","AmazonDynamoDB","EU (Ireland)","AWS Region",,"DDB-ReadUnits","DynamoDB Provisioned Read Units","EU-ReadCapacityUnit-Hrs","CommittedThroughput","eu-west-1","Amazon DynamoDB",
"JAY6FZ3ANQ239FJP","JRTCKXETXF","JAY6FZ3ANQ239FJP.JRTCKXETXF.6YS6EN2CT7","OnDemand","$0.114 per GB-Month of storage used for on-demand backup in Asia Pacific (Melbourne)","2026-07-01","0","Inf","GB-Month","0.1140000000","USD",,,,"Amazon DynamoDB On-Demand Backup Storage","AmazonDynamoDB","Asia Pacific (Melbourne)","AWS Region","Amazon DynamoDB - On-Demand Backup Storage",,,"APS6-TimedBackupStorage-ByteHrs","","ap-southeast-4","Amazon DynamoDB",
"JCWSAMN9P99YBUX9","JRTCKXETXF","JCWSAMN9P99YBUX9.JRTCKXETXF.6YS6EN2CT7","OnDemand","$0.11877 per million change data capture units for Kinesis Data Streams in EU (Paris)","2026-07-01","0","Inf","ChangeDataCaptureUnits","0.0000001188","USD",,,,,"AmazonDynamoDB","EU (Paris)","AWS Region",,"DDB-Kinesis","Change Data Capture Units for Kinesis Data Streams","EUW3-ChangeDataCaptureUnits-Kinesis","DelegatedOperations","eu-west-3","Amazon DynamoDB",
"JDEX28YV2WHRV439","JRTCKXETXF","JDEX28YV2WHRV439.JRTCKXETXF.6YS6EN2CT7","OnDemand","$0.9279 per million replicated IA write request units in EU (Paris)","2026-07-01","0","Inf","ReplicatedWriteRequestUnits","0.0000009279","USD",,,,"Amazon DynamoDB PayPerRequest Throughput","AmazonDynamoDB","EU (Paris)","AWS Region",,"DDB-ReplicatedWriteUnitsIA","DynamoDB PayPerRequest Replicated Write Request Units IA","EUW3-IA-ReplWriteRequestUnits","PayPerRequestThroughput","eu-west-3","Amazon DynamoDB",
"JDMPTM4FDNFA54CT","JRTCKXETXF","JDMPTM4FDNFA54CT.JRTCKXETXF.HBHVWY47CM","OnDemand","$0.00 per hour for 25 units of write capacity for a month (free tier) in EU (Milan)","2026-07-01","0","18600","WriteCapacityUnit-Hrs","0.0000000000","USD",,,,"Provisioned IOPS","AmazonDynamoDB","EU (Milan)","AWS Region",,"DDB-WriteUnits","DynamoDB Provisioned Write Units","EUS1-WriteCapacityUnit-Hrs","CommittedThroughput","eu-south-1","Amazon DynamoDB",
"JDMPTM4FDNFA54CT","JRTCKXETXF","JDMPTM4FDNFA54CT.JRTCKXETXF.E63J5HTPNN","OnDemand","$0.00077175 per hour for units of write capacity beyond the free tier in EU (Milan)","2026-07-01","18600","Inf","WriteCapacityUnit-Hrs","0.0007717500","USD",,,,"Provisioned IOPS","AmazonDynamoDB","EU (Milan)","AWS Region",,"DDB-WriteUnits","DynamoDB Provisioned Write Units","EUS1-WriteCapacityUnit-Hrs","CommittedThroughput","eu-south-1","Amazon DynamoDB",
"JDMPTM4FDNFA54CT","YTVHEVGPBZ","JDMPTM4FDNFA54CT.YTVHEVGPBZ.6YS6EN2CT7","Reserved","Amazon DynamoDB, Reserved Write Capacity used this month","2026-08-04","0","Inf","WriteCapacityUnit-Hrs","0.0001520000","USD","1yr","Heavy Utilization","standard","Provisioned IOPS","AmazonDynamoDB","EU (Milan)","AWS Region",,"DDB-WriteUnits","DynamoDB Provisioned Write Units","EUS1-WriteCapacityUnit-Hrs","CommittedThroughput","eu-south-1","Amazon DynamoDB",
"JDMPTM4FDNFA54CT","YTVHEVGPBZ","JDMPTM4FDNFA54CT.YTVHEVGPBZ.2TG2D8R56U","Reserved","Upfront Fee","2026-08-04",,,"Quantity","1.77975","USD","1yr","Heavy Utilization","standard","Provisioned IOPS","AmazonDynamoDB","EU (Milan)","AWS Region",,"DDB-WriteUnits","DynamoDB Provisioned Write Units","EUS1-WriteCapacityUnit-Hrs","CommittedThroughput","eu-south-1","Amazon DynamoDB",
"JEJN53QCSSSHT9FS","JRTCKXETXF","JEJN53QCSSSHT9FS.JRTCKXETXF.G2A93NZ7DT","OnDemand","$0.00 per GB-Month of storage for first 25 free GB-Months in Europe (Spain)","2026-07-01","0","25","GB-Mo","0.0000000000","USD",,,,"Database Storage","AmazonDynamoDB","Europe (Spain)","AWS Region","Amazon DynamoDB - Indexed DataStore",,,"EUS2-TimedStorage-ByteHrs","","eu-south-2","Amazon DynamoDB",
"JEJN53QCSSSHT9FS","JRTCKXETXF","JEJN53QCSSSHT9FS.JRTCKXETXF.VYAP54KATQ","OnDemand","$0.283 per GB-Month of storage used beyond first 25 free GB-Months in Europe (Spain)","2026-07-01","25","Inf","GB-Mo","0.2830000000","USD",,,,"Database Storage","AmazonDynamoDB","Europe (Spain)","AWS Region","Amazon DynamoDB - Indexed DataStore",,,"EUS2-TimedStorage-ByteHrs","","eu-south-2","Amazon DynamoDB",
"JEM7A7SFE5KCVFBG","JRTCKXETXF","JEM7A7SFE5KCVFBG.JRTCKXETXF.6YS6EN2CT7","OnDemand","$0.6176 per GB of vector write requests in EU (Paris)","2026-07-01","0","Inf","GB","0.6176000000","USD",,,,"Amazon DynamoDB PayPerRequest Throughput","AmazonDynamoDB","EU (Paris)","AWS Region",,,,"EUW3-VectorWriteRequest","","eu-west-3","Amazon DynamoDB","Standard"
"JHQJGS8K9HCUMYG2","JRTCKXETXF","JHQJGS8K9HCUMYG2.JRTCKXETXF.6YS6EN2CT7","OnDemand","$0.10000 per GB of data exported in US West (Oregon)","2026-07-01","0","Inf","GB","0.1000000000","USD",,,,"Amazon DynamoDB Export Data Size","AmazonDynamoDB","US West (Oregon)","AWS Region","Amazon DynamoDB - Export Size",,,"USW2-ExportDataSize-Bytes","","us-west-2","Amazon DynamoDB",
"JJ89BZFDH5GAV9PH","JRTCKXETXF","JJ89BZFDH5GAV9PH.JRTCKXETXF.6YS6EN2CT7","OnDemand","$0.00287 per GB of IA vector data searched in Asia Pacific (Hyderabad)","2026-07-01","0","Inf","GB","0.0028700000","USD",,,,"Amazon DynamoDB PayPerRequest Throughput","AmazonDynamoDB","Asia Pacific (Hyderabad)","AWS Region",,,,"APS5-IA-VectorSearch","","ap-south-2","Amazon DynamoDB",
"JJZ6QUXZVJ6N8XC8","JRTCKXETXF","JJZ6QUXZVJ6N8XC8.JRTCKXETXF.6YS6EN2CT7","OnDemand","$0.0008100 per hour for units of IA write capacity in US East (Ohio)","2026-07-01","0","Inf","WriteCapacityUnit-Hrs","0.0008100000","USD",,,,"Provisioned IOPS","AmazonDynamoDB","US East (Ohio)","AWS Region",,"DDB-WriteUnitsIA","DynamoDB Provisioned Write Units IA","USE2-IA-WriteCapacityUnit-Hrs","CommittedThroughput","us-east-2","Amazon DynamoDB",
"JMQ42DGFSHP8E2KZ","JRTCKXETXF","JMQ42DGFSHP8E2KZ.JRTCKXETXF.HBHVWY47CM","OnDemand","$0.00 per hour for 25 units of read capacity for a month (free tier) (Hyderabad)","2026-07-01","0","18600","ReadCapacityUnit-Hrs","0.0000000000","USD",,,,"Provisioned IOPS","AmazonDynamoDB","Asia Pacific (Hyderabad)","AWS Region",,"DDB-ReadUnits","DynamoDB Provisioned Read Units","APS5-ReadCapacityUnit-Hrs","CommittedThroughput","ap-south-2","Amazon DynamoDB",
"JMQ42DGFSHP8E2KZ","JRTCKXETXF","JMQ42DGFSHP8E2KZ.JRTCKXETXF.E63J5HTPNN","OnDemand","$0.000148 per hour for units of read capacity beyond the free tier (Hyderabad)","2026-07-01","18600","Inf","ReadCapacityUnit-Hrs","0.0001480000","USD",,,,"Provisioned IOPS","AmazonDynamoDB","Asia Pacific (Hyderabad)","AWS Region",,"DDB-ReadUnits","DynamoDB Provisioned Read Units","APS5-ReadCapacityUnit-Hrs","CommittedThroughput","ap-south-2","Amazon DynamoDB",
"JMQ42DGFSHP8E2KZ","YTVHEVGPBZ","JMQ42DGFSHP8E2KZ.YTVHEVGPBZ.6YS6EN2CT7","Reserved","Amazon DynamoDB, Reserved Read Capacity used this month","2026-08-04","0","Inf","ReadCapacityUnit-Hrs","0.0000300000","USD","1yr","Heavy Utilization","standard","Provisioned IOPS","AmazonDynamoDB","Asia Pacific (Hyderabad)","AWS Region",,"DDB-ReadUnits","DynamoDB Provisioned Read Units","APS5-ReadCapacityUnit-Hrs","CommittedThroughput","ap-south-2","Amazon DynamoDB",
"JMQ42DGFSHP8E2KZ","YTVHEVGPBZ","JMQ42DGFSHP8E2KZ.YTVHEVGPBZ.2TG2D8R56U","Reserved","Upfront Fee","2026-08-04",,,"Quantity","0.342","USD","1yr","Heavy Utilization","standard","Provisioned IOPS","AmazonDynamoDB","Asia Pacific (Hyderabad)","AWS Region",,"DDB-ReadUnits","DynamoDB Provisioned Read Units","APS5-ReadCapacityUnit-Hrs","CommittedThroughput","ap-south-2","Amazon DynamoDB",
"JN95VGR6BP86AXN8","JRTCKXETXF","JN95VGR6BP86AXN8.JRTCKXETXF.HBHVWY47CM","OnDemand","$0.00 per hour for 25 units of write capacity for a month (free tier)","2026-07-01","0","18600","WriteCapacityUnit-Hrs","0.0000000000","USD",,,,"Provisioned IOPS","AmazonDynamoDB","EU (Paris)","AWS Region",,"DDB-WriteUnits","DynamoDB Provisioned Write Units","EUW3-WriteCapacityUnit-Hrs","CommittedThroughput","eu-west-3","Amazon DynamoDB",
"JN95VGR6BP86AXN8","JRTCKXETXF","JN95VGR6BP86AXN8.JRTCKXETXF.E63J5HTPNN","OnDemand","$0.000772 per hour for units of write capacity beyond the free tier","2026-07-01","18600","Inf","WriteCapacityUnit-Hrs","0.0007720000","USD",,,,"Provisioned IOPS","AmazonDynamoDB","EU (Paris)","AWS Region",,"DDB-WriteUnits","DynamoDB Provisioned Write Units","EUW3-WriteCapacityUnit-Hrs","CommittedThroughput","eu-west-3","Amazon DynamoDB",
"JN95VGR6BP86AXN8","YTVHEVGPBZ","JN95VGR6BP86AXN8.YTVHEVGPBZ.6YS6EN2CT7","Reserved","Amazon DynamoDB, Reserved Write Capacity used this month","2026-08-04","0","Inf","WriteCapacityUnit-Hrs","0.0001530000","USD","1yr","Heavy Utilization","standard","Provisioned IOPS","AmazonDynamoDB","EU (Paris)","AWS Region",,"DDB-WriteUnits","DynamoDB Provisioned Write Units","EUW3-WriteCapacityUnit-Hrs","CommittedThroughput","eu-west-3","Amazon DynamoDB",
"JN95VGR6BP86AXN8","YTVHEVGPBZ","JN95VGR6BP86AXN8.YTVHEVGPBZ.2TG2D8R56U","Reserved","Upfront Fee","2026-08-04",,,"Quantity","1.78","USD","1yr","Heavy Utilization","standard","Provisioned IOPS","AmazonDynamoDB","EU (Paris)","AWS Region",,"DDB-WriteUnits","DynamoDB Provisioned Write Units","EUW3-WriteCapacityUnit-Hrs","CommittedThroughput","eu-west-3","Amazon DynamoDB",
"JN9NGWMHS4DXFX52","JRTCKXETXF","JN9NGWMHS4DXFX52.JRTCKXETXF.6YS6EN2CT7","OnDemand","$1.0505 per million replicated IA write request units in Europe (Zurich)","2026-07-01","0","Inf","ReplicatedWriteRequestUnits","0.0000010505","USD",,,,"Amazon DynamoDB PayPerRequest Throughput","AmazonDynamoDB","Europe (Zurich)","AWS Region",,"DDB-ReplicatedWriteUnitsIA","DynamoDB PayPerRequest Replicated Write Request Units IA","EUC2-IA-ReplWriteRequestUnits","PayPerRequestThroughput","eu-central-2","Amazon DynamoDB",
"JNWM6SD6TXM9XEDU","JRTCKXETXF","JNWM6SD6TXM9XEDU.JRTCKXETXF.6YS6EN2CT7","OnDemand","$0.9375 per million replicated IA write request unit in AWS GovCloud (US-West)","2026-07-01","0","Inf","ReplicatedWriteRequestUnits","0.0000009375","USD",,,,"Amazon DynamoDB PayPerRequest Throughput","AmazonDynamoDB","AWS GovCloud (US-West)","AWS Region",,"DDB-ReplicatedWriteUnitsIA","DynamoDB PayPerRequest Replicated Write Request Units IA","UGW1-IA-ReplWriteRequestUnits","PayPerRequestThroughput","us-gov-west-1","Amazon DynamoDB",
"JPC8GBGV2SJ42USM","JRTCKXETXF","JPC8GBGV2SJ42USM.JRTCKXETXF.6YS6EN2CT7","OnDemand","$0.13471 per GB-Month of IA storage in Africa (Cape Town)","2026-07-01","0","Inf","GB-Mo","0.1347100000","USD",,,,"Database Storage","AmazonDynamoDB","Africa (Cape Town)","AWS Region","Amazon DynamoDB - Indexed DataStore - IA",,,"AFS1-IA-TimedStorage-ByteHrs","","af-south-1","Amazon DynamoDB",
"JQN5JWEFQVN4S4BX","JRTCKXETXF","JQN5JWEFQVN4S4BX.JRTCKXETXF.6YS6EN2CT7","OnDemand","$0.11000 per million change data capture units for Kinesis Data Streams in Canada (Central)","2026-07-01","0","Inf","ChangeDataCaptureUnits","0.0000001100","USD",,,,,"AmazonDynamoDB","Canada (Central)","AWS Region",,"DDB-Kinesis","Change Data Capture Units for Kinesis Data Streams","CAN1-ChangeDataCaptureUnits-Kinesis","DelegatedOperations","ca-central-1","Amazon DynamoDB",
"JQRXTA69Y83FHMGR","JRTCKXETXF","JQRXTA69Y83FHMGR.JRTCKXETXF.HBHVWY47CM","OnDemand","$0.0 per hour for 25 units of Replicated Write Capacity for a month (free tier) in EU (Stockholm)","2026-07-01","0","18600","ReplicatedWriteCapacityUnit-Hrs","0.0000000000","USD",,,,"DDB-Operation-ReplicatedWrite","AmazonDynamoDB","EU (Stockholm)","AWS Region",,"DDB-ReplicatedWriteUnits","DynamoDB Provisioned Replicated Write Units","EUN1-ReplWriteCapacityUnit-Hrs","CommittedThroughput","eu-north-1","Amazon DynamoDB",
"JQRXTA69Y83FHMGR","JRTCKXETXF","JQRXTA69Y83FHMGR.JRTCKXETXF.E63J5HTPNN","OnDemand","$0.000698 per hour for units of Replicated Write Capacity in EU (Stockholm)","2026-07-01","18600","Inf","ReplicatedWriteCapacityUnit-Hrs","0.0006980000","USD",,,,"DDB-Operation-ReplicatedWrite","AmazonDynamoDB","EU (Stockholm)","AWS Region",,"DDB-ReplicatedWriteUnits","DynamoDB Provisioned Replicated Write Units","EUN1-ReplWriteCapacityUnit-Hrs","CommittedThroughput","eu-north-1","Amazon DynamoDB",
"JQX4W48PZ3GT7JTZ","JRTCKXETXF","JQX4W48PZ3GT7JTZ.JRTCKXETXF.6YS6EN2CT7","OnDemand","$0.000195 per hour for units of IA read capacity in AWS GovCloud (US-East)","2026-07-01","0","Inf","ReadCapacityUnit-Hrs","0.0001950000","USD",,,,"Provisioned IOPS","AmazonDynamoDB","AWS GovCloud (US-East)","AWS Region",,"DDB-ReadUnitsIA","DynamoDB Provisioned Read Units IA","UGE1-IA-ReadCapacityUnit-Hrs","CommittedThroughput","us-gov-east-1","Amazon DynamoDB",
"JR63G44246ZZZC3E","JRTCKXETXF","JR63G44246ZZZC3E.JRTCKXETXF.6YS6EN2CT7","OnDemand","$0.0008725 per hour for units of IA write capacity in EU (Stockholm)","2026-07-01","0","Inf","WriteCapacityUnit-Hrs","0.0008725000","USD",,,,"Provisioned IOPS","AmazonDynamoDB","EU (Stockholm)","AWS Region",,"DDB-WriteUnitsIA","DynamoDB Provisioned Write Units IA","EUN1-IA-WriteCapacityUnit-Hrs","CommittedThroughput","eu-north-1","Amazon DynamoDB",
"JRHA6P5VDGGH79BY","JRTCKXETXF","JRHA6P5VDGGH79BY.JRTCKXETXF.HBHVWY47CM","OnDemand","$0.00 per hour for 25 units of replicated write capacity for a month (free tier) in Middle East (UAE)","2026-07-01","0","18600","ReplicatedWriteCapacityUnit-Hrs","0.0000000000","USD",,,,"DDB-Operation-ReplicatedWrite","AmazonDynamoDB","Middle East (UAE)","AWS Region",,"DDB-ReplicatedWriteUnits","DynamoDB Provisioned Replicated Write Units","MEC1-ReplWriteCapacityUnit-Hrs","CommittedThroughput","me-central-1","Amazon DynamoDB",
"JRHA6P5VDGGH79BY","JRTCKXETXF","JRHA6P5VDGGH79BY.JRTCKXETXF.E63J5HTPNN","OnDemand","$0.0008085 per hour for units of replicated write capacity beyond the free tier in Middle East (UAE)","2026-07-01","18600","Inf","ReplicatedWriteCapacityUnit-Hrs","0.0008085000","USD",,,,"DDB-Operation-ReplicatedWrite","AmazonDynamoDB","Middle East (UAE)","AWS Region",,"DDB-ReplicatedWriteUnits","DynamoDB Provisioned Replicated Write Units","MEC1-ReplWriteCapacityUnit-Hrs","CommittedThroughput","me-central-1","Amazon DynamoDB",
"JRNZVYPECCDRRNS7","JRTCKXETXF","JRNZVYPECCDRRNS7.JRTCKXETXF.HBHVWY47CM","OnDemand","USD0.0 per WriteCapacityUnit-Hrs for WriteCapacityUnit-Hrs:CommittedThroughput in Middle East (Bahrain)","2026-07-01","0","18600","WriteCapacityUnit-Hrs","0.0000000000","USD",,,,"Provisioned IOPS","AmazonDynamoDB","Middle East (Bahrain)","AWS Region",,"DDB-WriteUnits","DynamoDB Provisioned Write Units","MES1-WriteCapacityUnit-Hrs","CommittedThroughput","me-south-1","Amazon DynamoDB",
"JRNZVYPECCDRRNS7","JRTCKXETXF","JRNZVYPECCDRRNS7.JRTCKXETXF.E63J5HTPNN","OnDemand","USD0.0008085 per WriteCapacityUnit-Hrs for WriteCapacityUnit-Hrs:CommittedThroughput in Middle East (Bahrain)","2026-07-01","18600","Inf","WriteCapacityUnit-Hrs","0.0008085000","USD",,,,"Provisioned IOPS","AmazonDynamoDB","Middle East (Bahrain)","AWS Region",,"DDB-WriteUnits","DynamoDB Provisioned Write Units","MES1-WriteCapacityUnit-Hrs","CommittedThroughput","me-south-1","Amazon DynamoDB",
"JRNZVYPECCDRRNS7","YTVHEVGPBZ","JRNZVYPECCDRRNS7.YTVHEVGPBZ.6YS6EN2CT7","Reserved","Amazon DynamoDB, Reserved Write Capacity used this month","2026-08-04","0","Inf","WriteCapacityUnit-Hrs","0.0001600000","USD","1yr","Heavy Utilization","standard","Provisioned IOPS","AmazonDynamoDB","Middle East (Bahrain)","AWS Region",,"DDB-WriteUnits","DynamoDB Provisioned Write Units","MES1-WriteCapacityUnit-Hrs","CommittedThroughput","me-south-1","Amazon DynamoDB",
"JRNZVYPECCDRRNS7","YTVHEVGPBZ","JRNZVYPECCDRRNS7.YTVHEVGPBZ.2TG2D8R56U","Reserved","Upfront Fee","2026-08-04",,,"Quantity","1.8645","USD","1yr","Heavy Utilization","standard","Provisioned IOPS","AmazonDynamoDB","Middle East (Bahrain)","AWS Region",,"DDB-WriteUnits","DynamoDB Provisioned Write Units","MES1-WriteCapacityUnit-Hrs","CommittedThroughput","me-south-1","Amazon DynamoDB",
"JRW74WDMGPBQ3N7U","JRTCKXETXF","JRW74WDMGPBQ3N7U.JRTCKXETXF.6YS6EN2CT7","OnDemand","$0.1224 per GB of incremental data exported in Europe (Frankfurt)","2026-07-01","0","Inf","GB","0.1224000000","USD",,,,"Amazon DynamoDB Export Data Size","AmazonDynamoDB","EU (Frankfurt)","AWS Region","Amazon DynamoDB - Incremental Export",,,"EUC1-IncrementalExportDataSize-Bytes","","eu-central-1","Amazon DynamoDB",
"JUP8KD55XMAAXZQF","JRTCKXETXF","JUP8KD55XMAAXZQF.JRTCKXETXF.HBHVWY47CM","OnDemand","$0.00 per hour for 25 units of DynamoDB Provisioned Replicated Write Units in Asia Pacific (New Zealand)","2026-07-01","0","18600","ReplicatedWriteCapacityUnit-Hrs","0.0000000000","USD",,,,"DDB-Operation-ReplicatedWrite","AmazonDynamoDB","Asia Pacific (New Zealand)","AWS Region",,"DDB-ReplicatedWriteUnits","DynamoDB Provisioned Replicated Write Units","APS8-ReplWriteCapacityUnit-Hrs","CommittedThroughput","ap-southeast-6","Amazon DynamoDB",
"JUP8KD55XMAAXZQF","JRTCKXETXF","JUP8KD55XMAAXZQF.JRTCKXETXF.E63J5HTPNN","OnDemand","$0.000777 per hour beyond the free tier for DynamoDB Provisioned Replicated Write Units in Asia Pacific (New Zealand)","2026-07-01","18600","Inf","ReplicatedWriteCapacityUnit-Hrs","0.0007770000","USD",,,,"DDB-Operation-ReplicatedWrite","AmazonDynamoDB","Asia Pacific (New Zealand)","AWS Region",,"DDB-ReplicatedWriteUnits","DynamoDB Provisioned Replicated Write Units","APS8-ReplWriteCapacityUnit-Hrs","CommittedThroughput","ap-southeast-6","Amazon DynamoDB",
"JUWV8J84DFCG8B5W","JRTCKXETXF","JUWV8J84DFCG8B5W.JRTCKXETXF.6YS6EN2CT7","OnDemand","$0.00016695 per hour for DynamoDB Provisioned IA Read Capacity Units in Asia Pacific (Thailand)","2026-07-01","0","Inf","ReadCapacityUnit-Hrs","0.0001669500","USD",,,,"Provisioned IOPS","AmazonDynamoDB","Asia Pacific (Thailand)","AWS Region",,"DDB-ReadUnitsIA","DynamoDB Provisioned Read Units IA","APS9-IA-ReadCapacityUnit-Hrs","CommittedThroughput","ap-southeast-7","Amazon DynamoDB",
"JVNGPJAT7MBR82PJ","JRTCKXETXF","JVNGPJAT7MBR82PJ.JRTCKXETXF.6YS6EN2CT7","OnDemand","$0.2394 per GB-Mo of storage used for Amazon DynamoDB - PITR Backup Storage in Asia Pacific (New Zealand)","2026-07-01","0","Inf","GB-Mo","0.2394000000","USD",,,,"Database Storage","AmazonDynamoDB","Asia Pacific (New Zealand)","AWS Region","Amazon DynamoDB - Point-In-Time-Restore (PITR) Backup Storage",,,"APS8-TimedPITRStorage-ByteHrs","","ap-southeast-6","Amazon DynamoDB",
"JZ6Q8EEZ87R3DS3A","JRTCKXETXF","JZ6Q8EEZ87R3DS3A.JRTCKXETXF.HBHVWY47CM","OnDemand","$0.00 per hour for 25 units of write capacity for a month (free tier) in Europe (Zurich)","2026-07-01","0","18600","WriteCapacityUnit-Hrs","0.0000000000","USD",,,,"Provisioned IOPS","AmazonDynamoDB","Europe (Zurich)","AWS Region",,"DDB-WriteUnits","DynamoDB Provisioned Write Units","EUC2-WriteCapacityUnit-Hrs","CommittedThroughput","eu-central-2","Amazon DynamoDB",
"JZ6Q8EEZ87R3DS3A","JRTCKXETXF","JZ6Q8EEZ87R3DS3A.JRTCKXETXF.E63J5HTPNN","OnDemand","$0.0008723 per hour for units of write capacity beyond the free tierin Europe (Zurich)","2026-07-01","18600","Inf","WriteCapacityUnit-Hrs","0.0008720000","USD",,,,"Provisioned IOPS","AmazonDynamoDB","Europe (Zurich)","AWS Region",,"DDB-WriteUnits","DynamoDB Provisioned Write Units","EUC2-WriteCapacityUnit-Hrs","CommittedThroughput","eu-central-2","Amazon DynamoDB",
"JZ6Q8EEZ87R3DS3A","YTVHEVGPBZ","JZ6Q8EEZ87R3DS3A.YTVHEVGPBZ.6YS6EN2CT7","Reserved","Amazon DynamoDB, Reserved Write Capacity used this month","2026-08-04","0","Inf","WriteCapacityUnit-Hrs","0.0001700000","USD","1yr","Heavy Utilization","standard","Provisioned IOPS","AmazonDynamoDB","Europe (Zurich)","AWS Region",,"DDB-WriteUnits","DynamoDB Provisioned Write Units","EUC2-WriteCapacityUnit-Hrs","CommittedThroughput","eu-central-2","Amazon DynamoDB",
"JZ6Q8EEZ87R3DS3A","YTVHEVGPBZ","JZ6Q8EEZ87R3DS3A.YTVHEVGPBZ.2TG2D8R56U","Reserved","Upfront Fee","2026-08-04",,,"Quantity","2.013","USD","1yr","Heavy Utilization","standard","Provisioned IOPS","AmazonDynamoDB","Europe (Zurich)","AWS Region",,"DDB-WriteUnits","DynamoDB Provisioned Write Units","EUC2-WriteCapacityUnit-Hrs","CommittedThroughput","eu-central-2","Amazon DynamoDB",
"K2JY5YHES47KB5FF","JRTCKXETXF","K2JY5YHES47KB5FF.JRTCKXETXF.G2A93NZ7DT","OnDemand","$0.00 per GB-Month of storage for first 25 free GB-Months","2026-07-01","0","25","GB-Mo","0.0000000000","USD",,,,"Database Storage","AmazonDynamoDB","EU (Paris)","AWS Region","Amazon DynamoDB - Indexed DataStore",,,"EUW3-TimedStorage-ByteHrs","","eu-west-3","Amazon DynamoDB",
"K2JY5YHES47KB5FF","JRTCKXETXF","K2JY5YHES47KB5FF.JRTCKXETXF.VYAP54KATQ","OnDemand","$0.29715 per GB-Month of storage used beyond first 25 free GB-Months","2026-07-01","25","Inf","GB-Mo","0.2971500000","USD",,,,"Database Storage","AmazonDynamoDB","EU (Paris)","AWS Region","Amazon DynamoDB - Indexed DataStore",,,"EUW3-TimedStorage-ByteHrs","","eu-west-3","Amazon DynamoDB",
"K3P5UMD8DBSJ3JSG","JRTCKXETXF","K3P5UMD8DBSJ3JSG.JRTCKXETXF.6YS6EN2CT7","OnDemand","$0.163 per million DynamoDB IA Read Request Units in Mexico (Central)","2026-07-01","0","Inf","ReadRequestUnits","0.0000001630","USD",,,,"Amazon DynamoDB PayPerRequest Throughput","AmazonDynamoDB","Mexico (Central)","AWS Region",,"DDB-ReadUnitsIA","DynamoDB PayPerRequest Read Request Units IA","MXC1-IA-ReadRequestUnits","PayPerRequestThroughput","mx-central-1","Amazon DynamoDB",
"K3W5JJGPG7KNUHY9","JRTCKXETXF","K3W5JJGPG7KNUHY9.JRTCKXETXF.M9QGYPQ72M","OnDemand","$0.00 for 2.5 million DynamoDB Streams read request units for a month (free tier) in Middle East (UAE)","2026-07-01","0","2500000","Requests","0.0000000000","USD",,,,"API Request","AmazonDynamoDB","Middle East (UAE)","AWS Region",,"DDB-StreamsReadRequests","DynamoDB Streams read request (GetRecords API)","MEC1-Streams-Requests","GetRecords","me-central-1","Amazon DynamoDB",
"K3W5JJGPG7KNUHY9","JRTCKXETXF","K3W5JJGPG7KNUHY9.JRTCKXETXF.AUKFMGQW43","OnDemand","$0.0000002486 per DynamoDB Streams read request unit beyond free tier in Middle East (UAE)","2026-07-01","2500000","Inf","Requests","0.0000002486","USD",,,,"API Request","AmazonDynamoDB","Middle East (UAE)","AWS Region",,"DDB-StreamsReadRequests","DynamoDB Streams read request (GetRecords API)","MEC1-Streams-Requests","GetRecords","me-central-1","Amazon DynamoDB",
"K6UMRY3TVDVCBP56","JRTCKXETXF","K6UMRY3TVDVCBP56.JRTCKXETXF.6YS6EN2CT7","OnDemand","$0.125 per million read request units (Oregon)","2026-07-01","0","Inf","ReadRequestUnits","0.0000001250","USD",,,,"Amazon DynamoDB PayPerRequest Throughput","AmazonDynamoDB","US West (Oregon)","AWS Region",,"DDB-ReadUnits","DynamoDB PayPerRequest Read Request Units","USW2-ReadRequestUnits","PayPerRequestThroughput","us-west-2","Amazon DynamoDB",
"K73RH5KKJ48DURRU","JRTCKXETXF","K73RH5KKJ48DURRU.JRTCKXETXF.6YS6EN2CT7","OnDemand","$0.11886 per GB-Month of storage used for on-demand backup","2026-07-01","0","Inf","GB-Month","0.1188600000","USD",,,,"Amazon DynamoDB On-Demand Backup Storage","AmazonDynamoDB","EU (Paris)","AWS Region","Amazon DynamoDB - On-Demand Backup Storage",,,"EUW3-TimedBackupStorage-ByteHrs","","eu-west-3","Amazon DynamoDB",
"K7KMNAZEJ6VENSYG","JRTCKXETXF","K7KMNAZEJ6VENSYG.JRTCKXETXF.6YS6EN2CT7","OnDemand","$0.87 per million IA write request units in US West (N. California)","2026-07-01","0","Inf","WriteRequestUnits","0.0000008700","USD",,,,"Amazon DynamoDB PayPerRequest Throughput","AmazonDynamoDB","US West (N. California)","AWS Region",,"DDB-WriteUnitsIA","DynamoDB PayPerRequest Write Request Units IA","USW1-IA-WriteRequestUnits","PayPerRequestThroughput","us-west-1","Amazon DynamoDB",
"K8K2WJTY5H427VNC","JRTCKXETXF","K8K2WJTY5H427VNC.JRTCKXETXF.M9QGYPQ72M","OnDemand","$0.00 for 2.5 million DynamoDB Streams read request units for a month (free tier) (US East 2(Ohio))","2026-07-01","0","2500000","Requests","0.0000000000","USD",,,,"API Request","AmazonDynamoDB","US East (Ohio)","AWS Region",,"DDB-StreamsReadRequests","DynamoDB Streams read request (GetRecords API)","USE2-Streams-Requests","GetRecords","us-east-2","Amazon DynamoDB",
"K8K2WJTY5H427VNC","JRTCKXETXF","K8K2WJTY5H427VNC.JRTCKXETXF.AUKFMGQW43","OnDemand","$0.0000002 per DynamoDB Streams read request unit beyond free tier (US East 2(Ohio))","2026-07-01","2500000","Inf","Requests","0.0000002000","USD",,,,"API Request","AmazonDynamoDB","US East (Ohio)","AWS Region",,"DDB-StreamsReadRequests","DynamoDB Streams read request (GetRecords API)","USE2-Streams-Requests","GetRecords","us-east-2","Amazon DynamoDB",
"K95MGNUHWY6GKTWN","JRTCKXETXF","K95MGNUHWY6GKTWN.JRTCKXETXF.6YS6EN2CT7","OnDemand","$0.78125 per GB of IA vector write requests in AWS GovCloud (US-East)","2026-07-01","0","Inf","GB","0.7812500000","USD",,,,"Amazon DynamoDB PayPerRequest Throughput","AmazonDynamoDB","AWS GovCloud (US-East)","AWS Region",,,,"UGE1-IA-VectorWriteRequest","","us-gov-east-1","Amazon DynamoDB",
"KARRSUXPA35WY24R","JRTCKXETXF","KARRSUXPA35WY24R.JRTCKXETXF.HBHVWY47CM","OnDemand","$0.00 per hour for 25 units of write capacity for a month (free tier) in Asia Pacific (Malaysia)","2026-07-01","0","18600","WriteCapacityUnit-Hrs","0.0000000000","USD",,,,"Provisioned IOPS","AmazonDynamoDB","Asia Pacific (Malaysia)","AWS Region",,"DDB-WriteUnits","DynamoDB Provisioned Write Units","APS7-WriteCapacityUnit-Hrs","CommittedThroughput","ap-southeast-5","Amazon DynamoDB",
"KARRSUXPA35WY24R","JRTCKXETXF","KARRSUXPA35WY24R.JRTCKXETXF.E63J5HTPNN","OnDemand","$0.000666 per hour for units of write capacity beyond the free tier  in Asia Pacific (Malaysia)","2026-07-01","18600","Inf","WriteCapacityUnit-Hrs","0.0006660000","USD",,,,"Provisioned IOPS","AmazonDynamoDB","Asia Pacific (Malaysia)","AWS Region",,"DDB-WriteUnits","DynamoDB Provisioned Write Units","APS7-WriteCapacityUnit-Hrs","CommittedThroughput","ap-southeast-5","Amazon DynamoDB",
"KARRSUXPA35WY24R","YTVHEVGPBZ","KARRSUXPA35WY24R.YTVHEVGPBZ.6YS6EN2CT7","Reserved","Amazon DynamoDB, Reserved Write Capacity used this month","2026-08-04","0","Inf","WriteCapacityUnit-Hrs","0.0001310000","USD","1yr","Heavy Utilization","standard","Provisioned IOPS","AmazonDynamoDB","Asia Pacific (Malaysia)","AWS Region",,"DDB-WriteUnits","DynamoDB Provisioned Write Units","APS7-WriteCapacityUnit-Hrs","CommittedThroughput","ap-southeast-5","Amazon DynamoDB",
"KARRSUXPA35WY24R","YTVHEVGPBZ","KARRSUXPA35WY24R.YTVHEVGPBZ.2TG2D8R56U","Reserved","Upfront Fee","2026-08-04",,,"Quantity","1.539","USD","1yr","Heavy Utilization","standard","Provisioned IOPS","AmazonDynamoDB","Asia Pacific (Malaysia)","AWS Region",,"DDB-WriteUnits","DynamoDB Provisioned Write Units","APS7-WriteCapacityUnit-Hrs","CommittedThroughput","ap-southeast-5","Amazon DynamoDB",
"KDKE75XDTG7NZSQY","JRTCKXETXF","KDKE75XDTG7NZSQY.JRTCKXETXF.6YS6EN2CT7","OnDemand","$0.74167 per GB of IA vector write requests in Asia Pacific (Jakarta)","2026-07-01","0","Inf","GB","0.7416700000","USD",,,,"Amazon DynamoDB PayPerRequest Throughput","AmazonDynamoDB","Asia Pacific (Jakarta)","AWS Region",,,,"APS4-IA-VectorWriteRequest","","ap-southeast-3","Amazon DynamoDB",
"KEHR3RMQ3GKPYER3","JRTCKXETXF","KEHR3RMQ3GKPYER3.JRTCKXETXF.6YS6EN2CT7","OnDemand","$0.12540 per GB of data exported in Asia Pacific (Hong Kong)","2026-07-01","0","Inf","GB","0.1254000000","USD",,,,"Amazon DynamoDB Export Data Size","AmazonDynamoDB","Asia Pacific (Hong Kong)","AWS Region","Amazon DynamoDB - Export Size",,,"APE1-ExportDataSize-Bytes","","ap-east-1","Amazon DynamoDB",
"KFS766Z6WUPJJ8ES","JRTCKXETXF","KFS766Z6WUPJJ8ES.JRTCKXETXF.6YS6EN2CT7","OnDemand","$0.20196 per GB of data restored","2026-07-01","0","Inf","GB","0.2019600000","USD",,,,"Amazon DynamoDB Restore Data Size","AmazonDynamoDB","Europe (Zurich)","AWS Region","Amazon DynamoDB - Backup Restore Size",,,"EUC2-RestoreDataSize-Bytes","","eu-central-2","Amazon DynamoDB",
"KHP6CW3RY2FP49W3","JRTCKXETXF","KHP6CW3RY2FP49W3.JRTCKXETXF.6YS6EN2CT7","OnDemand","$0.228 per GB-Month of storage used for DynamoDB PITR backup","2026-07-01","0","Inf","GB-Mo","0.2280000000","USD",,,,"Database Storage","AmazonDynamoDB","Asia Pacific (Sydney)","AWS Region","Amazon DynamoDB - Point-In-Time-Restore (PITR) Backup Storage",,,"APS2-TimedPITRStorage-ByteHrs","","ap-southeast-2","Amazon DynamoDB",
"KHWH6UY4SXBJ3JXE","JRTCKXETXF","KHWH6UY4SXBJ3JXE.JRTCKXETXF.6YS6EN2CT7","OnDemand","$0.000179 per ReadCapacityUnit-Hrs for IA in Canada West (Calgary)","2026-07-01","0","Inf","ReadCapacityUnit-Hrs","0.0001790000","USD",,,,"Provisioned IOPS","AmazonDynamoDB","Canada West (Calgary)","AWS Region",,"DDB-ReadUnitsIA","DynamoDB Provisioned Read Units IA","CAN2-IA-ReadCapacityUnit-Hrs","CommittedThroughput","ca-west-1","Amazon DynamoDB",
"KKKMA5D9RSAZMHS3","JRTCKXETXF","KKKMA5D9RSAZMHS3.JRTCKXETXF.6YS6EN2CT7","OnDemand","$0.1197 per GB-Month of storage for Amazon DynamoDB On-Demand Backups in Asia Pacific (New Zealand)","2026-07-01","0","Inf","GB-Month","0.1197000000","USD",,,,"Amazon DynamoDB On-Demand Backup Storage","AmazonDynamoDB","Asia Pacific (New Zealand)","AWS Region","Amazon DynamoDB - On-Demand Backup Storage",,,"APS8-TimedBackupStorage-ByteHrs","","ap-southeast-6","Amazon DynamoDB",
"KNW5E3SQP865MGDD","JRTCKXETXF","KNW5E3SQP865MGDD.JRTCKXETXF.6YS6EN2CT7","OnDemand","$0.0008725 per hour for units of IA replicated write capacity in EU (Stockholm)","2026-07-01","0","Inf","ReplicatedWriteCapacityUnit-Hrs","0.0008725000","USD",,,,"DDB-Operation-ReplicatedWrite","AmazonDynamoDB","EU (Stockholm)","AWS Region",,"DDB-ReplicatedWriteUnitsIA","DynamoDB Provisioned Replicated Write Units IA","EUN1-IA-ReplWriteCapacityUnit-Hrs","CommittedThroughput","eu-north-1","Amazon DynamoDB",
"KQRK3QBBWKK4DJM9","JRTCKXETXF","KQRK3QBBWKK4DJM9.JRTCKXETXF.HBHVWY47CM","OnDemand","$0.00 per hour for 25 units of replicated write capacity for a month (free tier) in EU (Paris)","2026-07-01","0","18600","ReplicatedWriteCapacityUnit-Hrs","0.0000000000","USD",,,,"DDB-Operation-ReplicatedWrite","AmazonDynamoDB","EU (Paris)","AWS Region",,"DDB-ReplicatedWriteUnits","DynamoDB Provisioned Replicated Write Units","EUW3-ReplWriteCapacityUnit-Hrs","CommittedThroughput","eu-west-3","Amazon DynamoDB",
"KQRK3QBBWKK4DJM9","JRTCKXETXF","KQRK3QBBWKK4DJM9.JRTCKXETXF.E63J5HTPNN","OnDemand","$0.000772 per ReplicatedWriteCapacityUnit-Hr in EU (Paris)","2026-07-01","18600","Inf","ReplicatedWriteCapacityUnit-Hrs","0.0007720000","USD",,,,"DDB-Operation-ReplicatedWrite","AmazonDynamoDB","EU (Paris)","AWS Region",,"DDB-ReplicatedWriteUnits","DynamoDB Provisioned Replicated Write Units","EUW3-ReplWriteCapacityUnit-Hrs","CommittedThroughput","eu-west-3","Amazon DynamoDB",
"KRCBWB5SWCK6EEE5","JRTCKXETXF","KRCBWB5SWCK6EEE5.JRTCKXETXF.HBHVWY47CM","OnDemand","$0.00 per hour for 25 units of replicated write capacity for a month (free tier)","2026-07-01","0","18600","ReplicatedWriteCapacityUnit-Hrs","0.0000000000","USD",,,,"DDB-Operation-ReplicatedWrite","AmazonDynamoDB","EU (Ireland)","AWS Region",,"DDB-ReplicatedWriteUnits","DynamoDB Provisioned Replicated Write Units","EU-ReplWriteCapacityUnit-Hrs","CommittedThroughput","eu-west-1","Amazon DynamoDB",
"KRCBWB5SWCK6EEE5","JRTCKXETXF","KRCBWB5SWCK6EEE5.JRTCKXETXF.E63J5HTPNN","OnDemand","$0.000735 per hour for units of replicated write capacity beyond the free tier","2026-07-01","18600","Inf","ReplicatedWriteCapacityUnit-Hrs","0.0007350000","USD",,,,"DDB-Operation-ReplicatedWrite","AmazonDynamoDB","EU (Ireland)","AWS Region",,"DDB-ReplicatedWriteUnits","DynamoDB Provisioned Replicated Write Units","EU-ReplWriteCapacityUnit-Hrs","CommittedThroughput","eu-west-1","Amazon DynamoDB",
"KRGN8Y7BYCZYYNUB","JRTCKXETXF","KRGN8Y7BYCZYYNUB.JRTCKXETXF.6YS6EN2CT7","OnDemand","$0.9375 per million IA write request units in AWS GovCloud (US-East)","2026-07-01","0","Inf","WriteRequestUnits","0.0000009375","USD",,,,"Amazon DynamoDB PayPerRequest Throughput","AmazonDynamoDB","AWS GovCloud (US-East)","AWS Region",,"DDB-WriteUnitsIA","DynamoDB PayPerRequest Write Request Units IA","UGE1-IA-WriteRequestUnits","PayPerRequestThroughput","us-gov-east-1","Amazon DynamoDB",
"KS5CMRVGNMCSBKQV","JRTCKXETXF","KS5CMRVGNMCSBKQV.JRTCKXETXF.6YS6EN2CT7","OnDemand","$0.1210 per GB of incremental data exported in Middle East (Bahrain)","2026-07-01","0","Inf","GB","0.1210000000","USD",,,,"Amazon DynamoDB Export Data Size","AmazonDynamoDB","Middle East (Bahrain)","AWS Region","Amazon DynamoDB - Incremental Export",,,"MES1-IncrementalExportDataSize-Bytes","","me-south-1","Amazon DynamoDB",
"KSP9MU9J9HP8B9U5","JRTCKXETXF","KSP9MU9J9HP8B9U5.JRTCKXETXF.6YS6EN2CT7","OnDemand","$0.11550 per GB of data exported in EU (Milan)","2026-07-01","0","Inf","GB","0.1155000000","USD",,,,"Amazon DynamoDB Export Data Size","AmazonDynamoDB","EU (Milan)","AWS Region","Amazon DynamoDB - Export Size",,,"EUS1-ExportDataSize-Bytes","","eu-south-1","Amazon DynamoDB",
"KSTFNTF65UJUDBAD","JRTCKXETXF","KSTFNTF65UJUDBAD.JRTCKXETXF.HBHVWY47CM","OnDemand","$0.00 per hour for 25 units of read capacity for a month (free tier) in Europe (Zurich)","2026-07-01","0","18600","ReadCapacityUnit-Hrs","0.0000000000","USD",,,,"Provisioned IOPS","AmazonDynamoDB","Europe (Zurich)","AWS Region",,"DDB-ReadUnits","DynamoDB Provisioned Read Units","EUC2-ReadCapacityUnit-Hrs","CommittedThroughput","eu-central-2","Amazon DynamoDB",
"KSTFNTF65UJUDBAD","JRTCKXETXF","KSTFNTF65UJUDBAD.JRTCKXETXF.E63J5HTPNN","OnDemand","$0.0001749 per hour for units of read capacity beyond the free tier in Europe (Zurich)","2026-07-01","18600","Inf","ReadCapacityUnit-Hrs","0.0001750000","USD",,,,"Provisioned IOPS","AmazonDynamoDB","Europe (Zurich)","AWS Region",,"DDB-ReadUnits","DynamoDB Provisioned Read Units","EUC2-ReadCapacityUnit-Hrs","CommittedThroughput","eu-central-2","Amazon DynamoDB",
"KSTFNTF65UJUDBAD","YTVHEVGPBZ","KSTFNTF65UJUDBAD.YTVHEVGPBZ.6YS6EN2CT7","Reserved","Amazon DynamoDB, Reserved Read Capacity used this month","2026-08-04","0","Inf","ReadCapacityUnit-Hrs","0.0000400000","USD","1yr","Heavy Utilization","standard","Provisioned IOPS","AmazonDynamoDB","Europe (Zurich)","AWS Region",,"DDB-ReadUnits","DynamoDB Provisioned Read Units","EUC2-ReadCapacityUnit-Hrs","CommittedThroughput","eu-central-2","Amazon DynamoDB",
"KSTFNTF65UJUDBAD","YTVHEVGPBZ","KSTFNTF65UJUDBAD.YTVHEVGPBZ.2TG2D8R56U","Reserved","Upfront Fee","2026-08-04",,,"Quantity","0.4026","USD","1yr","Heavy Utilization","standard","Provisioned IOPS","AmazonDynamoDB","Europe (Zurich)","AWS Region",,"DDB-ReadUnits","DynamoDB Provisioned Read Units","EUC2-ReadCapacityUnit-Hrs","CommittedThroughput","eu-central-2","Amazon DynamoDB",
"KU4VC4HCHE4HWDPU","JRTCKXETXF","KU4VC4HCHE4HWDPU.JRTCKXETXF.G2A93NZ7DT","OnDemand","$0.00 per GB-Month of storage for first 25 free GB-Months in Asia Pacific (Jakarta)","2026-07-01","0","25","GB-Mo","0.0000000000","USD",,,,"Database Storage","AmazonDynamoDB","Asia Pacific (Jakarta)","AWS Region","Amazon DynamoDB - Indexed DataStore",,,"APS4-TimedStorage-ByteHrs","","ap-southeast-3","Amazon DynamoDB",
"KU4VC4HCHE4HWDPU","JRTCKXETXF","KU4VC4HCHE4HWDPU.JRTCKXETXF.VYAP54KATQ","OnDemand","$0.285 per GB-Month of storage used beyond first 25 free GB-Months in Asia Pacific (Jakarta)","2026-07-01","25","Inf","GB-Mo","0.2850000000","USD",,,,"Database Storage","AmazonDynamoDB","Asia Pacific (Jakarta)","AWS Region","Amazon DynamoDB - Indexed DataStore",,,"APS4-TimedStorage-ByteHrs","","ap-southeast-3","Amazon DynamoDB",
"KURM98U3CCEGEXC6","JRTCKXETXF","KURM98U3CCEGEXC6.JRTCKXETXF.6YS6EN2CT7","OnDemand","$0.71 per million replicated write request units in Asia Pacific (Melbourne)","2026-07-01","0","Inf","ReplicatedWriteRequestUnits","0.0000007100","USD",,,,"Amazon DynamoDB PayPerRequest Throughput","AmazonDynamoDB","Asia Pacific (Melbourne)","AWS Region",,"DDB-ReplicatedWriteUnits","DynamoDB PayPerRequest Replicated Write Request Units","APS6-ReplWriteRequestUnits","PayPerRequestThroughput","ap-southeast-4","Amazon DynamoDB",
"KUXZ35XZTKE66F5G","JRTCKXETXF","KUXZ35XZTKE66F5G.JRTCKXETXF.6YS6EN2CT7","OnDemand","$0.11400 per GB-Month of IA storage in Asia Pacific (Sydney)","2026-07-01","0","Inf","GB-Mo","0.1140000000","USD",,,,"Database Storage","AmazonDynamoDB","Asia Pacific (Sydney)","AWS Region","Amazon DynamoDB - Indexed DataStore - IA",,,"APS2-IA-TimedStorage-ByteHrs","","ap-southeast-2","Amazon DynamoDB",
"KWN8VMVXQFZXRHAT","JRTCKXETXF","KWN8VMVXQFZXRHAT.JRTCKXETXF.6YS6EN2CT7","OnDemand","$0.11200 per GB-Month of IA storage in US West (N. California)","2026-07-01","0","Inf","GB-Mo","0.1120000000","USD",,,,"Database Storage","AmazonDynamoDB","US West (N. California)","AWS Region","Amazon DynamoDB - Indexed DataStore - IA",,,"USW1-IA-TimedStorage-ByteHrs","","us-west-1","Amazon DynamoDB",
"KYVAGN5RCGD8NJRM","JRTCKXETXF","KYVAGN5RCGD8NJRM.JRTCKXETXF.6YS6EN2CT7","OnDemand","$0.002 per GB of vector data searched in US East (N. Virginia)","2026-07-01","0","Inf","GB","0.0020000000","USD",,,,"Amazon DynamoDB PayPerRequest Throughput","AmazonDynamoDB","US East (N. Virginia)","AWS Region",,,,"USE1-VectorSearch","","us-east-1","Amazon DynamoDB","Standard"
"KZBDC3Q94RCVZ38F","JRTCKXETXF","KZBDC3Q94RCVZ38F.JRTCKXETXF.HBHVWY47CM","OnDemand","$0.0 per WriteCapacityUnit-Hrs  in Canada West (Calgary)","2026-07-01","0","18600","WriteCapacityUnit-Hrs","0.0000000000","USD",,,,"Provisioned IOPS","AmazonDynamoDB","Canada West (Calgary)","AWS Region",,"DDB-WriteUnits","DynamoDB Provisioned Write Units","CAN2-WriteCapacityUnit-Hrs","CommittedThroughput","ca-west-1","Amazon DynamoDB",
"KZBDC3Q94RCVZ38F","JRTCKXETXF","KZBDC3Q94RCVZ38F.JRTCKXETXF.E63J5HTPNN","OnDemand","$0.000715 per WriteCapacityUnit-Hrs in Canada West (Calgary)","2026-07-01","18600","Inf","WriteCapacityUnit-Hrs","0.0007150000","USD",,,,"Provisioned IOPS","AmazonDynamoDB","Canada West (Calgary)","AWS Region",,"DDB-WriteUnits","DynamoDB Provisioned Write Units","CAN2-WriteCapacityUnit-Hrs","CommittedThroughput","ca-west-1","Amazon DynamoDB",
"KZBDC3Q94RCVZ38F","YTVHEVGPBZ","KZBDC3Q94RCVZ38F.YTVHEVGPBZ.6YS6EN2CT7","Reserved","Amazon DynamoDB, Reserved Write Capacity used this month","2026-08-04","0","Inf","WriteCapacityUnit-Hrs","0.0001410000","USD","1yr","Heavy Utilization","standard","Provisioned IOPS","AmazonDynamoDB","Canada West (Calgary)","AWS Region",,"DDB-WriteUnits","DynamoDB Provisioned Write Units","CAN2-WriteCapacityUnit-Hrs","CommittedThroughput","ca-west-1","Amazon DynamoDB",
"KZBDC3Q94RCVZ38F","YTVHEVGPBZ","KZBDC3Q94RCVZ38F.YTVHEVGPBZ.2TG2D8R56U","Reserved","Upfront Fee","2026-08-04",,,"Quantity","1.65","USD","1yr","Heavy Utilization","standard","Provisioned IOPS","AmazonDynamoDB","Canada West (Calgary)","AWS Region",,"DDB-WriteUnits","DynamoDB Provisioned Write Units","CAN2-WriteCapacityUnit-Hrs","CommittedThroughput","ca-west-1","Amazon DynamoDB",
"M32VYFTBFH2T4RGA","JRTCKXETXF","M32VYFTBFH2T4RGA.JRTCKXETXF.M9QGYPQ72M","OnDemand","$0.00 for 2.5 million DynamoDB Streams read request units for a month (free tier) Europe West 2","2026-07-01","0","2500000","Requests","0.0000000000","USD",,,,"API Request","AmazonDynamoDB","EU (London)","AWS Region",,"DDB-StreamsReadRequests","DynamoDB Streams read request (GetRecords API)","EUW2-Streams-Requests","GetRecords","eu-west-2","Amazon DynamoDB",
"M32VYFTBFH2T4RGA","JRTCKXETXF","M32VYFTBFH2T4RGA.JRTCKXETXF.AUKFMGQW43","OnDemand","$0.000000237 per DynamoDB Streams read request unit beyond free tier Europe West 2","2026-07-01","2500000","Inf","Requests","0.0000002370","USD",,,,"API Request","AmazonDynamoDB","EU (London)","AWS Region",,"DDB-StreamsReadRequests","DynamoDB Streams read request (GetRecords API)","EUW2-Streams-Requests","GetRecords","eu-west-2","Amazon DynamoDB",
"M3R2QXZFSWMWH227","JRTCKXETXF","M3R2QXZFSWMWH227.JRTCKXETXF.6YS6EN2CT7","OnDemand","$0.1026 per GB of data exported from Amazon DynamoDB  in Asia Pacific (Taipei)","2026-07-01","0","Inf","GB","0.1026000000","USD",,,,"Amazon DynamoDB Export Data Size","AmazonDynamoDB","Asia Pacific (Taipei)","AWS Region","Amazon DynamoDB - Export Size",,,"APE2-ExportDataSize-Bytes","","ap-east-2","Amazon DynamoDB",
"M3VRNBCDHN9SMJY7","JRTCKXETXF","M3VRNBCDHN9SMJY7.JRTCKXETXF.6YS6EN2CT7","OnDemand","$0.85 per million write request units in Israel (Tel Aviv)","2026-07-01","0","Inf","WriteRequestUnits","0.0000008500","USD",,,,"Amazon DynamoDB PayPerRequest Throughput","AmazonDynamoDB","Israel (Tel Aviv)","AWS Region",,"DDB-WriteUnits","DynamoDB PayPerRequest Write Request Units","ILC1-WriteRequestUnits","PayPerRequestThroughput","il-central-1","Amazon DynamoDB",
"M445YWVKT3XJTWE7","JRTCKXETXF","M445YWVKT3XJTWE7.JRTCKXETXF.6YS6EN2CT7","OnDemand","$0.1800 per GB for data import in AWS GovCloud (US-East)","2026-07-01","0","Inf","GB","0.1800000000","USD",,,,"Amazon DynamoDB Import Data Size","AmazonDynamoDB","AWS GovCloud (US-East)","AWS Region","Amazon DynamoDB - Import Size",,,"UGE1-ImportDataSize-Bytes","","us-gov-east-1","Amazon DynamoDB",
"M45YNY4PFA5EWHW9","JRTCKXETXF","M45YNY4PFA5EWHW9.JRTCKXETXF.6YS6EN2CT7","OnDemand","$0.00299 per GB of IA vector data searched in EU (Milan)","2026-07-01","0","Inf","GB","0.0029900000","USD",,,,"Amazon DynamoDB PayPerRequest Throughput","AmazonDynamoDB","EU (Milan)","AWS Region",,,,"EUS1-IA-VectorSearch","","eu-south-1","Amazon DynamoDB",
"M5QHCCEKN2TGBQJ9","JRTCKXETXF","M5QHCCEKN2TGBQJ9.JRTCKXETXF.6YS6EN2CT7","OnDemand","$0.98 per million ReplicatedWriteRequestUnits for IA in Asia Pacific (Hong Kong)","2026-07-01","0","Inf","ReplicatedWriteRequestUnits","0.0000009800","USD",,,,"Amazon DynamoDB PayPerRequest Throughput","AmazonDynamoDB","Asia Pacific (Hong Kong)","AWS Region",,"DDB-ReplicatedWriteUnitsIA","DynamoDB PayPerRequest Replicated Write Request Units IA","APE1-IA-ReplWriteRequestUnits","PayPerRequestThroughput","ap-east-1","Amazon DynamoDB",
"MACZ8RKNUM65VQ5B","JRTCKXETXF","MACZ8RKNUM65VQ5B.JRTCKXETXF.6YS6EN2CT7","OnDemand","$0.67 per million Replicated Write Request Units in EU (Stockholm)","2026-07-01","0","Inf","ReplicatedWriteRequestUnits","0.0000006700","USD",,,,"Amazon DynamoDB PayPerRequest Throughput","AmazonDynamoDB","EU (Stockholm)","AWS Region",,"DDB-ReplicatedWriteUnits","DynamoDB PayPerRequest Replicated Write Request Units","EUN1-ReplWriteRequestUnits","PayPerRequestThroughput","eu-north-1","Amazon DynamoDB",
"MCJM65274BT9PWSP","JRTCKXETXF","MCJM65274BT9PWSP.JRTCKXETXF.6YS6EN2CT7","OnDemand","$0.0003 per GB of vector write requests in TST","2026-07-01","0","Inf","GB","0.0003000000","USD",,,,"Amazon DynamoDB PayPerRequest Throughput","AmazonDynamoDB","TST","AWS Region",,,,"TST1-VectorWriteRequest","","","Amazon DynamoDB","Standard"
"MEC4TBQS3X8UY2VX","JRTCKXETXF","MEC4TBQS3X8UY2VX.JRTCKXETXF.6YS6EN2CT7","OnDemand","$0.1188 per GB of incremental data exported in Europe (London)","2026-07-01","0","Inf","GB","0.1188600000","USD",,,,"Amazon DynamoDB Export Data Size","AmazonDynamoDB","EU (London)","AWS Region","Amazon DynamoDB - Incremental Export",,,"EUW2-IncrementalExportDataSize-Bytes","","eu-west-2","Amazon DynamoDB",
"MEMP4ZA2TASGCTHX","JRTCKXETXF","MEMP4ZA2TASGCTHX.JRTCKXETXF.6YS6EN2CT7","OnDemand","$0.58656 per GB of vector write requests in EU (Ireland)","2026-07-01","0","Inf","GB","0.5865600000","USD",,,,"Amazon DynamoDB PayPerRequest Throughput","AmazonDynamoDB","EU (Ireland)","AWS Region",,,,"EU-VectorWriteRequest","","eu-west-1","Amazon DynamoDB","Standard"
"MFVBNP8PMCZ6N3VH","JRTCKXETXF","MFVBNP8PMCZ6N3VH.JRTCKXETXF.6YS6EN2CT7","OnDemand","$0.000919 per hour for units of IA replicated write capacity in Europe (Spain)","2026-07-01","0","Inf","ReplicatedWriteCapacityUnit-Hrs","0.0009190000","USD",,,,"DDB-Operation-ReplicatedWrite","AmazonDynamoDB","Europe (Spain)","AWS Region",,"DDB-ReplicatedWriteUnitsIA","DynamoDB Provisioned Replicated Write Units IA","EUS2-IA-ReplWriteCapacityUnit-Hrs","CommittedThroughput","eu-south-2","Amazon DynamoDB",
"MGDMWZ6T49J54A5V","JRTCKXETXF","MGDMWZ6T49J54A5V.JRTCKXETXF.HBHVWY47CM","OnDemand","$0.00 per hour for 25 units of replicated write capacity for a month (free tier) in Asia Pacific (Malaysia)","2026-07-01","0","18600","ReplicatedWriteCapacityUnit-Hrs","0.0000000000","USD",,,,"DDB-Operation-ReplicatedWrite","AmazonDynamoDB","Asia Pacific (Malaysia)","AWS Region",,"DDB-ReplicatedWriteUnits","DynamoDB Provisioned Replicated Write Units","APS7-ReplWriteCapacityUnit-Hrs","CommittedThroughput","ap-southeast-5","Amazon DynamoDB",
"MGDMWZ6T49J54A5V","JRTCKXETXF","MGDMWZ6T49J54A5V.JRTCKXETXF.E63J5HTPNN","OnDemand","$0.000666 per hour for units of replicated write capacity beyond the free tier in Asia Pacific (Malaysia)","2026-07-01","18600","Inf","ReplicatedWriteCapacityUnit-Hrs","0.0006660000","USD",,,,"DDB-Operation-ReplicatedWrite","AmazonDynamoDB","Asia Pacific (Malaysia)","AWS Region",,"DDB-ReplicatedWriteUnits","DynamoDB Provisioned Replicated Write Units","APS7-ReplWriteCapacityUnit-Hrs","CommittedThroughput","ap-southeast-5","Amazon DynamoDB",
"MJVXP493BSJ5SKSQ","JRTCKXETXF","MJVXP493BSJ5SKSQ.JRTCKXETXF.6YS6EN2CT7","OnDemand","$0.78 per million IA write request units in US East (N. Virginia)","2026-07-01","0","Inf","WriteRequestUnits","0.0000007800","USD",,,,"Amazon DynamoDB PayPerRequest Throughput","AmazonDynamoDB","US East (N. Virginia)","AWS Region",,"DDB-WriteUnitsIA","DynamoDB PayPerRequest Write Request Units IA","IA-WriteRequestUnits","PayPerRequestThroughput","us-east-1","Amazon DynamoDB",
"MK5GC48ZGZPDTAP2","JRTCKXETXF","MK5GC48ZGZPDTAP2.JRTCKXETXF.6YS6EN2CT7","OnDemand","$0.00315 per GB of IA vector data searched in Asia Pacific (Hong Kong)","2026-07-01","0","Inf","GB","0.0031500000","USD",,,,"Amazon DynamoDB PayPerRequest Throughput","AmazonDynamoDB","Asia Pacific (Hong Kong)","AWS Region",,,,"APE1-IA-VectorSearch","","ap-east-1","Amazon DynamoDB",
"MK8X2J5A6K9D9P5F","JRTCKXETXF","MK8X2J5A6K9D9P5F.JRTCKXETXF.6YS6EN2CT7","OnDemand","$0.74167 per GB of IA vector write requests in Asia Pacific (Osaka)","2026-07-01","0","Inf","GB","0.7416700000","USD",,,,"Amazon DynamoDB PayPerRequest Throughput","AmazonDynamoDB","Asia Pacific (Osaka)","AWS Region",,,,"APN3-IA-VectorWriteRequest","","ap-northeast-3","Amazon DynamoDB",
"MNDW3FGWQCKK7D45","JRTCKXETXF","MNDW3FGWQCKK7D45.JRTCKXETXF.6YS6EN2CT7","OnDemand","$0.00287 per GB of IA vector data searched in Asia Pacific (Jakarta)","2026-07-01","0","Inf","GB","0.0028700000","USD",,,,"Amazon DynamoDB PayPerRequest Throughput","AmazonDynamoDB","Asia Pacific (Jakarta)","AWS Region",,,,"APS4-IA-VectorSearch","","ap-southeast-3","Amazon DynamoDB",
"MNQBR5JKF47TW9TE","JRTCKXETXF","MNQBR5JKF47TW9TE.JRTCKXETXF.6YS6EN2CT7","OnDemand","$0.00081 per hour for units of IA replicated write capacity in US East (N. Virginia)","2026-07-01","0","Inf","ReplicatedWriteCapacityUnit-Hrs","0.0008100000","USD",,,,"DDB-Operation-ReplicatedWrite","AmazonDynamoDB","US East (N. Virginia)","AWS Region",,"DDB-ReplicatedWriteUnitsIA","DynamoDB Provisioned Replicated Write Units IA","IA-ReplWriteCapacityUnit-Hrs","CommittedThroughput","us-east-1","Amazon DynamoDB",
"MNTY3QJH648FJ3RF","JRTCKXETXF","MNTY3QJH648FJ3RF.JRTCKXETXF.6YS6EN2CT7","OnDemand","$0.15 per GB-Month of storage used for on-demand backup","2026-07-01","0","Inf","GB-Month","0.1500000000","USD",,,,"Amazon DynamoDB On-Demand Backup Storage","AmazonDynamoDB","South America (Sao Paulo)","AWS Region","Amazon DynamoDB - On-Demand Backup Storage",,,"SAE1-TimedBackupStorage-ByteHrs","","sa-east-1","Amazon DynamoDB",
"MPYJV6E6FTBPD9J5","JRTCKXETXF","MPYJV6E6FTBPD9J5.JRTCKXETXF.6YS6EN2CT7","OnDemand","$0.1415 per million read request units in Europe (Spain)","2026-07-01","0","Inf","ReadRequestUnits","0.0000001415","USD",,,,"Amazon DynamoDB PayPerRequest Throughput","AmazonDynamoDB","Europe (Spain)","AWS Region",,"DDB-ReadUnits","DynamoDB PayPerRequest Read Request Units","EUS2-ReadRequestUnits","PayPerRequestThroughput","eu-south-2","Amazon DynamoDB",
"MQQYCYRA3HGBZJBA","JRTCKXETXF","MQQYCYRA3HGBZJBA.JRTCKXETXF.G2A93NZ7DT","OnDemand","$0.00 per GB-Month of storage for first 25 free GB-Months","2026-07-01","0","25","GB-Mo","0.0000000000","USD",,,,"Database Storage","AmazonDynamoDB","US West (N. California)","AWS Region","Amazon DynamoDB - Indexed DataStore",,,"USW1-TimedStorage-ByteHrs","","us-west-1","Amazon DynamoDB",
"MQQYCYRA3HGBZJBA","JRTCKXETXF","MQQYCYRA3HGBZJBA.JRTCKXETXF.VYAP54KATQ","OnDemand","$0.28 per GB-Month of storage used beyond first 25 free GB-Months","2026-07-01","25","Inf","GB-Mo","0.2800000000","USD",,,,"Database Storage","AmazonDynamoDB","US West (N. California)","AWS Region","Amazon DynamoDB - Indexed DataStore",,,"USW1-TimedStorage-ByteHrs","","us-west-1","Amazon DynamoDB",
"MSX7N4YY9PH9AR3P","JRTCKXETXF","MSX7N4YY9PH9AR3P.JRTCKXETXF.6YS6EN2CT7","OnDemand","$0.1425 per million read request units in Asia Pacific (Melbourne)","2026-07-01","0","Inf","ReadRequestUnits","0.0000001425","USD",,,,"Amazon DynamoDB PayPerRequest Throughput","AmazonDynamoDB","Asia Pacific (Melbourne)","AWS Region",,"DDB-ReadUnits","DynamoDB PayPerRequest Read Request Units","APS6-ReadRequestUnits","PayPerRequestThroughput","ap-southeast-4","Amazon DynamoDB",
"MVAR8TQDMPGYGJBZ","JRTCKXETXF","MVAR8TQDMPGYGJBZ.JRTCKXETXF.6YS6EN2CT7","OnDemand","$0.11400 per GB of data exported in Asia Pacific (Hyderabad)","2026-07-01","0","Inf","GB","0.1140000000","USD",,,,"Amazon DynamoDB Export Data Size","AmazonDynamoDB","Asia Pacific (Hyderabad)","AWS Region","Amazon DynamoDB - Export Size",,,"APS5-ExportDataSize-Bytes","","ap-south-2","Amazon DynamoDB",
"MW6DHEA5CEE9URP4","JRTCKXETXF","MW6DHEA5CEE9URP4.JRTCKXETXF.6YS6EN2CT7","OnDemand","$0.695 per million replicated write request units","2026-07-01","0","Inf","ReplicatedWriteRequestUnits","0.0000006950","USD",,,,"Amazon DynamoDB PayPerRequest Throughput","AmazonDynamoDB","US West (N. California)","AWS Region",,"DDB-ReplicatedWriteUnits","DynamoDB PayPerRequest Replicated Write Request Units","USW1-ReplWriteRequestUnits","PayPerRequestThroughput","us-west-1","Amazon DynamoDB",
"MWP6UT6MWBJWHZX6","JRTCKXETXF","MWP6UT6MWBJWHZX6.JRTCKXETXF.HBHVWY47CM","OnDemand","$0.00 per hour for 25 units of write capacity for a month (free tier)","2026-07-01","0","18600","WriteCapacityUnit-Hrs","0.0000000000","USD",,,,"Provisioned IOPS","AmazonDynamoDB","Canada (Central)","AWS Region",,"DDB-WriteUnits","DynamoDB Provisioned Write Units","CAN1-WriteCapacityUnit-Hrs","CommittedThroughput","ca-central-1","Amazon DynamoDB",
"MWP6UT6MWBJWHZX6","JRTCKXETXF","MWP6UT6MWBJWHZX6.JRTCKXETXF.E63J5HTPNN","OnDemand","$0.000715 per hour for units of write capacity beyond the free tier","2026-07-01","18600","Inf","WriteCapacityUnit-Hrs","0.0007150000","USD",,,,"Provisioned IOPS","AmazonDynamoDB","Canada (Central)","AWS Region",,"DDB-WriteUnits","DynamoDB Provisioned Write Units","CAN1-WriteCapacityUnit-Hrs","CommittedThroughput","ca-central-1","Amazon DynamoDB",
"MWP6UT6MWBJWHZX6","YTVHEVGPBZ","MWP6UT6MWBJWHZX6.YTVHEVGPBZ.6YS6EN2CT7","Reserved","Amazon DynamoDB, Reserved Write Capacity used this month","2026-08-04","0","Inf","WriteCapacityUnit-Hrs","0.0001410000","USD","1yr","Heavy Utilization","standard","Provisioned IOPS","AmazonDynamoDB","Canada (Central)","AWS Region",,"DDB-WriteUnits","DynamoDB Provisioned Write Units","CAN1-WriteCapacityUnit-Hrs","CommittedThroughput","ca-central-1","Amazon DynamoDB",
"MWP6UT6MWBJWHZX6","YTVHEVGPBZ","MWP6UT6MWBJWHZX6.YTVHEVGPBZ.2TG2D8R56U","Reserved","Upfront Fee","2026-08-04",,,"Quantity","1.65","USD","1yr","Heavy Utilization","standard","Provisioned IOPS","AmazonDynamoDB","Canada (Central)","AWS Region",,"DDB-WriteUnits","DynamoDB Provisioned Write Units","CAN1-WriteCapacityUnit-Hrs","CommittedThroughput","ca-central-1","Amazon DynamoDB",
"MX584AZVVS6XX4Q6","JRTCKXETXF","MX584AZVVS6XX4Q6.JRTCKXETXF.6YS6EN2CT7","OnDemand","$0.7755 per million replicated write request units in Middle East (UAE)","2026-07-01","0","Inf","ReplicatedWriteRequestUnits","0.0000007755","USD",,,,"Amazon DynamoDB PayPerRequest Throughput","AmazonDynamoDB","Middle East (UAE)","AWS Region",,"DDB-ReplicatedWriteUnits","DynamoDB PayPerRequest Replicated Write Request Units","MEC1-ReplWriteRequestUnits","PayPerRequestThroughput","me-central-1","Amazon DynamoDB",
"MXM3XEG6ZSDN4W5D","JRTCKXETXF","MXM3XEG6ZSDN4W5D.JRTCKXETXF.M9QGYPQ72M","OnDemand","$0.00 for 2.5 million DynamoDB Streams read request units for a month (free tier) (Asia Pacific (Korea))","2026-07-01","0","2500000","Requests","0.0000000000","USD",,,,"API Request","AmazonDynamoDB","Asia Pacific (Seoul)","AWS Region",,"DDB-StreamsReadRequests","DynamoDB Streams read request (GetRecords API)","APN2-Streams-Requests","GetRecords","ap-northeast-2","Amazon DynamoDB",
"MXM3XEG6ZSDN4W5D","JRTCKXETXF","MXM3XEG6ZSDN4W5D.JRTCKXETXF.AUKFMGQW43","OnDemand","$0.0000002166 per DynamoDB Streams read request unit beyond free tier (Asia Pacific (Korea))","2026-07-01","2500000","Inf","Requests","0.0000002170","USD",,,,"API Request","AmazonDynamoDB","Asia Pacific (Seoul)","AWS Region",,"DDB-StreamsReadRequests","DynamoDB Streams read request (GetRecords API)","APN2-Streams-Requests","GetRecords","ap-northeast-2","Amazon DynamoDB",
"MXNFPAX85ZMCAA7V","JRTCKXETXF","MXNFPAX85ZMCAA7V.JRTCKXETXF.6YS6EN2CT7","OnDemand","$0.00081 per hour for units of IA replicated write capacity in US East (Ohio)","2026-07-01","0","Inf","ReplicatedWriteCapacityUnit-Hrs","0.0008100000","USD",,,,"DDB-Operation-ReplicatedWrite","AmazonDynamoDB","US East (Ohio)","AWS Region",,"DDB-ReplicatedWriteUnitsIA","DynamoDB Provisioned Replicated Write Units IA","USE2-IA-ReplWriteCapacityUnit-Hrs","CommittedThroughput","us-east-2","Amazon DynamoDB",
"MY75EBKEMRMCJHXA","JRTCKXETXF","MY75EBKEMRMCJHXA.JRTCKXETXF.HBHVWY47CM","OnDemand","$0.00 per hour for 25 units of read capacity for a month (free tier) in Asia Pacific (Jakarta)","2026-07-01","0","18600","ReadCapacityUnit-Hrs","0.0000000000","USD",,,,"Provisioned IOPS","AmazonDynamoDB","Asia Pacific (Jakarta)","AWS Region",,"DDB-ReadUnits","DynamoDB Provisioned Read Units","APS4-ReadCapacityUnit-Hrs","CommittedThroughput","ap-southeast-3","Amazon DynamoDB",
"MY75EBKEMRMCJHXA","JRTCKXETXF","MY75EBKEMRMCJHXA.JRTCKXETXF.E63J5HTPNN","OnDemand","$0.000148 per hour for units of read capacity beyond the free tier in Asia Pacific (Jakarta)","2026-07-01","18600","Inf","ReadCapacityUnit-Hrs","0.0001480000","USD",,,,"Provisioned IOPS","AmazonDynamoDB","Asia Pacific (Jakarta)","AWS Region",,"DDB-ReadUnits","DynamoDB Provisioned Read Units","APS4-ReadCapacityUnit-Hrs","CommittedThroughput","ap-southeast-3","Amazon DynamoDB",
"MY75EBKEMRMCJHXA","YTVHEVGPBZ","MY75EBKEMRMCJHXA.YTVHEVGPBZ.6YS6EN2CT7","Reserved","Amazon DynamoDB, Reserved Read Capacity used this month","2026-08-04","0","Inf","ReadCapacityUnit-Hrs","0.0000290000","USD","1yr","Heavy Utilization","standard","Provisioned IOPS","AmazonDynamoDB","Asia Pacific (Jakarta)","AWS Region",,"DDB-ReadUnits","DynamoDB Provisioned Read Units","APS4-ReadCapacityUnit-Hrs","CommittedThroughput","ap-southeast-3","Amazon DynamoDB",
"MY75EBKEMRMCJHXA","YTVHEVGPBZ","MY75EBKEMRMCJHXA.YTVHEVGPBZ.2TG2D8R56U","Reserved","Upfront Fee","2026-08-04",,,"Quantity","0.342","USD","1yr","Heavy Utilization","standard","Provisioned IOPS","AmazonDynamoDB","Asia Pacific (Jakarta)","AWS Region",,"DDB-ReadUnits","DynamoDB Provisioned Read Units","APS4-ReadCapacityUnit-Hrs","CommittedThroughput","ap-southeast-3","Amazon DynamoDB",
"N2JW6DJ93GMGZK3B","JRTCKXETXF","N2JW6DJ93GMGZK3B.JRTCKXETXF.6YS6EN2CT7","OnDemand","$0.0002187 per hour for units of IA read capacity in Africa (Cape Town)","2026-07-01","0","Inf","ReadCapacityUnit-Hrs","0.0002187000","USD",,,,"Provisioned IOPS","AmazonDynamoDB","Africa (Cape Town)","AWS Region",,"DDB-ReadUnitsIA","DynamoDB Provisioned Read Units IA","AFS1-IA-ReadCapacityUnit-Hrs","CommittedThroughput","af-south-1","Amazon DynamoDB",
"N49S38XBYSKZJU7V","JRTCKXETXF","N49S38XBYSKZJU7V.JRTCKXETXF.6YS6EN2CT7","OnDemand","$0.165 per GB for ImportDataSize-Bytes in Canada West (Calgary)","2026-07-01","0","Inf","GB","0.1650000000","USD",,,,"Amazon DynamoDB Import Data Size","AmazonDynamoDB","Canada West (Calgary)","AWS Region","Amazon DynamoDB - Import Size",,,"CAN2-ImportDataSize-Bytes","","ca-west-1","Amazon DynamoDB",
"N4QUKFFX554BD8JK","JRTCKXETXF","N4QUKFFX554BD8JK.JRTCKXETXF.HBHVWY47CM","OnDemand","$0.00 per hour for 25 units of write capacity for a month (free tier) in Asia Pacific (Melbourne)","2026-07-01","0","18600","WriteCapacityUnit-Hrs","0.0000000000","USD",,,,"Provisioned IOPS","AmazonDynamoDB","Asia Pacific (Melbourne)","AWS Region",,"DDB-WriteUnits","DynamoDB Provisioned Write Units","APS6-WriteCapacityUnit-Hrs","CommittedThroughput","ap-southeast-4","Amazon DynamoDB",
"N4QUKFFX554BD8JK","JRTCKXETXF","N4QUKFFX554BD8JK.JRTCKXETXF.E63J5HTPNN","OnDemand","$0.00074 per hour for units of write capacity beyond the free tier in Asia Pacific (Melbourne)","2026-07-01","18600","Inf","WriteCapacityUnit-Hrs","0.0007400000","USD",,,,"Provisioned IOPS","AmazonDynamoDB","Asia Pacific (Melbourne)","AWS Region",,"DDB-WriteUnits","DynamoDB Provisioned Write Units","APS6-WriteCapacityUnit-Hrs","CommittedThroughput","ap-southeast-4","Amazon DynamoDB",
"N4QUKFFX554BD8JK","YTVHEVGPBZ","N4QUKFFX554BD8JK.YTVHEVGPBZ.6YS6EN2CT7","Reserved","Amazon DynamoDB, Reserved Write Capacity used this month","2026-08-04","0","Inf","WriteCapacityUnit-Hrs","0.0001460000","USD","1yr","Heavy Utilization","standard","Provisioned IOPS","AmazonDynamoDB","Asia Pacific (Melbourne)","AWS Region",,"DDB-WriteUnits","DynamoDB Provisioned Write Units","APS6-WriteCapacityUnit-Hrs","CommittedThroughput","ap-southeast-4","Amazon DynamoDB",
"N4QUKFFX554BD8JK","YTVHEVGPBZ","N4QUKFFX554BD8JK.YTVHEVGPBZ.2TG2D8R56U","Reserved","Upfront Fee","2026-08-04",,,"Quantity","1.71","USD","1yr","Heavy Utilization","standard","Provisioned IOPS","AmazonDynamoDB","Asia Pacific (Melbourne)","AWS Region",,"DDB-WriteUnits","DynamoDB Provisioned Write Units","APS6-WriteCapacityUnit-Hrs","CommittedThroughput","ap-southeast-4","Amazon DynamoDB",
"N4S9SSK4DZCKR6BW","JRTCKXETXF","N4S9SSK4DZCKR6BW.JRTCKXETXF.HBHVWY47CM","OnDemand","$0.00 per hour for 25 units of write capacity for a month (free tier)","2026-07-01","0","18600","WriteCapacityUnit-Hrs","0.0000000000","USD",,,,"Provisioned IOPS","AmazonDynamoDB","EU (Frankfurt)","AWS Region",,"DDB-WriteUnits","DynamoDB Provisioned Write Units","EUC1-WriteCapacityUnit-Hrs","CommittedThroughput","eu-central-1","Amazon DynamoDB",
"N4S9SSK4DZCKR6BW","JRTCKXETXF","N4S9SSK4DZCKR6BW.JRTCKXETXF.E63J5HTPNN","OnDemand","$0.000793 per hour for units of write capacity beyond the free tier","2026-07-01","18600","Inf","WriteCapacityUnit-Hrs","0.0007930000","USD",,,,"Provisioned IOPS","AmazonDynamoDB","EU (Frankfurt)","AWS Region",,"DDB-WriteUnits","DynamoDB Provisioned Write Units","EUC1-WriteCapacityUnit-Hrs","CommittedThroughput","eu-central-1","Amazon DynamoDB",
"N4S9SSK4DZCKR6BW","VG8YD49WWM","N4S9SSK4DZCKR6BW.VG8YD49WWM.6YS6EN2CT7","Reserved","Amazon DynamoDB, Reserved Write Capacity used this month","2026-08-04","0","Inf","WriteCapacityUnit-Hrs","0.0000990000","USD","3yr","Heavy Utilization","standard","Provisioned IOPS","AmazonDynamoDB","EU (Frankfurt)","AWS Region",,"DDB-WriteUnits","DynamoDB Provisioned Write Units","EUC1-WriteCapacityUnit-Hrs","CommittedThroughput","eu-central-1","Amazon DynamoDB",
"N4S9SSK4DZCKR6BW","VG8YD49WWM","N4S9SSK4DZCKR6BW.VG8YD49WWM.2TG2D8R56U","Reserved","Upfront Fee","2026-08-04",,,"Quantity","2.196","USD","3yr","Heavy Utilization","standard","Provisioned IOPS","AmazonDynamoDB","EU (Frankfurt)","AWS Region",,"DDB-WriteUnits","DynamoDB Provisioned Write Units","EUC1-WriteCapacityUnit-Hrs","CommittedThroughput","eu-central-1","Amazon DynamoDB",
"N4S9SSK4DZCKR6BW","YTVHEVGPBZ","N4S9SSK4DZCKR6BW.YTVHEVGPBZ.6YS6EN2CT7","Reserved","Amazon DynamoDB, Reserved Write Capacity used this month","2026-08-04","0","Inf","WriteCapacityUnit-Hrs","0.0001570000","USD","1yr","Heavy Utilization","standard","Provisioned IOPS","AmazonDynamoDB","EU (Frankfurt)","AWS Region",,"DDB-WriteUnits","DynamoDB Provisioned Write Units","EUC1-WriteCapacityUnit-Hrs","CommittedThroughput","eu-central-1","Amazon DynamoDB",
"N4S9SSK4DZCKR6BW","YTVHEVGPBZ","N4S9SSK4DZCKR6BW.YTVHEVGPBZ.2TG2D8R56U","Reserved","Upfront Fee","2026-08-04",,,"Quantity","1.83","USD","1yr","Heavy Utilization","standard","Provisioned IOPS","AmazonDynamoDB","EU (Frankfurt)","AWS Region",,"DDB-WriteUnits","DynamoDB Provisioned Write Units","EUC1-WriteCapacityUnit-Hrs","CommittedThroughput","eu-central-1","Amazon DynamoDB",
"N52NG83CZ4A7XZ8H","JRTCKXETXF","N52NG83CZ4A7XZ8H.JRTCKXETXF.6YS6EN2CT7","OnDemand","$0.75 per million Replicated Write Request Units in AWS GovCloud (US-West)","2026-07-01","0","Inf","ReplicatedWriteRequestUnits","0.0000007500","USD",,,,"Amazon DynamoDB PayPerRequest Throughput","AmazonDynamoDB","AWS GovCloud (US-West)","AWS Region",,"DDB-ReplicatedWriteUnits","DynamoDB PayPerRequest Replicated Write Request Units","UGW1-ReplWriteRequestUnits","PayPerRequestThroughput","us-gov-west-1","Amazon DynamoDB",
"N7C2YR6888VW498E","JRTCKXETXF","N7C2YR6888VW498E.JRTCKXETXF.HBHVWY47CM","OnDemand","$0.0 per ReplicatedWriteCapacityUnit-Hrs in Asia Pacific (Hong Kong)","2026-07-01","0","18600","ReplicatedWriteCapacityUnit-Hrs","0.0000000000","USD",,,,"DDB-Operation-ReplicatedWrite","AmazonDynamoDB","Asia Pacific (Hong Kong)","AWS Region",,"DDB-ReplicatedWriteUnits","DynamoDB Provisioned Replicated Write Units","APE1-ReplWriteCapacityUnit-Hrs","CommittedThroughput","ap-east-1","Amazon DynamoDB",
"N7C2YR6888VW498E","JRTCKXETXF","N7C2YR6888VW498E.JRTCKXETXF.E63J5HTPNN","OnDemand","$0.000814 per ReplicatedWriteCapacityUnit-Hrs in Asia Pacific (Hong Kong)","2026-07-01","18600","Inf","ReplicatedWriteCapacityUnit-Hrs","0.0008140000","USD",,,,"DDB-Operation-ReplicatedWrite","AmazonDynamoDB","Asia Pacific (Hong Kong)","AWS Region",,"DDB-ReplicatedWriteUnits","DynamoDB Provisioned Replicated Write Units","APE1-ReplWriteCapacityUnit-Hrs","CommittedThroughput","ap-east-1","Amazon DynamoDB",
"N7HEJ89GP459M9M7","JRTCKXETXF","N7HEJ89GP459M9M7.JRTCKXETXF.HBHVWY47CM","OnDemand","$0.00 per hour for 25 units of replicated write capacity for a month (free tier)","2026-07-01","0","18600","ReplicatedWriteCapacityUnit-Hrs","0.0000000000","USD",,,,"DDB-Operation-ReplicatedWrite","AmazonDynamoDB","EU (London)","AWS Region",,"DDB-ReplicatedWriteUnits","DynamoDB Provisioned Replicated Write Units","EUW2-ReplWriteCapacityUnit-Hrs","CommittedThroughput","eu-west-2","Amazon DynamoDB",
"N7HEJ89GP459M9M7","JRTCKXETXF","N7HEJ89GP459M9M7.JRTCKXETXF.E63J5HTPNN","OnDemand","$0.000772 per hour for units of replicated write capacity beyond the free tier","2026-07-01","18600","Inf","ReplicatedWriteCapacityUnit-Hrs","0.0007720000","USD",,,,"DDB-Operation-ReplicatedWrite","AmazonDynamoDB","EU (London)","AWS Region",,"DDB-ReplicatedWriteUnits","DynamoDB Provisioned Replicated Write Units","EUW2-ReplWriteCapacityUnit-Hrs","CommittedThroughput","eu-west-2","Amazon DynamoDB",
"N835757FP9Q68PGE","JRTCKXETXF","N835757FP9Q68PGE.JRTCKXETXF.6YS6EN2CT7","OnDemand","$0.00277 per GB of IA vector data searched in Canada West (Calgary)","2026-07-01","0","Inf","GB","0.0027700000","USD",,,,"Amazon DynamoDB PayPerRequest Throughput","AmazonDynamoDB","Canada West (Calgary)","AWS Region",,,,"CAN2-IA-VectorSearch","","ca-west-1","Amazon DynamoDB",
"N8BPDYHCASY4ZSZ9","JRTCKXETXF","N8BPDYHCASY4ZSZ9.JRTCKXETXF.HBHVWY47CM","OnDemand","$0.00 per hour for 25 units of write capacity for a month (free tier) in Middle East (UAE)","2026-07-01","0","18600","WriteCapacityUnit-Hrs","0.0000000000","USD",,,,"Provisioned IOPS","AmazonDynamoDB","Middle East (UAE)","AWS Region",,"DDB-WriteUnits","DynamoDB Provisioned Write Units","MEC1-WriteCapacityUnit-Hrs","CommittedThroughput","me-central-1","Amazon DynamoDB",
"N8BPDYHCASY4ZSZ9","JRTCKXETXF","N8BPDYHCASY4ZSZ9.JRTCKXETXF.E63J5HTPNN","OnDemand","$0.0008085 per hour for units of write capacity beyond the free tier in Middle East (UAE)","2026-07-01","18600","Inf","WriteCapacityUnit-Hrs","0.0008085000","USD",,,,"Provisioned IOPS","AmazonDynamoDB","Middle East (UAE)","AWS Region",,"DDB-WriteUnits","DynamoDB Provisioned Write Units","MEC1-WriteCapacityUnit-Hrs","CommittedThroughput","me-central-1","Amazon DynamoDB",
"N8BPDYHCASY4ZSZ9","YTVHEVGPBZ","N8BPDYHCASY4ZSZ9.YTVHEVGPBZ.6YS6EN2CT7","Reserved","Amazon DynamoDB, Reserved Write Capacity used this month","2026-08-04","0","Inf","WriteCapacityUnit-Hrs","0.0001600000","USD","1yr","Heavy Utilization","standard","Provisioned IOPS","AmazonDynamoDB","Middle East (UAE)","AWS Region",,"DDB-WriteUnits","DynamoDB Provisioned Write Units","MEC1-WriteCapacityUnit-Hrs","CommittedThroughput","me-central-1","Amazon DynamoDB",
"N8BPDYHCASY4ZSZ9","YTVHEVGPBZ","N8BPDYHCASY4ZSZ9.YTVHEVGPBZ.2TG2D8R56U","Reserved","Upfront Fee","2026-08-04",,,"Quantity","1.8645","USD","1yr","Heavy Utilization","standard","Provisioned IOPS","AmazonDynamoDB","Middle East (UAE)","AWS Region",,"DDB-WriteUnits","DynamoDB Provisioned Write Units","MEC1-WriteCapacityUnit-Hrs","CommittedThroughput","me-central-1","Amazon DynamoDB",
"NC5R8BPJXAVBATPA","JRTCKXETXF","NC5R8BPJXAVBATPA.JRTCKXETXF.6YS6EN2CT7","OnDemand","$0.00287 per GB of IA vector data searched in Asia Pacific (Singapore)","2026-07-01","0","Inf","GB","0.0028700000","USD",,,,"Amazon DynamoDB PayPerRequest Throughput","AmazonDynamoDB","Asia Pacific (Singapore)","AWS Region",,,,"APS1-IA-VectorSearch","","ap-southeast-1","Amazon DynamoDB",
"NCV36YXGBWXDYTH9","JRTCKXETXF","NCV36YXGBWXDYTH9.JRTCKXETXF.6YS6EN2CT7","OnDemand","$0.0009190 per hour for units of IA write capacity in Europe (Spain)","2026-07-01","0","Inf","WriteCapacityUnit-Hrs","0.0009190000","USD",,,,"Provisioned IOPS","AmazonDynamoDB","Europe (Spain)","AWS Region",,"DDB-WriteUnitsIA","DynamoDB Provisioned Write Units IA","EUS2-IA-WriteCapacityUnit-Hrs","CommittedThroughput","eu-south-2","Amazon DynamoDB",
"NEB9YPXPMVQSH79D","JRTCKXETXF","NEB9YPXPMVQSH79D.JRTCKXETXF.6YS6EN2CT7","OnDemand","$0.75 per million write request units inn AWS GovCloud (US)","2026-07-01","0","Inf","WriteRequestUnits","0.0000007500","USD",,,,"Amazon DynamoDB PayPerRequest Throughput","AmazonDynamoDB","AWS GovCloud (US-West)","AWS Region",,"DDB-WriteUnits","DynamoDB PayPerRequest Write Request Units","UGW1-WriteRequestUnits","PayPerRequestThroughput","us-gov-west-1","Amazon DynamoDB",
"NF4X2QKU7Y7QVY5C","JRTCKXETXF","NF4X2QKU7Y7QVY5C.JRTCKXETXF.G2A93NZ7DT","OnDemand","$0.00 per GB-Month of storage for first 25 free GB-Months","2026-07-01","0","25","GB-Mo","0.0000000000","USD",,,,"Database Storage","AmazonDynamoDB","Asia Pacific (Sydney)","AWS Region","Amazon DynamoDB - Indexed DataStore",,,"APS2-TimedStorage-ByteHrs","","ap-southeast-2","Amazon DynamoDB",
"NF4X2QKU7Y7QVY5C","JRTCKXETXF","NF4X2QKU7Y7QVY5C.JRTCKXETXF.VYAP54KATQ","OnDemand","$0.285 per GB-Month of storage used beyond first 25 free GB-Months","2026-07-01","25","Inf","GB-Mo","0.2850000000","USD",,,,"Database Storage","AmazonDynamoDB","Asia Pacific (Sydney)","AWS Region","Amazon DynamoDB - Indexed DataStore",,,"APS2-TimedStorage-ByteHrs","","ap-southeast-2","Amazon DynamoDB",
"NHXTWJTRJTKEAG9N","JRTCKXETXF","NHXTWJTRJTKEAG9N.JRTCKXETXF.6YS6EN2CT7","OnDemand","$0.10845 per million change data capture units for Kinesis Data Streams in Asia Pacific (Seoul)","2026-07-01","0","Inf","ChangeDataCaptureUnits","0.0000001085","USD",,,,,"AmazonDynamoDB","Asia Pacific (Seoul)","AWS Region",,"DDB-Kinesis","Change Data Capture Units for Kinesis Data Streams","APN2-ChangeDataCaptureUnits-Kinesis","DelegatedOperations","ap-northeast-2","Amazon DynamoDB",
"NK55AKMGKTK89SGA","JRTCKXETXF","NK55AKMGKTK89SGA.JRTCKXETXF.6YS6EN2CT7","OnDemand","$0.12240 per GB-Month of IA storage in EU (Frankfurt)","2026-07-01","0","Inf","GB-Mo","0.1224000000","USD",,,,"Database Storage","AmazonDynamoDB","EU (Frankfurt)","AWS Region","Amazon DynamoDB - Indexed DataStore - IA",,,"EUC1-IA-TimedStorage-ByteHrs","","eu-central-1","Amazon DynamoDB",
"NQSE7TP5YHAWU5Z5","JRTCKXETXF","NQSE7TP5YHAWU5Z5.JRTCKXETXF.6YS6EN2CT7","OnDemand","$0.61568 per GB of vector write requests in EU (Milan)","2026-07-01","0","Inf","GB","0.6156800000","USD",,,,"Amazon DynamoDB PayPerRequest Throughput","AmazonDynamoDB","EU (Milan)","AWS Region",,,,"EUS1-VectorWriteRequest","","eu-south-1","Amazon DynamoDB","Standard"
"NRUGUDS5S54HT9VS","JRTCKXETXF","NRUGUDS5S54HT9VS.JRTCKXETXF.HBHVWY47CM","OnDemand","$0 per hour for 25 units of DynamoDB Provisioned Read Capacity Units in Asia Pacific (Taipei)","2026-07-01","0","18600","ReadCapacityUnit-Hrs","0.0000000000","USD",,,,"Provisioned IOPS","AmazonDynamoDB","Asia Pacific (Taipei)","AWS Region",,"DDB-ReadUnits","DynamoDB Provisioned Read Units","APE2-ReadCapacityUnit-Hrs","CommittedThroughput","ap-east-2","Amazon DynamoDB",
"NRUGUDS5S54HT9VS","JRTCKXETXF","NRUGUDS5S54HT9VS.JRTCKXETXF.E63J5HTPNN","OnDemand","$0.00013356 per hour beyond the free tier for DynamoDB Provisioned Read Capacity Units in Asia Pacific (Taipei)","2026-07-01","18600","Inf","ReadCapacityUnit-Hrs","0.0001335600","USD",,,,"Provisioned IOPS","AmazonDynamoDB","Asia Pacific (Taipei)","AWS Region",,"DDB-ReadUnits","DynamoDB Provisioned Read Units","APE2-ReadCapacityUnit-Hrs","CommittedThroughput","ap-east-2","Amazon DynamoDB",
"NRUGUDS5S54HT9VS","YTVHEVGPBZ","NRUGUDS5S54HT9VS.YTVHEVGPBZ.6YS6EN2CT7","Reserved","Amazon DynamoDB, Reserved Read Capacity used this month","2026-08-04","0","Inf","ReadCapacityUnit-Hrs","0.0000260000","USD","1yr","Heavy Utilization","standard","Provisioned IOPS","AmazonDynamoDB","Asia Pacific (Taipei)","AWS Region",,"DDB-ReadUnits","DynamoDB Provisioned Read Units","APE2-ReadCapacityUnit-Hrs","CommittedThroughput","ap-east-2","Amazon DynamoDB",
"NRUGUDS5S54HT9VS","YTVHEVGPBZ","NRUGUDS5S54HT9VS.YTVHEVGPBZ.2TG2D8R56U","Reserved","Upfront Fee","2026-08-04",,,"Quantity","0.3078","USD","1yr","Heavy Utilization","standard","Provisioned IOPS","AmazonDynamoDB","Asia Pacific (Taipei)","AWS Region",,"DDB-ReadUnits","DynamoDB Provisioned Read Units","APE2-ReadCapacityUnit-Hrs","CommittedThroughput","ap-east-2","Amazon DynamoDB",
"NRWMQJGAQMWR998B","JRTCKXETXF","NRWMQJGAQMWR998B.JRTCKXETXF.HBHVWY47CM","OnDemand","$0.0 per ReadCapacityUnit-Hrs in Israel (Tel Aviv)","2026-07-01","0","18600","ReadCapacityUnit-Hrs","0.0000000000","USD",,,,"Provisioned IOPS","AmazonDynamoDB","Israel (Tel Aviv)","AWS Region",,"DDB-ReadUnits","DynamoDB Provisioned Read Units","ILC1-ReadCapacityUnit-Hrs","CommittedThroughput","il-central-1","Amazon DynamoDB",
"NRWMQJGAQMWR998B","JRTCKXETXF","NRWMQJGAQMWR998B.JRTCKXETXF.E63J5HTPNN","OnDemand","$0.0001764 per ReadCapacityUnit-Hrs in Israel (Tel Aviv)","2026-07-01","18600","Inf","ReadCapacityUnit-Hrs","0.0001764000","USD",,,,"Provisioned IOPS","AmazonDynamoDB","Israel (Tel Aviv)","AWS Region",,"DDB-ReadUnits","DynamoDB Provisioned Read Units","ILC1-ReadCapacityUnit-Hrs","CommittedThroughput","il-central-1","Amazon DynamoDB",
"NRWMQJGAQMWR998B","YTVHEVGPBZ","NRWMQJGAQMWR998B.YTVHEVGPBZ.6YS6EN2CT7","Reserved","Amazon DynamoDB, Reserved Read Capacity used this month","2026-08-04","0","Inf","ReadCapacityUnit-Hrs","0.0000350000","USD","1yr","Heavy Utilization","standard","Provisioned IOPS","AmazonDynamoDB","Israel (Tel Aviv)","AWS Region",,"DDB-ReadUnits","DynamoDB Provisioned Read Units","ILC1-ReadCapacityUnit-Hrs","CommittedThroughput","il-central-1","Amazon DynamoDB",
"NRWMQJGAQMWR998B","YTVHEVGPBZ","NRWMQJGAQMWR998B.YTVHEVGPBZ.2TG2D8R56U","Reserved","Upfront Fee","2026-08-04",,,"Quantity","0.4068","USD","1yr","Heavy Utilization","standard","Provisioned IOPS","AmazonDynamoDB","Israel (Tel Aviv)","AWS Region",,"DDB-ReadUnits","DynamoDB Provisioned Read Units","ILC1-ReadCapacityUnit-Hrs","CommittedThroughput","il-central-1","Amazon DynamoDB",
"NS3M59KZMTPT7BTY","JRTCKXETXF","NS3M59KZMTPT7BTY.JRTCKXETXF.6YS6EN2CT7","OnDemand","$0.11308 per million change data capture units for AWS Glue Elastic Views in EU (Ireland)","2026-07-01","0","Inf","ChangeDataCaptureUnits","0.0000001131","USD",,,,,"AmazonDynamoDB","EU (Ireland)","AWS Region",,"DDB-ElasticViews","Change Data Capture Units for AWS Glue Elastic Views","EU-ChangeDataCaptureUnits-ElasticViews","DelegatedOperations","eu-west-1","Amazon DynamoDB",
"NX8S8DYTPUTQ9B7Y","JRTCKXETXF","NX8S8DYTPUTQ9B7Y.JRTCKXETXF.6YS6EN2CT7","OnDemand","$0.725 per GB of IA vector write requests in US West (N. California)","2026-07-01","0","Inf","GB","0.7250000000","USD",,,,"Amazon DynamoDB PayPerRequest Throughput","AmazonDynamoDB","US West (N. California)","AWS Region",,,,"USW1-IA-VectorWriteRequest","","us-west-1","Amazon DynamoDB",
"NYJMEFF8F8AM3VS8","JRTCKXETXF","NYJMEFF8F8AM3VS8.JRTCKXETXF.6YS6EN2CT7","OnDemand","$0.0001855 per hour for units of IA read capacity in Asia Pacific (Tokyo)","2026-07-01","0","Inf","ReadCapacityUnit-Hrs","0.0001855000","USD",,,,"Provisioned IOPS","AmazonDynamoDB","Asia Pacific (Tokyo)","AWS Region",,"DDB-ReadUnitsIA","DynamoDB Provisioned Read Units IA","APN1-IA-ReadCapacityUnit-Hrs","CommittedThroughput","ap-northeast-1","Amazon DynamoDB",
"NZ66EMFUXA9Q8VMN","JRTCKXETXF","NZ66EMFUXA9Q8VMN.JRTCKXETXF.6YS6EN2CT7","OnDemand","$0.177 per million IA read request units in EU (Ireland)","2026-07-01","0","Inf","ReadRequestUnits","0.0000001770","USD",,,,"Amazon DynamoDB PayPerRequest Throughput","AmazonDynamoDB","EU (Ireland)","AWS Region",,"DDB-ReadUnitsIA","DynamoDB PayPerRequest Read Request Units IA","EU-IA-ReadRequestUnits","PayPerRequestThroughput","eu-west-1","Amazon DynamoDB",
"NZJH4MZ94TTH9AGY","JRTCKXETXF","NZJH4MZ94TTH9AGY.JRTCKXETXF.6YS6EN2CT7","OnDemand","$1.05 per million ReplicatedWriteRequestUnits for IA in Africa (Cape Town)","2026-07-01","0","Inf","ReplicatedWriteRequestUnits","0.0000010500","USD",,,,"Amazon DynamoDB PayPerRequest Throughput","AmazonDynamoDB","Africa (Cape Town)","AWS Region",,"DDB-ReplicatedWriteUnitsIA","DynamoDB PayPerRequest Replicated Write Request Units IA","AFS1-IA-ReplWriteRequestUnits","PayPerRequestThroughput","af-south-1","Amazon DynamoDB",
"P2DA67RZUH6SXRMU","JRTCKXETXF","P2DA67RZUH6SXRMU.JRTCKXETXF.6YS6EN2CT7","OnDemand","$0.624 per GB of vector write requests in AWS GovCloud (US-East)","2026-07-01","0","Inf","GB","0.6240000000","USD",,,,"Amazon DynamoDB PayPerRequest Throughput","AmazonDynamoDB","AWS GovCloud (US-East)","AWS Region",,,,"UGE1-VectorWriteRequest","","us-gov-east-1","Amazon DynamoDB","Standard"
"P3825UR44WMSHNMK","JRTCKXETXF","P3825UR44WMSHNMK.JRTCKXETXF.6YS6EN2CT7","OnDemand","$0.1224 per GB-Month of storage used for on-demand backup","2026-07-01","0","Inf","GB-Month","0.1224000000","USD",,,,"Amazon DynamoDB On-Demand Backup Storage","AmazonDynamoDB","EU (Frankfurt)","AWS Region","Amazon DynamoDB - On-Demand Backup Storage",,,"EUC1-TimedBackupStorage-ByteHrs","","eu-central-1","Amazon DynamoDB",
"P3KYCF2VMPRHBFRM","JRTCKXETXF","P3KYCF2VMPRHBFRM.JRTCKXETXF.6YS6EN2CT7","OnDemand","$0.00093 per hour for units of IA replicated write capacity in Asia Pacific (Hyderabad)","2026-07-01","0","Inf","ReplicatedWriteCapacityUnit-Hrs","0.0009300000","USD",,,,"DDB-Operation-ReplicatedWrite","AmazonDynamoDB","Asia Pacific (Hyderabad)","AWS Region",,"DDB-ReplicatedWriteUnitsIA","DynamoDB Provisioned Replicated Write Units IA","APS5-IA-ReplWriteCapacityUnit-Hrs","CommittedThroughput","ap-south-2","Amazon DynamoDB",
"P5DSUWV6TMTFWPNC","JRTCKXETXF","P5DSUWV6TMTFWPNC.JRTCKXETXF.6YS6EN2CT7","OnDemand","$0.114 per GB-Month of storage used for on-demand backup in Asia Pacific (Jakarta)","2026-07-01","0","Inf","GB-Month","0.1140000000","USD",,,,"Amazon DynamoDB On-Demand Backup Storage","AmazonDynamoDB","Asia Pacific (Jakarta)","AWS Region","Amazon DynamoDB - On-Demand Backup Storage",,,"APS4-TimedBackupStorage-ByteHrs","","ap-southeast-3","Amazon DynamoDB",
"P64XM9EPT2X4B8GC","JRTCKXETXF","P64XM9EPT2X4B8GC.JRTCKXETXF.6YS6EN2CT7","OnDemand","$0.7423 per million replicated write request units Europe West 2","2026-07-01","0","Inf","ReplicatedWriteRequestUnits","0.0000007423","USD",,,,"Amazon DynamoDB PayPerRequest Throughput","AmazonDynamoDB","EU (London)","AWS Region",,"DDB-ReplicatedWriteUnits","DynamoDB PayPerRequest Replicated Write Request Units","EUW2-ReplWriteRequestUnits","PayPerRequestThroughput","eu-west-2","Amazon DynamoDB",
"P78W966CQC6VR7DD","JRTCKXETXF","P78W966CQC6VR7DD.JRTCKXETXF.6YS6EN2CT7","OnDemand","$0.0009300 per hour for units of IA write capacity in Asia Pacific (Mumbai)","2026-07-01","0","Inf","WriteCapacityUnit-Hrs","0.0009300000","USD",,,,"Provisioned IOPS","AmazonDynamoDB","Asia Pacific (Mumbai)","AWS Region",,"DDB-WriteUnitsIA","DynamoDB Provisioned Write Units IA","APS3-IA-WriteCapacityUnit-Hrs","CommittedThroughput","ap-south-1","Amazon DynamoDB",
"P7CSCRKZN8P5MR8C","JRTCKXETXF","P7CSCRKZN8P5MR8C.JRTCKXETXF.6YS6EN2CT7","OnDemand","$0.0001600 per hour for units of IA read capacity in US East (N. Virginia)","2026-07-01","0","Inf","ReadCapacityUnit-Hrs","0.0001600000","USD",,,,"Provisioned IOPS","AmazonDynamoDB","US East (N. Virginia)","AWS Region",,"DDB-ReadUnitsIA","DynamoDB Provisioned Read Units IA","IA-ReadCapacityUnit-Hrs","CommittedThroughput","us-east-1","Amazon DynamoDB",
"P86ZCVDAJG4CQCS9","JRTCKXETXF","P86ZCVDAJG4CQCS9.JRTCKXETXF.6YS6EN2CT7","OnDemand","$0.00217 per GB of vector data searched in Asia Pacific (Seoul)","2026-07-01","0","Inf","GB","0.0021700000","USD",,,,"Amazon DynamoDB PayPerRequest Throughput","AmazonDynamoDB","Asia Pacific (Seoul)","AWS Region",,,,"APN2-VectorSearch","","ap-northeast-2","Amazon DynamoDB","Standard"
"P93X3G5BVPQ4SDHE","JRTCKXETXF","P93X3G5BVPQ4SDHE.JRTCKXETXF.6YS6EN2CT7","OnDemand","$0.15 per GB of data restored","2026-07-01","0","Inf","GB","0.1500000000","USD",,,,"Amazon DynamoDB Restore Data Size","AmazonDynamoDB","US West (Oregon)","AWS Region","Amazon DynamoDB - Backup Restore Size",,,"USW2-RestoreDataSize-Bytes","","us-west-2","Amazon DynamoDB",
"P967BFDK38C949DQ","JRTCKXETXF","P967BFDK38C949DQ.JRTCKXETXF.6YS6EN2CT7","OnDemand","$0.1425 per million read request units in Asia Pacific (Osaka)","2026-07-01","0","Inf","ReadRequestUnits","0.0000001425","USD",,,,"Amazon DynamoDB PayPerRequest Throughput","AmazonDynamoDB","Asia Pacific (Osaka)","AWS Region",,"DDB-ReadUnits","DynamoDB PayPerRequest Read Request Units","APN3-ReadRequestUnits","PayPerRequestThroughput","ap-northeast-3","Amazon DynamoDB",
"P9C68H7XWB55WVNY","JRTCKXETXF","P9C68H7XWB55WVNY.JRTCKXETXF.G2A93NZ7DT","OnDemand","$0.00 per GB-Month of storage for first 25 free GB-Months in Europe (Zurich)","2026-07-01","0","25","GB-Mo","0.0000000000","USD",,,,"Database Storage","AmazonDynamoDB","Europe (Zurich)","AWS Region","Amazon DynamoDB - Indexed DataStore",,,"EUC2-TimedStorage-ByteHrs","","eu-central-2","Amazon DynamoDB",
"P9C68H7XWB55WVNY","JRTCKXETXF","P9C68H7XWB55WVNY.JRTCKXETXF.VYAP54KATQ","OnDemand","$0.3366 per GB-Month of storage used beyond first 25 free GB-Months in Europe (Zurich)","2026-07-01","25","Inf","GB-Mo","0.3366000000","USD",,,,"Database Storage","AmazonDynamoDB","Europe (Zurich)","AWS Region","Amazon DynamoDB - Indexed DataStore",,,"EUC2-TimedStorage-ByteHrs","","eu-central-2","Amazon DynamoDB",
"PAGTB5QJBHF46T39","JRTCKXETXF","PAGTB5QJBHF46T39.JRTCKXETXF.6YS6EN2CT7","OnDemand","$0.89 per million replicated IA write request units in Asia Pacific (Mumbai)","2026-07-01","0","Inf","ReplicatedWriteRequestUnits","0.0000008900","USD",,,,"Amazon DynamoDB PayPerRequest Throughput","AmazonDynamoDB","Asia Pacific (Mumbai)","AWS Region",,"DDB-ReplicatedWriteUnitsIA","DynamoDB PayPerRequest Replicated Write Request Units IA","APS3-IA-ReplWriteRequestUnits","PayPerRequestThroughput","ap-south-1","Amazon DynamoDB",
"PAP6M9P6V26C3HVT","JRTCKXETXF","PAP6M9P6V26C3HVT.JRTCKXETXF.6YS6EN2CT7","OnDemand","$0.819 per million DynamoDB IA Write Request Units in Mexico (Central)","2026-07-01","0","Inf","WriteRequestUnits","0.0000008190","USD",,,,"Amazon DynamoDB PayPerRequest Throughput","AmazonDynamoDB","Mexico (Central)","AWS Region",,"DDB-WriteUnitsIA","DynamoDB PayPerRequest Write Request Units IA","MXC1-IA-WriteRequestUnits","PayPerRequestThroughput","mx-central-1","Amazon DynamoDB",
"PB5RUHHH4NWP57QF","JRTCKXETXF","PB5RUHHH4NWP57QF.JRTCKXETXF.6YS6EN2CT7","OnDemand","$0.71 per million replicated write request units (Asia Pacific (Singapore))","2026-07-01","0","Inf","ReplicatedWriteRequestUnits","0.0000007100","USD",,,,"Amazon DynamoDB PayPerRequest Throughput","AmazonDynamoDB","Asia Pacific (Singapore)","AWS Region",,"DDB-ReplicatedWriteUnits","DynamoDB PayPerRequest Replicated Write Request Units","APS1-ReplWriteRequestUnits","PayPerRequestThroughput","ap-southeast-1","Amazon DynamoDB",
"PB96YQY5TNF9WD3H","JRTCKXETXF","PB96YQY5TNF9WD3H.JRTCKXETXF.6YS6EN2CT7","OnDemand","$0.000894 per ReplicatedWriteCapacityUnit-Hrs for IA in Canada West (Calgary)","2026-07-01","0","Inf","ReplicatedWriteCapacityUnit-Hrs","0.0008940000","USD",,,,"DDB-Operation-ReplicatedWrite","AmazonDynamoDB","Canada West (Calgary)","AWS Region",,"DDB-ReplicatedWriteUnitsIA","DynamoDB Provisioned Replicated Write Units IA","CAN2-IA-ReplWriteCapacityUnit-Hrs","CommittedThroughput","ca-west-1","Amazon DynamoDB",
"PBPPKY6V3BGJB3R7","JRTCKXETXF","PBPPKY6V3BGJB3R7.JRTCKXETXF.6YS6EN2CT7","OnDemand","$0.1120 per GB of incremental data exported in US West (N. California)","2026-07-01","0","Inf","GB","0.1120000000","USD",,,,"Amazon DynamoDB Export Data Size","AmazonDynamoDB","US West (N. California)","AWS Region","Amazon DynamoDB - Incremental Export",,,"USW1-IncrementalExportDataSize-Bytes","","us-west-1","Amazon DynamoDB",
"PC4ASE3F4WZ7TWAR","JRTCKXETXF","PC4ASE3F4WZ7TWAR.JRTCKXETXF.6YS6EN2CT7","OnDemand","$0.74167 per GB of IA vector write requests in Asia Pacific (Singapore)","2026-07-01","0","Inf","GB","0.7416700000","USD",,,,"Amazon DynamoDB PayPerRequest Throughput","AmazonDynamoDB","Asia Pacific (Singapore)","AWS Region",,,,"APS1-IA-VectorWriteRequest","","ap-southeast-1","Amazon DynamoDB",
"PDYHN28C743R84H6","JRTCKXETXF","PDYHN28C743R84H6.JRTCKXETXF.6YS6EN2CT7","OnDemand","$0.00228 per GB of vector data searched in Asia Pacific (Mumbai)","2026-07-01","0","Inf","GB","0.0022800000","USD",,,,"Amazon DynamoDB PayPerRequest Throughput","AmazonDynamoDB","Asia Pacific (Mumbai)","AWS Region",,,,"APS3-VectorSearch","","ap-south-1","Amazon DynamoDB","Standard"
"PE2D3GDMNZ3428X7","JRTCKXETXF","PE2D3GDMNZ3428X7.JRTCKXETXF.6YS6EN2CT7","OnDemand","$0.0008505 per hour for DynamoDB Provisioned IA Replicated Write Units in Mexico (Central)","2026-07-01","0","Inf","ReplicatedWriteCapacityUnit-Hrs","0.0008505000","USD",,,,"DDB-Operation-ReplicatedWrite","AmazonDynamoDB","Mexico (Central)","AWS Region",,"DDB-ReplicatedWriteUnitsIA","DynamoDB Provisioned Replicated Write Units IA","MXC1-IA-ReplWriteCapacityUnit-Hrs","CommittedThroughput","mx-central-1","Amazon DynamoDB",
"PEXUTYX7K2G95MSD","JRTCKXETXF","PEXUTYX7K2G95MSD.JRTCKXETXF.6YS6EN2CT7","OnDemand","$0.0009275 per hour for units of IA write capacity in Asia Pacific (Tokyo)","2026-07-01","0","Inf","WriteCapacityUnit-Hrs","0.0009275000","USD",,,,"Provisioned IOPS","AmazonDynamoDB","Asia Pacific (Tokyo)","AWS Region",,"DDB-WriteUnitsIA","DynamoDB Provisioned Write Units IA","APN1-IA-WriteCapacityUnit-Hrs","CommittedThroughput","ap-northeast-1","Amazon DynamoDB",
"PFCX92ZEA4T293U3","JRTCKXETXF","PFCX92ZEA4T293U3.JRTCKXETXF.6YS6EN2CT7","OnDemand","$0.178 per million IA read request units in Asia Pacific (Singapore)","2026-07-01","0","Inf","ReadRequestUnits","0.0000001780","USD",,,,"Amazon DynamoDB PayPerRequest Throughput","AmazonDynamoDB","Asia Pacific (Singapore)","AWS Region",,"DDB-ReadUnitsIA","DynamoDB PayPerRequest Read Request Units IA","APS1-IA-ReadRequestUnits","PayPerRequestThroughput","ap-southeast-1","Amazon DynamoDB",
"PFGTHAJHHDQGJ36H","JRTCKXETXF","PFGTHAJHHDQGJ36H.JRTCKXETXF.6YS6EN2CT7","OnDemand","$0.11 per GB-Month of storage used for on-demand backup in Europe (Spain)","2026-07-01","0","Inf","GB-Month","0.1100000000","USD",,,,"Amazon DynamoDB On-Demand Backup Storage","AmazonDynamoDB","Europe (Spain)","AWS Region","Amazon DynamoDB - On-Demand Backup Storage",,,"EUS2-TimedBackupStorage-ByteHrs","","eu-south-2","Amazon DynamoDB",
"PH26NTNUADM8STQJ","JRTCKXETXF","PH26NTNUADM8STQJ.JRTCKXETXF.6YS6EN2CT7","OnDemand","$0.171 per GB for data import in Asia Pacific (Jakarta)","2026-07-01","0","Inf","GB","0.1710000000","USD",,,,"Amazon DynamoDB Import Data Size","AmazonDynamoDB","Asia Pacific (Jakarta)","AWS Region","Amazon DynamoDB - Import Size",,,"APS4-ImportDataSize-Bytes","","ap-southeast-3","Amazon DynamoDB",
"PM9QE73AGC2H489Q","JRTCKXETXF","PM9QE73AGC2H489Q.JRTCKXETXF.6YS6EN2CT7","OnDemand","$0.1375 per million read request units (Canada (Central))","2026-07-01","0","Inf","ReadRequestUnits","0.0000001375","USD",,,,"Amazon DynamoDB PayPerRequest Throughput","AmazonDynamoDB","Canada (Central)","AWS Region",,"DDB-ReadUnits","DynamoDB PayPerRequest Read Request Units","CAN1-ReadRequestUnits","PayPerRequestThroughput","ca-central-1","Amazon DynamoDB",
"PMRRXXTRZYH8ZU96","JRTCKXETXF","PMRRXXTRZYH8ZU96.JRTCKXETXF.6YS6EN2CT7","OnDemand","$0.00093 per hour for units of IA replicated write capacity in Asia Pacific (Singapore)","2026-07-01","0","Inf","ReplicatedWriteCapacityUnit-Hrs","0.0009300000","USD",,,,"DDB-Operation-ReplicatedWrite","AmazonDynamoDB","Asia Pacific (Singapore)","AWS Region",,"DDB-ReplicatedWriteUnitsIA","DynamoDB Provisioned Replicated Write Units IA","APS1-IA-ReplWriteCapacityUnit-Hrs","CommittedThroughput","ap-southeast-1","Amazon DynamoDB",
"PPDKWPKVEXU6663K","JRTCKXETXF","PPDKWPKVEXU6663K.JRTCKXETXF.6YS6EN2CT7","OnDemand","$0.1500 per GB for data import in US West (Oregon)","2026-07-01","0","Inf","GB","0.1500000000","USD",,,,"Amazon DynamoDB Import Data Size","AmazonDynamoDB","US West (Oregon)","AWS Region","Amazon DynamoDB - Import Size",,,"USW2-ImportDataSize-Bytes","","us-west-2","Amazon DynamoDB",
"PQVM3BHHDB4JTP46","JRTCKXETXF","PQVM3BHHDB4JTP46.JRTCKXETXF.6YS6EN2CT7","OnDemand","$0.1575 per GB of data restored for Amazon DynamoDB in Mexico (Central)","2026-07-01","0","Inf","GB","0.1575000000","USD",,,,"Amazon DynamoDB Restore Data Size","AmazonDynamoDB","Mexico (Central)","AWS Region","Amazon DynamoDB - Backup Restore Size",,,"MXC1-RestoreDataSize-Bytes","","mx-central-1","Amazon DynamoDB",
"PR4YTJ23RPT3NMJ3","JRTCKXETXF","PR4YTJ23RPT3NMJ3.JRTCKXETXF.6YS6EN2CT7","OnDemand","$0.78125 per GB of IA vector write requests in AWS GovCloud (US-West)","2026-07-01","0","Inf","GB","0.7812500000","USD",,,,"Amazon DynamoDB PayPerRequest Throughput","AmazonDynamoDB","AWS GovCloud (US-West)","AWS Region",,,,"UGW1-IA-VectorWriteRequest","","us-gov-west-1","Amazon DynamoDB",
"PRBK95Q94GVJQFG7","JRTCKXETXF","PRBK95Q94GVJQFG7.JRTCKXETXF.6YS6EN2CT7","OnDemand","$0.1425 per million read request units in Asia Pacific (Jakarta)","2026-07-01","0","Inf","ReadRequestUnits","0.0000001425","USD",,,,"Amazon DynamoDB PayPerRequest Throughput","AmazonDynamoDB","Asia Pacific (Jakarta)","AWS Region",,"DDB-ReadUnits","DynamoDB PayPerRequest Read Request Units","APS4-ReadRequestUnits","PayPerRequestThroughput","ap-southeast-3","Amazon DynamoDB",
"PRY3C554GHSSYY2D","JRTCKXETXF","PRY3C554GHSSYY2D.JRTCKXETXF.6YS6EN2CT7","OnDemand","$0.1539  per GB for data import in Asia Pacific (Malaysia)","2026-07-01","0","Inf","GB","0.1539000000","USD",,,,"Amazon DynamoDB Import Data Size","AmazonDynamoDB","Asia Pacific (Malaysia)","AWS Region","Amazon DynamoDB - Import Size",,,"APS7-ImportDataSize-Bytes","","ap-southeast-5","Amazon DynamoDB",
"PSJ9RF3V2NJ2FK9P","JRTCKXETXF","PSJ9RF3V2NJ2FK9P.JRTCKXETXF.6YS6EN2CT7","OnDemand","$0.0001855 per hour for units of IA read capacity in Asia Pacific (Melbourne)","2026-07-01","0","Inf","ReadCapacityUnit-Hrs","0.0001855000","USD",,,,"Provisioned IOPS","AmazonDynamoDB","Asia Pacific (Melbourne)","AWS Region",,"DDB-ReadUnitsIA","DynamoDB Provisioned Read Units IA","APS6-IA-ReadCapacityUnit-Hrs","CommittedThroughput","ap-southeast-4","Amazon DynamoDB",
"PT5R87Y6K3WPNRYP","JRTCKXETXF","PT5R87Y6K3WPNRYP.JRTCKXETXF.6YS6EN2CT7","OnDemand","$0.2448 per GB-Month of storage used for DynamoDB PITR backup","2026-07-01","0","Inf","GB-Mo","0.2448000000","USD",,,,"Database Storage","AmazonDynamoDB","EU (Frankfurt)","AWS Region","Amazon DynamoDB - Point-In-Time-Restore (PITR) Backup Storage",,,"EUC1-TimedPITRStorage-ByteHrs","","eu-central-1","Amazon DynamoDB",
"PTQ2UAYPK5P5XNU4","JRTCKXETXF","PTQ2UAYPK5P5XNU4.JRTCKXETXF.6YS6EN2CT7","OnDemand","$0.114 per GB-Month of storage used for on-demand backup","2026-07-01","0","Inf","GB-Month","0.1140000000","USD",,,,"Amazon DynamoDB On-Demand Backup Storage","AmazonDynamoDB","Asia Pacific (Sydney)","AWS Region","Amazon DynamoDB - On-Demand Backup Storage",,,"APS2-TimedBackupStorage-ByteHrs","","ap-southeast-2","Amazon DynamoDB",
"PVPJJDNUBHWVFU8Y","JRTCKXETXF","PVPJJDNUBHWVFU8Y.JRTCKXETXF.6YS6EN2CT7","OnDemand","$0.11400 per GB of data exported in Asia Pacific (Osaka)","2026-07-01","0","Inf","GB","0.1140000000","USD",,,,"Amazon DynamoDB Export Data Size","AmazonDynamoDB","Asia Pacific (Osaka)","AWS Region","Amazon DynamoDB - Export Size",,,"APN3-ExportDataSize-Bytes","","ap-northeast-3","Amazon DynamoDB",
"PWQGSSFEP79Y4MCA","JRTCKXETXF","PWQGSSFEP79Y4MCA.JRTCKXETXF.6YS6EN2CT7","OnDemand","$0.168 per GB of data restored","2026-07-01","0","Inf","GB","0.1680000000","USD",,,,"Amazon DynamoDB Restore Data Size","AmazonDynamoDB","US West (N. California)","AWS Region","Amazon DynamoDB - Backup Restore Size",,,"USW1-RestoreDataSize-Bytes","","us-west-1","Amazon DynamoDB",
"PXBFP2K458J3N3JB","JRTCKXETXF","PXBFP2K458J3N3JB.JRTCKXETXF.6YS6EN2CT7","OnDemand","$0.87542 per GB of IA vector write requests in Europe (Zurich)","2026-07-01","0","Inf","GB","0.8754200000","USD",,,,"Amazon DynamoDB PayPerRequest Throughput","AmazonDynamoDB","Europe (Zurich)","AWS Region",,,,"EUC2-IA-VectorWriteRequest","","eu-central-2","Amazon DynamoDB",
"PYJXFZQE2CJG2K6R","JRTCKXETXF","PYJXFZQE2CJG2K6R.JRTCKXETXF.6YS6EN2CT7","OnDemand","$0.705 per million replicated write request units in Europe (Spain)","2026-07-01","0","Inf","ReplicatedWriteRequestUnits","0.0000007050","USD",,,,"Amazon DynamoDB PayPerRequest Throughput","AmazonDynamoDB","Europe (Spain)","AWS Region",,"DDB-ReplicatedWriteUnits","DynamoDB PayPerRequest Replicated Write Request Units","EUS2-ReplWriteRequestUnits","PayPerRequestThroughput","eu-south-2","Amazon DynamoDB",
"PZTVP859DVDCGT8X","JRTCKXETXF","PZTVP859DVDCGT8X.JRTCKXETXF.6YS6EN2CT7","OnDemand","$0.71 per million write request units (Asia Pacific (Singapore))","2026-07-01","0","Inf","WriteRequestUnits","0.0000007100","USD",,,,"Amazon DynamoDB PayPerRequest Throughput","AmazonDynamoDB","Asia Pacific (Singapore)","AWS Region",,"DDB-WriteUnits","DynamoDB PayPerRequest Write Request Units","APS1-WriteRequestUnits","PayPerRequestThroughput","ap-southeast-1","Amazon DynamoDB",
"Q3FU87A5H26W22YN","JRTCKXETXF","Q3FU87A5H26W22YN.JRTCKXETXF.6YS6EN2CT7","OnDemand","$0.132 per GB-Month for TimedBackupStorage-ByteHrs in Israel (Tel Aviv)","2026-07-01","0","Inf","GB-Month","0.1320000000","USD",,,,"Amazon DynamoDB On-Demand Backup Storage","AmazonDynamoDB","Israel (Tel Aviv)","AWS Region","Amazon DynamoDB - On-Demand Backup Storage",,,"ILC1-TimedBackupStorage-ByteHrs","","il-central-1","Amazon DynamoDB",
"Q3XQ3MAJSCDU56K8","JRTCKXETXF","Q3XQ3MAJSCDU56K8.JRTCKXETXF.HBHVWY47CM","OnDemand","$0.00 per hour for 25 units of read capacity for a month (free tier)","2026-07-01","0","18600","ReadCapacityUnit-Hrs","0.0000000000","USD",,,,"Provisioned IOPS","AmazonDynamoDB","US West (N. California)","AWS Region",,"DDB-ReadUnits","DynamoDB Provisioned Read Units","USW1-ReadCapacityUnit-Hrs","CommittedThroughput","us-west-1","Amazon DynamoDB",
"Q3XQ3MAJSCDU56K8","JRTCKXETXF","Q3XQ3MAJSCDU56K8.JRTCKXETXF.E63J5HTPNN","OnDemand","$0.000145 per hour for units of read capacity beyond the free tier","2026-07-01","18600","Inf","ReadCapacityUnit-Hrs","0.0001450000","USD",,,,"Provisioned IOPS","AmazonDynamoDB","US West (N. California)","AWS Region",,"DDB-ReadUnits","DynamoDB Provisioned Read Units","USW1-ReadCapacityUnit-Hrs","CommittedThroughput","us-west-1","Amazon DynamoDB",
"Q3XQ3MAJSCDU56K8","VG8YD49WWM","Q3XQ3MAJSCDU56K8.VG8YD49WWM.6YS6EN2CT7","Reserved","Amazon DynamoDB, Reserved Read Capacity used this month","2026-08-04","0","Inf","ReadCapacityUnit-Hrs","0.0000180000","USD","3yr","Heavy Utilization","standard","Provisioned IOPS","AmazonDynamoDB","US West (N. California)","AWS Region",,"DDB-ReadUnits","DynamoDB Provisioned Read Units","USW1-ReadCapacityUnit-Hrs","CommittedThroughput","us-west-1","Amazon DynamoDB",
"Q3XQ3MAJSCDU56K8","VG8YD49WWM","Q3XQ3MAJSCDU56K8.VG8YD49WWM.2TG2D8R56U","Reserved","Upfront Fee","2026-08-04",,,"Quantity","0.4032","USD","3yr","Heavy Utilization","standard","Provisioned IOPS","AmazonDynamoDB","US West (N. California)","AWS Region",,"DDB-ReadUnits","DynamoDB Provisioned Read Units","USW1-ReadCapacityUnit-Hrs","CommittedThroughput","us-west-1","Amazon DynamoDB",
"Q3XQ3MAJSCDU56K8","YTVHEVGPBZ","Q3XQ3MAJSCDU56K8.YTVHEVGPBZ.6YS6EN2CT7","Reserved","Amazon DynamoDB, Reserved Read Capacity used this month","2026-08-04","0","Inf","ReadCapacityUnit-Hrs","0.0000280000","USD","1yr","Heavy Utilization","standard","Provisioned IOPS","AmazonDynamoDB","US West (N. California)","AWS Region",,"DDB-ReadUnits","DynamoDB Provisioned Read Units","USW1-ReadCapacityUnit-Hrs","CommittedThroughput","us-west-1","Amazon DynamoDB",
"Q3XQ3MAJSCDU56K8","YTVHEVGPBZ","Q3XQ3MAJSCDU56K8.YTVHEVGPBZ.2TG2D8R56U","Reserved","Upfront Fee","2026-08-04",,,"Quantity","0.336","USD","1yr","Heavy Utilization","standard","Provisioned IOPS","AmazonDynamoDB","US West (N. California)","AWS Region",,"DDB-ReadUnits","DynamoDB Provisioned Read Units","USW1-ReadCapacityUnit-Hrs","CommittedThroughput","us-west-1","Amazon DynamoDB",
"Q4WPTRYZTFZK3TVR","JRTCKXETXF","Q4WPTRYZTFZK3TVR.JRTCKXETXF.6YS6EN2CT7","OnDemand","$0.13464 per GB of data exported in Europe (Zurich)","2026-07-01","0","Inf","GB","0.1346400000","USD",,,,"Amazon DynamoDB Export Data Size","AmazonDynamoDB","Europe (Zurich)","AWS Region","Amazon DynamoDB - Export Size",,,"EUC2-ExportDataSize-Bytes","","eu-central-2","Amazon DynamoDB",
"Q5UBG7UUKU2DGAJK","JRTCKXETXF","Q5UBG7UUKU2DGAJK.JRTCKXETXF.6YS6EN2CT7","OnDemand","$0.17 per GB of data restored","2026-07-01","0","Inf","GB","0.1700000000","USD",,,,"Amazon DynamoDB Restore Data Size","AmazonDynamoDB","EU (Ireland)","AWS Region","Amazon DynamoDB - Backup Restore Size",,,"EU-RestoreDataSize-Bytes","","eu-west-1","Amazon DynamoDB",
"Q65SMP57N5EXMPDC","JRTCKXETXF","Q65SMP57N5EXMPDC.JRTCKXETXF.6YS6EN2CT7","OnDemand","USD 0.24 per GB-Mo for TimedPITRStorage-ByteHrs in AWS GovCloud (US)","2026-07-01","0","Inf","GB-Mo","0.2400000000","USD",,,,"Database Storage","AmazonDynamoDB","AWS GovCloud (US-East)","AWS Region","Amazon DynamoDB - Point-In-Time-Restore (PITR) Backup Storage",,,"UGE1-TimedPITRStorage-ByteHrs","","us-gov-east-1","Amazon DynamoDB",
"Q6STU92DVAX3JUFD","JRTCKXETXF","Q6STU92DVAX3JUFD.JRTCKXETXF.6YS6EN2CT7","OnDemand","$0.8005 per million DynamoDB IA Write Request Units in Asia Pacific (Thailand)","2026-07-01","0","Inf","WriteRequestUnits","0.0000008005","USD",,,,"Amazon DynamoDB PayPerRequest Throughput","AmazonDynamoDB","Asia Pacific (Thailand)","AWS Region",,"DDB-WriteUnitsIA","DynamoDB PayPerRequest Write Request Units IA","APS9-IA-WriteRequestUnits","PayPerRequestThroughput","ap-southeast-7","Amazon DynamoDB",
"Q867VMXP4SE7EZQV","JRTCKXETXF","Q867VMXP4SE7EZQV.JRTCKXETXF.6YS6EN2CT7","OnDemand","$0.00299 per GB of IA vector data searched in EU (London)","2026-07-01","0","Inf","GB","0.0029900000","USD",,,,"Amazon DynamoDB PayPerRequest Throughput","AmazonDynamoDB","EU (London)","AWS Region",,,,"EUW2-IA-VectorSearch","","eu-west-2","Amazon DynamoDB",
"Q86XNWA9JH6ZSBRZ","JRTCKXETXF","Q86XNWA9JH6ZSBRZ.JRTCKXETXF.6YS6EN2CT7","OnDemand","$0.0009280 per hour for units of IA write capacity in Asia Pacific (Osaka)","2026-07-01","0","Inf","WriteCapacityUnit-Hrs","0.0009280000","USD",,,,"Provisioned IOPS","AmazonDynamoDB","Asia Pacific (Osaka)","AWS Region",,"DDB-WriteUnitsIA","DynamoDB Provisioned Write Units IA","APN3-IA-WriteCapacityUnit-Hrs","CommittedThroughput","ap-northeast-3","Amazon DynamoDB",
"Q87Z7CDJDY8E2GF9","JRTCKXETXF","Q87Z7CDJDY8E2GF9.JRTCKXETXF.6YS6EN2CT7","OnDemand","$0.00078 per hour for units of write capacity","2026-07-01","0","Inf","WriteCapacityUnit-Hrs","0.0007800000","USD",,,,"Provisioned IOPS","AmazonDynamoDB","AWS GovCloud (US-West)","AWS Region",,"DDB-WriteUnits","DynamoDB Provisioned Write Units","UGW1-WriteCapacityUnit-Hrs","CommittedThroughput","us-gov-west-1","Amazon DynamoDB",
"Q87Z7CDJDY8E2GF9","VG8YD49WWM","Q87Z7CDJDY8E2GF9.VG8YD49WWM.6YS6EN2CT7","Reserved","Amazon DynamoDB, Reserved Write Capacity used this month","2026-08-04","0","Inf","WriteCapacityUnit-Hrs","0.0000970000","USD","3yr","Heavy Utilization","standard","Provisioned IOPS","AmazonDynamoDB","AWS GovCloud (US-West)","AWS Region",,"DDB-WriteUnits","DynamoDB Provisioned Write Units","UGW1-WriteCapacityUnit-Hrs","CommittedThroughput","us-gov-west-1","Amazon DynamoDB",
"Q87Z7CDJDY8E2GF9","VG8YD49WWM","Q87Z7CDJDY8E2GF9.VG8YD49WWM.2TG2D8R56U","Reserved","Upfront Fee","2026-08-04",,,"Quantity","2.16","USD","3yr","Heavy Utilization","standard","Provisioned IOPS","AmazonDynamoDB","AWS GovCloud (US-West)","AWS Region",,"DDB-WriteUnits","DynamoDB Provisioned Write Units","UGW1-WriteCapacityUnit-Hrs","CommittedThroughput","us-gov-west-1","Amazon DynamoDB",
"Q87Z7CDJDY8E2GF9","YTVHEVGPBZ","Q87Z7CDJDY8E2GF9.YTVHEVGPBZ.6YS6EN2CT7","Reserved","Amazon DynamoDB, Reserved Write Capacity used this month","2026-08-04","0","Inf","WriteCapacityUnit-Hrs","0.0001220000","USD","1yr","Heavy Utilization","standard","Provisioned IOPS","AmazonDynamoDB","AWS GovCloud (US-West)","AWS Region",,"DDB-WriteUnits","DynamoDB Provisioned Write Units","UGW1-WriteCapacityUnit-Hrs","CommittedThroughput","us-gov-west-1","Amazon DynamoDB",
"Q87Z7CDJDY8E2GF9","YTVHEVGPBZ","Q87Z7CDJDY8E2GF9.YTVHEVGPBZ.2TG2D8R56U","Reserved","Upfront Fee","2026-08-04",,,"Quantity","1.8","USD","1yr","Heavy Utilization","standard","Provisioned IOPS","AmazonDynamoDB","AWS GovCloud (US-West)","AWS Region",,"DDB-WriteUnits","DynamoDB Provisioned Write Units","UGW1-WriteCapacityUnit-Hrs","CommittedThroughput","us-gov-west-1","Amazon DynamoDB",
"Q87ZDHHJ39SD578X","JRTCKXETXF","Q87ZDHHJ39SD578X.JRTCKXETXF.HBHVWY47CM","OnDemand","$0.00 per hour for 25 units of read capacity for a month (free tier) in Asia Pacific (Malaysia)","2026-07-01","0","18600","ReadCapacityUnit-Hrs","0.0000000000","USD",,,,"Provisioned IOPS","AmazonDynamoDB","Asia Pacific (Malaysia)","AWS Region",,"DDB-ReadUnits","DynamoDB Provisioned Read Units","APS7-ReadCapacityUnit-Hrs","CommittedThroughput","ap-southeast-5","Amazon DynamoDB",
"Q87ZDHHJ39SD578X","JRTCKXETXF","Q87ZDHHJ39SD578X.JRTCKXETXF.E63J5HTPNN","OnDemand","$0.0001332 per hour for units of read capacity beyond the free tier in Asia Pacific (Malaysia)","2026-07-01","18600","Inf","ReadCapacityUnit-Hrs","0.0001332000","USD",,,,"Provisioned IOPS","AmazonDynamoDB","Asia Pacific (Malaysia)","AWS Region",,"DDB-ReadUnits","DynamoDB Provisioned Read Units","APS7-ReadCapacityUnit-Hrs","CommittedThroughput","ap-southeast-5","Amazon DynamoDB",
"Q87ZDHHJ39SD578X","YTVHEVGPBZ","Q87ZDHHJ39SD578X.YTVHEVGPBZ.6YS6EN2CT7","Reserved","Amazon DynamoDB, Reserved Read Capacity used this month","2026-08-04","0","Inf","ReadCapacityUnit-Hrs","0.0000260000","USD","1yr","Heavy Utilization","standard","Provisioned IOPS","AmazonDynamoDB","Asia Pacific (Malaysia)","AWS Region",,"DDB-ReadUnits","DynamoDB Provisioned Read Units","APS7-ReadCapacityUnit-Hrs","CommittedThroughput","ap-southeast-5","Amazon DynamoDB",
"Q87ZDHHJ39SD578X","YTVHEVGPBZ","Q87ZDHHJ39SD578X.YTVHEVGPBZ.2TG2D8R56U","Reserved","Upfront Fee","2026-08-04",,,"Quantity","0.3078","USD","1yr","Heavy Utilization","standard","Provisioned IOPS","AmazonDynamoDB","Asia Pacific (Malaysia)","AWS Region",,"DDB-ReadUnits","DynamoDB Provisioned Read Units","APS7-ReadCapacityUnit-Hrs","CommittedThroughput","ap-southeast-5","Amazon DynamoDB",
"QA88DMZ4UR8DQ8ER","JRTCKXETXF","QA88DMZ4UR8DQ8ER.JRTCKXETXF.6YS6EN2CT7","OnDemand","$0.00238 per GB of vector data searched in EU (Paris)","2026-07-01","0","Inf","GB","0.0023800000","USD",,,,"Amazon DynamoDB PayPerRequest Throughput","AmazonDynamoDB","EU (Paris)","AWS Region",,,,"EUW3-VectorSearch","","eu-west-3","Amazon DynamoDB","Standard"
"QD62VUJNY4H7RYAG","JRTCKXETXF","QD62VUJNY4H7RYAG.JRTCKXETXF.6YS6EN2CT7","OnDemand","USD 0.171 per GB for RestoreDataSize-Bytes in Asia Pacific (Osaka)","2026-07-01","0","Inf","GB","0.1710000000","USD",,,,"Amazon DynamoDB Restore Data Size","AmazonDynamoDB","Asia Pacific (Osaka)","AWS Region","Amazon DynamoDB - Backup Restore Size",,,"APN3-RestoreDataSize-Bytes","","ap-northeast-3","Amazon DynamoDB",
"QDK9KV8MHQ6GJP3P","JRTCKXETXF","QDK9KV8MHQ6GJP3P.JRTCKXETXF.6YS6EN2CT7","OnDemand","USD 0.21 per GB-Mo for TimedPITRStorage-ByteHrs in EU (Stockholm)","2026-07-01","0","Inf","GB-Mo","0.2100000000","USD",,,,"Database Storage","AmazonDynamoDB","EU (Stockholm)","AWS Region","Amazon DynamoDB - Point-In-Time-Restore (PITR) Backup Storage",,,"EUN1-TimedPITRStorage-ByteHrs","","eu-north-1","Amazon DynamoDB",
"QENR6PH8T6ETTDHT","JRTCKXETXF","QENR6PH8T6ETTDHT.JRTCKXETXF.6YS6EN2CT7","OnDemand","$0.10 per GB-Month of storage used for on-demand backup","2026-07-01","0","Inf","GB-Month","0.1000000000","USD",,,,"Amazon DynamoDB On-Demand Backup Storage","AmazonDynamoDB","US East (Ohio)","AWS Region","Amazon DynamoDB - On-Demand Backup Storage",,,"USE2-TimedBackupStorage-ByteHrs","","us-east-2","Amazon DynamoDB",
"QESHJASF9PDT3UGY","JRTCKXETXF","QESHJASF9PDT3UGY.JRTCKXETXF.6YS6EN2CT7","OnDemand","$0.52 per GB of vector write requests in US East (N. Virginia)","2026-07-01","0","Inf","GB","0.5200000000","USD",,,,"Amazon DynamoDB PayPerRequest Throughput","AmazonDynamoDB","US East (N. Virginia)","AWS Region",,,,"USE1-VectorWriteRequest","","us-east-1","Amazon DynamoDB","Standard"
"QF9FHMHNW4ERH36T","JRTCKXETXF","QF9FHMHNW4ERH36T.JRTCKXETXF.6YS6EN2CT7","OnDemand","$0.0001600 per hour for units of IA read capacity in US East (Ohio)","2026-07-01","0","Inf","ReadCapacityUnit-Hrs","0.0001600000","USD",,,,"Provisioned IOPS","AmazonDynamoDB","US East (Ohio)","AWS Region",,"DDB-ReadUnitsIA","DynamoDB Provisioned Read Units IA","USE2-IA-ReadCapacityUnit-Hrs","CommittedThroughput","us-east-2","Amazon DynamoDB",
"QH6X4GEV2QK8V2FQ","JRTCKXETXF","QH6X4GEV2QK8V2FQ.JRTCKXETXF.6YS6EN2CT7","OnDemand","$1.05 per million IA write request units in Africa (Cape Town)","2026-07-01","0","Inf","WriteRequestUnits","0.0000010500","USD",,,,"Amazon DynamoDB PayPerRequest Throughput","AmazonDynamoDB","Africa (Cape Town)","AWS Region",,"DDB-WriteUnitsIA","DynamoDB PayPerRequest Write Request Units IA","AFS1-IA-WriteRequestUnits","PayPerRequestThroughput","af-south-1","Amazon DynamoDB",
"QJ4W7JBNGWDDM6MW","JRTCKXETXF","QJ4W7JBNGWDDM6MW.JRTCKXETXF.6YS6EN2CT7","OnDemand","$0.0022 per GB of vector data searched in Canada West (Calgary)","2026-07-01","0","Inf","GB","0.0022000000","USD",,,,"Amazon DynamoDB PayPerRequest Throughput","AmazonDynamoDB","Canada West (Calgary)","AWS Region",,,,"CAN2-VectorSearch","","ca-west-1","Amazon DynamoDB","Standard"
"QJJV8ZTJMEFSCTCN","JRTCKXETXF","QJJV8ZTJMEFSCTCN.JRTCKXETXF.6YS6EN2CT7","OnDemand","$0.0009647 per ReplicatedWriteCapacityUnit-Hrs for IA in Africa (Cape Town)","2026-07-01","0","Inf","ReplicatedWriteCapacityUnit-Hrs","0.0009647000","USD",,,,"DDB-Operation-ReplicatedWrite","AmazonDynamoDB","Africa (Cape Town)","AWS Region",,"DDB-ReplicatedWriteUnitsIA","DynamoDB Provisioned Replicated Write Units IA","AFS1-IA-ReplWriteCapacityUnit-Hrs","CommittedThroughput","af-south-1","Amazon DynamoDB",
"QM7WV2JADZJDV45W","JRTCKXETXF","QM7WV2JADZJDV45W.JRTCKXETXF.HBHVWY47CM","OnDemand","$0.00 per hour for 25 units of replicated write capacity for a month (free tier)","2026-07-01","0","18600","ReplicatedWriteCapacityUnit-Hrs","0.0000000000","USD",,,,"DDB-Operation-ReplicatedWrite","AmazonDynamoDB","US East (N. Virginia)","AWS Region",,"DDB-ReplicatedWriteUnits","DynamoDB Provisioned Replicated Write Units","ReplWriteCapacityUnit-Hrs","CommittedThroughput","us-east-1","Amazon DynamoDB",
"QM7WV2JADZJDV45W","JRTCKXETXF","QM7WV2JADZJDV45W.JRTCKXETXF.E63J5HTPNN","OnDemand","$0.00065 per hour for units of replicated write capacity beyond the free tier","2026-07-01","18600","Inf","ReplicatedWriteCapacityUnit-Hrs","0.0006500000","USD",,,,"DDB-Operation-ReplicatedWrite","AmazonDynamoDB","US East (N. Virginia)","AWS Region",,"DDB-ReplicatedWriteUnits","DynamoDB Provisioned Replicated Write Units","ReplWriteCapacityUnit-Hrs","CommittedThroughput","us-east-1","Amazon DynamoDB",
"QNEYTXBZ5GM5WGYZ","JRTCKXETXF","QNEYTXBZ5GM5WGYZ.JRTCKXETXF.6YS6EN2CT7","OnDemand","$0.885 per million replicated IA write request units in Europe (Spain)","2026-07-01","0","Inf","ReplicatedWriteRequestUnits","0.0000008850","USD",,,,"Amazon DynamoDB PayPerRequest Throughput","AmazonDynamoDB","Europe (Spain)","AWS Region",,"DDB-ReplicatedWriteUnitsIA","DynamoDB PayPerRequest Replicated Write Request Units IA","EUS2-IA-ReplWriteRequestUnits","PayPerRequestThroughput","eu-south-2","Amazon DynamoDB",
"QP632Z7PGF273EY8","JRTCKXETXF","QP632Z7PGF273EY8.JRTCKXETXF.6YS6EN2CT7","OnDemand","$0.6675 per GB of IA vector write requests in Asia Pacific (Taipei)","2026-07-01","0","Inf","GB","0.6675000000","USD",,,,"Amazon DynamoDB PayPerRequest Throughput","AmazonDynamoDB","Asia Pacific (Taipei)","AWS Region",,,,"APE2-IA-VectorWriteRequest","","ap-east-2","Amazon DynamoDB",
"QPX7GZUVG4YSFVDF","JRTCKXETXF","QPX7GZUVG4YSFVDF.JRTCKXETXF.6YS6EN2CT7","OnDemand","$1.06 per million write request units in Israel (Tel Aviv)","2026-07-01","0","Inf","WriteRequestUnits","0.0000010600","USD",,,,"Amazon DynamoDB PayPerRequest Throughput","AmazonDynamoDB","Israel (Tel Aviv)","AWS Region",,"DDB-WriteUnitsIA","DynamoDB PayPerRequest Write Request Units IA","ILC1-IA-WriteRequestUnits","PayPerRequestThroughput","il-central-1","Amazon DynamoDB",
"QQ68V9U5W2JK4285","JRTCKXETXF","QQ68V9U5W2JK4285.JRTCKXETXF.6YS6EN2CT7","OnDemand","$0.12200 per million change data capture units for Kinesis Data Streams in EU (Frankfurt)","2026-07-01","0","Inf","ChangeDataCaptureUnits","0.0000001220","USD",,,,,"AmazonDynamoDB","EU (Frankfurt)","AWS Region",,"DDB-Kinesis","Change Data Capture Units for Kinesis Data Streams","EUC1-ChangeDataCaptureUnits-Kinesis","DelegatedOperations","eu-central-1","Amazon DynamoDB",
"QRQ79HURDEX8HUZP","JRTCKXETXF","QRQ79HURDEX8HUZP.JRTCKXETXF.6YS6EN2CT7","OnDemand","$0.0002021 per hour for units of IA read capacity in Middle East (Bahrain)","2026-07-01","0","Inf","ReadCapacityUnit-Hrs","0.0002021000","USD",,,,"Provisioned IOPS","AmazonDynamoDB","Middle East (Bahrain)","AWS Region",,"DDB-ReadUnitsIA","DynamoDB Provisioned Read Units IA","MES1-IA-ReadCapacityUnit-Hrs","CommittedThroughput","me-south-1","Amazon DynamoDB",
"QS5WYUWZHW5DU5CA","JRTCKXETXF","QS5WYUWZHW5DU5CA.JRTCKXETXF.HBHVWY47CM","OnDemand","$0.00 per hour for 25 units of read capacity for a month (free tier)","2026-07-01","0","18600","ReadCapacityUnit-Hrs","0.0000000000","USD",,,,"Provisioned IOPS","AmazonDynamoDB","Asia Pacific (Tokyo)","AWS Region",,"DDB-ReadUnits","DynamoDB Provisioned Read Units","APN1-ReadCapacityUnit-Hrs","CommittedThroughput","ap-northeast-1","Amazon DynamoDB",
"QS5WYUWZHW5DU5CA","JRTCKXETXF","QS5WYUWZHW5DU5CA.JRTCKXETXF.E63J5HTPNN","OnDemand","$0.0001484 per hour for units of read capacity beyond the free tier","2026-07-01","18600","Inf","ReadCapacityUnit-Hrs","0.0001484000","USD",,,,"Provisioned IOPS","AmazonDynamoDB","Asia Pacific (Tokyo)","AWS Region",,"DDB-ReadUnits","DynamoDB Provisioned Read Units","APN1-ReadCapacityUnit-Hrs","CommittedThroughput","ap-northeast-1","Amazon DynamoDB",
"QS5WYUWZHW5DU5CA","VG8YD49WWM","QS5WYUWZHW5DU5CA.VG8YD49WWM.6YS6EN2CT7","Reserved","Amazon DynamoDB, Reserved Read Capacity used this month","2026-08-04","0","Inf","ReadCapacityUnit-Hrs","0.0000180000","USD","3yr","Heavy Utilization","standard","Provisioned IOPS","AmazonDynamoDB","Asia Pacific (Tokyo)","AWS Region",,"DDB-ReadUnits","DynamoDB Provisioned Read Units","APN1-ReadCapacityUnit-Hrs","CommittedThroughput","ap-northeast-1","Amazon DynamoDB",
"QS5WYUWZHW5DU5CA","VG8YD49WWM","QS5WYUWZHW5DU5CA.VG8YD49WWM.2TG2D8R56U","Reserved","Upfront Fee","2026-08-04",,,"Quantity","0.41","USD","3yr","Heavy Utilization","standard","Provisioned IOPS","AmazonDynamoDB","Asia Pacific (Tokyo)","AWS Region",,"DDB-ReadUnits","DynamoDB Provisioned Read Units","APN1-ReadCapacityUnit-Hrs","CommittedThroughput","ap-northeast-1","Amazon DynamoDB",
"QS5WYUWZHW5DU5CA","YTVHEVGPBZ","QS5WYUWZHW5DU5CA.YTVHEVGPBZ.6YS6EN2CT7","Reserved","Amazon DynamoDB, Reserved Read Capacity used this month","2026-08-04","0","Inf","ReadCapacityUnit-Hrs","0.0000290000","USD","1yr","Heavy Utilization","standard","Provisioned IOPS","AmazonDynamoDB","Asia Pacific (Tokyo)","AWS Region",,"DDB-ReadUnits","DynamoDB Provisioned Read Units","APN1-ReadCapacityUnit-Hrs","CommittedThroughput","ap-northeast-1","Amazon DynamoDB",
"QS5WYUWZHW5DU5CA","YTVHEVGPBZ","QS5WYUWZHW5DU5CA.YTVHEVGPBZ.2TG2D8R56U","Reserved","Upfront Fee","2026-08-04",,,"Quantity","0.342","USD","1yr","Heavy Utilization","standard","Provisioned IOPS","AmazonDynamoDB","Asia Pacific (Tokyo)","AWS Region",,"DDB-ReadUnits","DynamoDB Provisioned Read Units","APN1-ReadCapacityUnit-Hrs","CommittedThroughput","ap-northeast-1","Amazon DynamoDB",
"QV4QQSTKKG3MWUEY","JRTCKXETXF","QV4QQSTKKG3MWUEY.JRTCKXETXF.6YS6EN2CT7","OnDemand","$0.74 per million write request units in EU (Milan)","2026-07-01","0","Inf","WriteRequestUnits","0.0000007400","USD",,,,"Amazon DynamoDB PayPerRequest Throughput","AmazonDynamoDB","EU (Milan)","AWS Region",,"DDB-WriteUnits","DynamoDB PayPerRequest Write Request Units","EUS1-WriteRequestUnits","PayPerRequestThroughput","eu-south-1","Amazon DynamoDB",
"QW7PFKU7MSB3XE8P","JRTCKXETXF","QW7PFKU7MSB3XE8P.JRTCKXETXF.6YS6EN2CT7","OnDemand","$0.1375 per million read request units in Canada West (Calgary)","2026-07-01","0","Inf","ReadRequestUnits","0.0000001375","USD",,,,"Amazon DynamoDB PayPerRequest Throughput","AmazonDynamoDB","Canada West (Calgary)","AWS Region",,"DDB-ReadUnits","DynamoDB PayPerRequest Read Request Units","CAN2-ReadRequestUnits","PayPerRequestThroughput","ca-west-1","Amazon DynamoDB",
"QXMZUVDCVKE9T3YJ","JRTCKXETXF","QXMZUVDCVKE9T3YJ.JRTCKXETXF.6YS6EN2CT7","OnDemand","$0.2095 per million IA read request units in Europe (Zurich)","2026-07-01","0","Inf","ReadRequestUnits","0.0000002095","USD",,,,"Amazon DynamoDB PayPerRequest Throughput","AmazonDynamoDB","Europe (Zurich)","AWS Region",,"DDB-ReadUnitsIA","DynamoDB PayPerRequest Read Request Units IA","EUC2-IA-ReadRequestUnits","PayPerRequestThroughput","eu-central-2","Amazon DynamoDB",
"QY6QMEBEA8FTZE3J","JRTCKXETXF","QY6QMEBEA8FTZE3J.JRTCKXETXF.6YS6EN2CT7","OnDemand","$0.0001750 per hour for units of IA read capacity in EU (Stockholm)","2026-07-01","0","Inf","ReadCapacityUnit-Hrs","0.0001750000","USD",,,,"Provisioned IOPS","AmazonDynamoDB","EU (Stockholm)","AWS Region",,"DDB-ReadUnitsIA","DynamoDB Provisioned Read Units IA","EUN1-IA-ReadCapacityUnit-Hrs","CommittedThroughput","eu-north-1","Amazon DynamoDB",
"QY9UAJV7S9B2C7WQ","JRTCKXETXF","QY9UAJV7S9B2C7WQ.JRTCKXETXF.6YS6EN2CT7","OnDemand","$0.1155 per GB of incremental data exported in Europe (Milan)","2026-07-01","0","Inf","GB","0.1155000000","USD",,,,"Amazon DynamoDB Export Data Size","AmazonDynamoDB","EU (Milan)","AWS Region","Amazon DynamoDB - Incremental Export",,,"EUS1-IncrementalExportDataSize-Bytes","","eu-south-1","Amazon DynamoDB",
"R4FKR866KT8S996V","JRTCKXETXF","R4FKR866KT8S996V.JRTCKXETXF.6YS6EN2CT7","OnDemand","$1.0505 per million IA write request units in Europe (Zurich)","2026-07-01","0","Inf","WriteRequestUnits","0.0000010505","USD",,,,"Amazon DynamoDB PayPerRequest Throughput","AmazonDynamoDB","Europe (Zurich)","AWS Region",,"DDB-WriteUnitsIA","DynamoDB PayPerRequest Write Request Units IA","EUC2-IA-WriteRequestUnits","PayPerRequestThroughput","eu-central-2","Amazon DynamoDB",
"R4W5MZ2J2E9S4HFW","JRTCKXETXF","R4W5MZ2J2E9S4HFW.JRTCKXETXF.6YS6EN2CT7","OnDemand","$0.1285 per million read request units in Asia Pacific (Malaysia)","2026-07-01","0","Inf","ReadRequestUnits","0.0000001285","USD",,,,"Amazon DynamoDB PayPerRequest Throughput","AmazonDynamoDB","Asia Pacific (Malaysia)","AWS Region",,"DDB-ReadUnits","DynamoDB PayPerRequest Read Request Units","APS7-ReadRequestUnits","PayPerRequestThroughput","ap-southeast-5","Amazon DynamoDB",
"R5727KNRMRDP5YTZ","JRTCKXETXF","R5727KNRMRDP5YTZ.JRTCKXETXF.6YS6EN2CT7","OnDemand","$0.52 per GB of vector write requests in US West (Oregon)","2026-07-01","0","Inf","GB","0.5200000000","USD",,,,"Amazon DynamoDB PayPerRequest Throughput","AmazonDynamoDB","US West (Oregon)","AWS Region",,,,"USW2-VectorWriteRequest","","us-west-2","Amazon DynamoDB","Standard"
"R5SRU4W6BNWAAYUD","JRTCKXETXF","R5SRU4W6BNWAAYUD.JRTCKXETXF.6YS6EN2CT7","OnDemand","$0.0009275 per hour for units of IA replicated write capacity in Asia Pacific (Tokyo)","2026-07-01","0","Inf","ReplicatedWriteCapacityUnit-Hrs","0.0009275000","USD",,,,"DDB-Operation-ReplicatedWrite","AmazonDynamoDB","Asia Pacific (Tokyo)","AWS Region",,"DDB-ReplicatedWriteUnitsIA","DynamoDB Provisioned Replicated Write Units IA","APN1-IA-ReplWriteCapacityUnit-Hrs","CommittedThroughput","ap-northeast-1","Amazon DynamoDB",
"R6PXMNYCEDGZ2EYN","JRTCKXETXF","R6PXMNYCEDGZ2EYN.JRTCKXETXF.HBHVWY47CM","OnDemand","$0.00 per hour for 25 units of write capacity for a month (free tier)","2026-07-01","0","18600","WriteCapacityUnit-Hrs","0.0000000000","USD",,,,"Provisioned IOPS","AmazonDynamoDB","US East (N. Virginia)","AWS Region",,"DDB-WriteUnits","DynamoDB Provisioned Write Units","WriteCapacityUnit-Hrs","CommittedThroughput","us-east-1","Amazon DynamoDB",
"R6PXMNYCEDGZ2EYN","JRTCKXETXF","R6PXMNYCEDGZ2EYN.JRTCKXETXF.E63J5HTPNN","OnDemand","$0.00065 per hour for units of write capacity beyond the free tier","2026-07-01","18600","Inf","WriteCapacityUnit-Hrs","0.0006500000","USD",,,,"Provisioned IOPS","AmazonDynamoDB","US East (N. Virginia)","AWS Region",,"DDB-WriteUnits","DynamoDB Provisioned Write Units","WriteCapacityUnit-Hrs","CommittedThroughput","us-east-1","Amazon DynamoDB",
"R6PXMNYCEDGZ2EYN","VG8YD49WWM","R6PXMNYCEDGZ2EYN.VG8YD49WWM.6YS6EN2CT7","Reserved","Amazon DynamoDB, Reserved Write Capacity used this month","2026-08-04","0","Inf","WriteCapacityUnit-Hrs","0.0000810000","USD","3yr","Heavy Utilization","standard","Provisioned IOPS","AmazonDynamoDB","US East (N. Virginia)","AWS Region",,"DDB-WriteUnits","DynamoDB Provisioned Write Units","WriteCapacityUnit-Hrs","CommittedThroughput","us-east-1","Amazon DynamoDB",
"R6PXMNYCEDGZ2EYN","VG8YD49WWM","R6PXMNYCEDGZ2EYN.VG8YD49WWM.2TG2D8R56U","Reserved","Upfront Fee","2026-08-04",,,"Quantity","1.8","USD","3yr","Heavy Utilization","standard","Provisioned IOPS","AmazonDynamoDB","US East (N. Virginia)","AWS Region",,"DDB-WriteUnits","DynamoDB Provisioned Write Units","WriteCapacityUnit-Hrs","CommittedThroughput","us-east-1","Amazon DynamoDB",
"R6PXMNYCEDGZ2EYN","YTVHEVGPBZ","R6PXMNYCEDGZ2EYN.YTVHEVGPBZ.6YS6EN2CT7","Reserved","Amazon DynamoDB, Reserved Write Capacity used this month","2026-08-04","0","Inf","WriteCapacityUnit-Hrs","0.0001280000","USD","1yr","Heavy Utilization","standard","Provisioned IOPS","AmazonDynamoDB","US East (N. Virginia)","AWS Region",,"DDB-WriteUnits","DynamoDB Provisioned Write Units","WriteCapacityUnit-Hrs","CommittedThroughput","us-east-1","Amazon DynamoDB",
"R6PXMNYCEDGZ2EYN","YTVHEVGPBZ","R6PXMNYCEDGZ2EYN.YTVHEVGPBZ.2TG2D8R56U","Reserved","Upfront Fee","2026-08-04",,,"Quantity","1.5","USD","1yr","Heavy Utilization","standard","Provisioned IOPS","AmazonDynamoDB","US East (N. Virginia)","AWS Region",,"DDB-WriteUnits","DynamoDB Provisioned Write Units","WriteCapacityUnit-Hrs","CommittedThroughput","us-east-1","Amazon DynamoDB",
"R7K84PENBF7Q68P2","JRTCKXETXF","R7K84PENBF7Q68P2.JRTCKXETXF.6YS6EN2CT7","OnDemand","$0.77325 per GB of IA vector write requests in EU (Paris)","2026-07-01","0","Inf","GB","0.7732500000","USD",,,,"Amazon DynamoDB PayPerRequest Throughput","AmazonDynamoDB","EU (Paris)","AWS Region",,,,"EUW3-IA-VectorWriteRequest","","eu-west-3","Amazon DynamoDB",
"R9RQJ4FTARJHU86F","JRTCKXETXF","R9RQJ4FTARJHU86F.JRTCKXETXF.M9QGYPQ72M","OnDemand","$0.00 per Request from 0 to 2.5M for DynamoDB Streams read request (GetRecords API) in Asia Pacific (Taipei)","2026-07-01","0","2500000","Requests","0.0000000000","USD",,,,"API Request","AmazonDynamoDB","Asia Pacific (Taipei)","AWS Region",,"DDB-StreamsReadRequests","DynamoDB Streams read request (GetRecords API)","APE2-Streams-Requests","GetRecords","ap-east-2","Amazon DynamoDB",
"R9RQJ4FTARJHU86F","JRTCKXETXF","R9RQJ4FTARJHU86F.JRTCKXETXF.AUKFMGQW43","OnDemand","$0.0000002052 per Request beyond 2.5M for DynamoDB Streams read request (GetRecords API) in Asia Pacific (Taipei)","2026-07-01","2500000","Inf","Requests","0.0000002052","USD",,,,"API Request","AmazonDynamoDB","Asia Pacific (Taipei)","AWS Region",,"DDB-StreamsReadRequests","DynamoDB Streams read request (GetRecords API)","APE2-Streams-Requests","GetRecords","ap-east-2","Amazon DynamoDB",
"RAJR3PG5HAUVDC9E","JRTCKXETXF","RAJR3PG5HAUVDC9E.JRTCKXETXF.6YS6EN2CT7","OnDemand","$0.1000 per GB of incremental data exported in US West (Oregon)","2026-07-01","0","Inf","GB","0.1000000000","USD",,,,"Amazon DynamoDB Export Data Size","AmazonDynamoDB","US West (Oregon)","AWS Region","Amazon DynamoDB - Incremental Export",,,"USW2-IncrementalExportDataSize-Bytes","","us-west-2","Amazon DynamoDB",
"RBYWF9W6VV78QPK2","JRTCKXETXF","RBYWF9W6VV78QPK2.JRTCKXETXF.6YS6EN2CT7","OnDemand","$0.8595 per million ReplicatedWriteRequestUnits for IA in Canada West (Calgary)","2026-07-01","0","Inf","ReplicatedWriteRequestUnits","0.0000008595","USD",,,,"Amazon DynamoDB PayPerRequest Throughput","AmazonDynamoDB","Canada West (Calgary)","AWS Region",,"DDB-ReplicatedWriteUnitsIA","DynamoDB PayPerRequest Replicated Write Request Units IA","CAN2-IA-ReplWriteRequestUnits","PayPerRequestThroughput","ca-west-1","Amazon DynamoDB",
"RC926WRXMSG8KGSZ","JRTCKXETXF","RC926WRXMSG8KGSZ.JRTCKXETXF.6YS6EN2CT7","OnDemand","$0.71625 per GB of IA vector write requests in Canada West (Calgary)","2026-07-01","0","Inf","GB","0.7162500000","USD",,,,"Amazon DynamoDB PayPerRequest Throughput","AmazonDynamoDB","Canada West (Calgary)","AWS Region",,,,"CAN2-IA-VectorWriteRequest","","ca-west-1","Amazon DynamoDB",
"RCD2VBT7M5PUMNCN","JRTCKXETXF","RCD2VBT7M5PUMNCN.JRTCKXETXF.6YS6EN2CT7","OnDemand","$0.20196 per GB for data import  in Europe (Zurich)","2026-07-01","0","Inf","GB","0.2019600000","USD",,,,"Amazon DynamoDB Import Data Size","AmazonDynamoDB","Europe (Zurich)","AWS Region","Amazon DynamoDB - Import Size",,,"EUC2-ImportDataSize-Bytes","","eu-central-2","Amazon DynamoDB",
"RCJQC7FWWZF8QCV3","JRTCKXETXF","RCJQC7FWWZF8QCV3.JRTCKXETXF.HBHVWY47CM","OnDemand","$0.00 per hour for 25 units of replicated write capacity for a month (free tier) in Canada (Central)","2026-07-01","0","18600","ReplicatedWriteCapacityUnit-Hrs","0.0000000000","USD",,,,"DDB-Operation-ReplicatedWrite","AmazonDynamoDB","Canada (Central)","AWS Region",,"DDB-ReplicatedWriteUnits","DynamoDB Provisioned Replicated Write Units","CAN1-ReplWriteCapacityUnit-Hrs","CommittedThroughput","ca-central-1","Amazon DynamoDB",
"RCJQC7FWWZF8QCV3","JRTCKXETXF","RCJQC7FWWZF8QCV3.JRTCKXETXF.E63J5HTPNN","OnDemand","$0.000715 per ReplicatedWriteCapacityUnit-Hr in Canada (Central)","2026-07-01","18600","Inf","ReplicatedWriteCapacityUnit-Hrs","0.0007150000","USD",,,,"DDB-Operation-ReplicatedWrite","AmazonDynamoDB","Canada (Central)","AWS Region",,"DDB-ReplicatedWriteUnits","DynamoDB Provisioned Replicated Write Units","CAN1-ReplWriteCapacityUnit-Hrs","CommittedThroughput","ca-central-1","Amazon DynamoDB",
"RDK38EMSRQRCHT32","JRTCKXETXF","RDK38EMSRQRCHT32.JRTCKXETXF.6YS6EN2CT7","OnDemand","$0.71 per million write request units in Asia Pacific (Melbourne)","2026-07-01","0","Inf","WriteRequestUnits","0.0000007100","USD",,,,"Amazon DynamoDB PayPerRequest Throughput","AmazonDynamoDB","Asia Pacific (Melbourne)","AWS Region",,"DDB-WriteUnits","DynamoDB PayPerRequest Write Request Units","APS6-WriteRequestUnits","PayPerRequestThroughput","ap-southeast-4","Amazon DynamoDB",
"REVRJQPQXYK6NQ7G","JRTCKXETXF","REVRJQPQXYK6NQ7G.JRTCKXETXF.6YS6EN2CT7","OnDemand","$0.59072 per GB of vector write requests in Asia Pacific (Melbourne)","2026-07-01","0","Inf","GB","0.5907200000","USD",,,,"Amazon DynamoDB PayPerRequest Throughput","AmazonDynamoDB","Asia Pacific (Melbourne)","AWS Region",,,,"APS6-VectorWriteRequest","","ap-southeast-4","Amazon DynamoDB","Standard"
"REX8FT9JCRCPCWQA","JRTCKXETXF","REX8FT9JCRCPCWQA.JRTCKXETXF.6YS6EN2CT7","OnDemand","$0.26928 per GB-Month of storage used for DynamoDB PITR backup in Europe (Zurich)","2026-07-01","0","Inf","GB-Mo","0.2692800000","USD",,,,"Database Storage","AmazonDynamoDB","Europe (Zurich)","AWS Region","Amazon DynamoDB - Point-In-Time-Restore (PITR) Backup Storage",,,"EUC2-TimedPITRStorage-ByteHrs","","eu-central-2","Amazon DynamoDB",
"RHNPR86EM2JAN4T8","JRTCKXETXF","RHNPR86EM2JAN4T8.JRTCKXETXF.6YS6EN2CT7","OnDemand","$0.8595 per million replicated IA write request units in Canada (Central)","2026-07-01","0","Inf","ReplicatedWriteRequestUnits","0.0000008595","USD",,,,"Amazon DynamoDB PayPerRequest Throughput","AmazonDynamoDB","Canada (Central)","AWS Region",,"DDB-ReplicatedWriteUnitsIA","DynamoDB PayPerRequest Replicated Write Request Units IA","CAN1-IA-ReplWriteRequestUnits","PayPerRequestThroughput","ca-central-1","Amazon DynamoDB",
"RKGMEH3Q6JAYPCBF","JRTCKXETXF","RKGMEH3Q6JAYPCBF.JRTCKXETXF.6YS6EN2CT7","OnDemand","$0.00000013572 per ChangeDataCaptureUnits-Kinesis:DelegatedOperations in Israel (Tel Aviv)","2026-07-01","0","Inf","ChangeDataCaptureUnits","0.0000001360","USD",,,,,"AmazonDynamoDB","Israel (Tel Aviv)","AWS Region",,"DDB-Kinesis","Change Data Capture Units for Kinesis Data Streams","ILC1-ChangeDataCaptureUnits-Kinesis","DelegatedOperations","il-central-1","Amazon DynamoDB",
"RNGDUGZAXQNQEQ9W","JRTCKXETXF","RNGDUGZAXQNQEQ9W.JRTCKXETXF.6YS6EN2CT7","OnDemand","$0.114 per GB-Month of storage used for on-demand backup in Asia Pacific (Hyderabad)","2026-07-01","0","Inf","GB-Month","0.1140000000","USD",,,,"Amazon DynamoDB On-Demand Backup Storage","AmazonDynamoDB","Asia Pacific (Hyderabad)","AWS Region","Amazon DynamoDB - On-Demand Backup Storage",,,"APS5-TimedBackupStorage-ByteHrs","","ap-south-2","Amazon DynamoDB",
"RQ438Q7T6JD2XBZR","JRTCKXETXF","RQ438Q7T6JD2XBZR.JRTCKXETXF.6YS6EN2CT7","OnDemand","$0.00285 per GB of IA vector data searched in Europe (Spain)","2026-07-01","0","Inf","GB","0.0028500000","USD",,,,"Amazon DynamoDB PayPerRequest Throughput","AmazonDynamoDB","Europe (Spain)","AWS Region",,,,"EUS2-IA-VectorSearch","","eu-south-2","Amazon DynamoDB",
"RQUUABJAZ37YYJRQ","JRTCKXETXF","RQUUABJAZ37YYJRQ.JRTCKXETXF.6YS6EN2CT7","OnDemand","$0.55744 per GB of vector write requests in EU (Stockholm)","2026-07-01","0","Inf","GB","0.5574400000","USD",,,,"Amazon DynamoDB PayPerRequest Throughput","AmazonDynamoDB","EU (Stockholm)","AWS Region",,,,"EUN1-VectorWriteRequest","","eu-north-1","Amazon DynamoDB","Standard"
"RR5VP5VMZNW76QFK","JRTCKXETXF","RR5VP5VMZNW76QFK.JRTCKXETXF.6YS6EN2CT7","OnDemand","$0.93 per million IA write request units in EU (Milan)","2026-07-01","0","Inf","WriteRequestUnits","0.0000009300","USD",,,,"Amazon DynamoDB PayPerRequest Throughput","AmazonDynamoDB","EU (Milan)","AWS Region",,"DDB-WriteUnitsIA","DynamoDB PayPerRequest Write Request Units IA","EUS1-IA-WriteRequestUnits","PayPerRequestThroughput","eu-south-1","Amazon DynamoDB",
"RRBN26D5U2YVURF2","JRTCKXETXF","RRBN26D5U2YVURF2.JRTCKXETXF.6YS6EN2CT7","OnDemand","$0.74167 per GB of IA vector write requests in Asia Pacific (Hyderabad)","2026-07-01","0","Inf","GB","0.7416700000","USD",,,,"Amazon DynamoDB PayPerRequest Throughput","AmazonDynamoDB","Asia Pacific (Hyderabad)","AWS Region",,,,"APS5-IA-VectorWriteRequest","","ap-south-2","Amazon DynamoDB",
"RRVUWYNFST3EHR8J","JRTCKXETXF","RRVUWYNFST3EHR8J.JRTCKXETXF.M9QGYPQ72M","OnDemand","$0.00 for 2.5 million DynamoDB Streams read request units for a month (free tier) (South America (Sao Paulo))","2026-07-01","0","2500000","Requests","0.0000000000","USD",,,,"API Request","AmazonDynamoDB","South America (Sao Paulo)","AWS Region",,"DDB-StreamsReadRequests","DynamoDB Streams read request (GetRecords API)","SAE1-Streams-Requests","GetRecords","sa-east-1","Amazon DynamoDB",
"RRVUWYNFST3EHR8J","JRTCKXETXF","RRVUWYNFST3EHR8J.JRTCKXETXF.AUKFMGQW43","OnDemand","$0.0000003 per DynamoDB Streams read request unit beyond free tier (South America (Sao Paulo))","2026-07-01","2500000","Inf","Requests","0.0000003000","USD",,,,"API Request","AmazonDynamoDB","South America (Sao Paulo)","AWS Region",,"DDB-StreamsReadRequests","DynamoDB Streams read request (GetRecords API)","SAE1-Streams-Requests","GetRecords","sa-east-1","Amazon DynamoDB",
"RSG57TRR6X2VH5QR","JRTCKXETXF","RSG57TRR6X2VH5QR.JRTCKXETXF.6YS6EN2CT7","OnDemand","$0.64 per million DynamoDB Write Request Units in Asia Pacific (Thailand)","2026-07-01","0","Inf","WriteRequestUnits","0.0000006400","USD",,,,"Amazon DynamoDB PayPerRequest Throughput","AmazonDynamoDB","Asia Pacific (Thailand)","AWS Region",,"DDB-WriteUnits","DynamoDB PayPerRequest Write Request Units","APS9-WriteRequestUnits","PayPerRequestThroughput","ap-southeast-7","Amazon DynamoDB",
"RTUZCVX94YQEUB2J","JRTCKXETXF","RTUZCVX94YQEUB2J.JRTCKXETXF.6YS6EN2CT7","OnDemand","$0.53248 per GB of vector write requests in Asia Pacific (Thailand)","2026-07-01","0","Inf","GB","0.5324800000","USD",,,,"Amazon DynamoDB PayPerRequest Throughput","AmazonDynamoDB","Asia Pacific (Thailand)","AWS Region",,,,"APS9-VectorWriteRequest","","ap-southeast-7","Amazon DynamoDB","Standard"
"RUAWHEMMZRSRXYBQ","JRTCKXETXF","RUAWHEMMZRSRXYBQ.JRTCKXETXF.6YS6EN2CT7","OnDemand","$0.1539 per GB of data imported to Amazon DynamoDB  in Asia Pacific (Thailand)","2026-07-01","0","Inf","GB","0.1539000000","USD",,,,"Amazon DynamoDB Import Data Size","AmazonDynamoDB","Asia Pacific (Thailand)","AWS Region","Amazon DynamoDB - Import Size",,,"APS9-ImportDataSize-Bytes","","ap-southeast-7","Amazon DynamoDB",
"RUC3BP56GZ73NNS5","JRTCKXETXF","RUC3BP56GZ73NNS5.JRTCKXETXF.6YS6EN2CT7","OnDemand","$0.10760 per GB-Month of IA storage in EU (Stockholm)","2026-07-01","0","Inf","GB-Mo","0.1076000000","USD",,,,"Database Storage","AmazonDynamoDB","EU (Stockholm)","AWS Region","Amazon DynamoDB - Indexed DataStore - IA",,,"EUN1-IA-TimedStorage-ByteHrs","","eu-north-1","Amazon DynamoDB",
"RXFWBNK28TZQQQTY","JRTCKXETXF","RXFWBNK28TZQQQTY.JRTCKXETXF.6YS6EN2CT7","OnDemand","$0.00302 per GB of IA vector data searched in AWS GovCloud (US-West)","2026-07-01","0","Inf","GB","0.0030200000","USD",,,,"Amazon DynamoDB PayPerRequest Throughput","AmazonDynamoDB","AWS GovCloud (US-West)","AWS Region",,,,"UGW1-IA-VectorSearch","","us-gov-west-1","Amazon DynamoDB",
"RZDPTTU47YYRR4PR","JRTCKXETXF","RZDPTTU47YYRR4PR.JRTCKXETXF.6YS6EN2CT7","OnDemand","$0.1100 per GB of incremental data exported in Europe (Ireland)","2026-07-01","0","Inf","GB","0.1100000000","USD",,,,"Amazon DynamoDB Export Data Size","AmazonDynamoDB","EU (Ireland)","AWS Region","Amazon DynamoDB - Incremental Export",,,"EU-IncrementalExportDataSize-Bytes","","eu-west-1","Amazon DynamoDB",
"RZH4BXYHUYFBCKUC","JRTCKXETXF","RZH4BXYHUYFBCKUC.JRTCKXETXF.6YS6EN2CT7","OnDemand","$0.178 per million IA read request units in Asia Pacific (Osaka)","2026-07-01","0","Inf","ReadRequestUnits","0.0000001780","USD",,,,"Amazon DynamoDB PayPerRequest Throughput","AmazonDynamoDB","Asia Pacific (Osaka)","AWS Region",,"DDB-ReadUnitsIA","DynamoDB PayPerRequest Read Request Units IA","APN3-IA-ReadRequestUnits","PayPerRequestThroughput","ap-northeast-3","Amazon DynamoDB",
"RZPZYUCT6RYUNT6C","JRTCKXETXF","RZPZYUCT6RYUNT6C.JRTCKXETXF.6YS6EN2CT7","OnDemand","$0.84 per million IA write request units in EU (Stockholm)","2026-07-01","0","Inf","WriteRequestUnits","0.0000008400","USD",,,,"Amazon DynamoDB PayPerRequest Throughput","AmazonDynamoDB","EU (Stockholm)","AWS Region",,"DDB-WriteUnitsIA","DynamoDB PayPerRequest Write Request Units IA","EUN1-IA-WriteRequestUnits","PayPerRequestThroughput","eu-north-1","Amazon DynamoDB",
"S2A8R8SVMXVH3ANG","JRTCKXETXF","S2A8R8SVMXVH3ANG.JRTCKXETXF.6YS6EN2CT7","OnDemand","$0.178 per million IA read request units in Asia Pacific (Sydney)","2026-07-01","0","Inf","ReadRequestUnits","0.0000001780","USD",,,,"Amazon DynamoDB PayPerRequest Throughput","AmazonDynamoDB","Asia Pacific (Sydney)","AWS Region",,"DDB-ReadUnitsIA","DynamoDB PayPerRequest Read Request Units IA","APS2-IA-ReadRequestUnits","PayPerRequestThroughput","ap-southeast-2","Amazon DynamoDB",
"S2NE257SGG33VGDE","JRTCKXETXF","S2NE257SGG33VGDE.JRTCKXETXF.6YS6EN2CT7","OnDemand","$0.1026 per GB of data exported from Amazon DynamoDB  in Asia Pacific (Thailand)","2026-07-01","0","Inf","GB","0.1026000000","USD",,,,"Amazon DynamoDB Export Data Size","AmazonDynamoDB","Asia Pacific (Thailand)","AWS Region","Amazon DynamoDB - Incremental Export",,,"APS9-IncrementalExportDataSize-Bytes","","ap-southeast-7","Amazon DynamoDB",
"S36PFRZNRSM82YR2","JRTCKXETXF","S36PFRZNRSM82YR2.JRTCKXETXF.6YS6EN2CT7","OnDemand","$0.85 per million ReplicatedWriteRequestUnits in Israel (Tel Aviv)","2026-07-01","0","Inf","ReplicatedWriteRequestUnits","0.0000008500","USD",,,,"Amazon DynamoDB PayPerRequest Throughput","AmazonDynamoDB","Israel (Tel Aviv)","AWS Region",,"DDB-ReplicatedWriteUnits","DynamoDB PayPerRequest Replicated Write Request Units","ILC1-ReplWriteRequestUnits","PayPerRequestThroughput","il-central-1","Amazon DynamoDB",
"S5W7JNJH4WHNU9A3","JRTCKXETXF","S5W7JNJH4WHNU9A3.JRTCKXETXF.HBHVWY47CM","OnDemand","$0 per hour for 18,600 units of DynamoDB Provisioned Write Capacity Units in Mexico (Central)","2026-07-01","0","18600","WriteCapacityUnit-Hrs","0.0000000000","USD",,,,"Provisioned IOPS","AmazonDynamoDB","Mexico (Central)","AWS Region",,"DDB-WriteUnits","DynamoDB Provisioned Write Units","MXC1-WriteCapacityUnit-Hrs","CommittedThroughput","mx-central-1","Amazon DynamoDB",
"S5W7JNJH4WHNU9A3","JRTCKXETXF","S5W7JNJH4WHNU9A3.JRTCKXETXF.E63J5HTPNN","OnDemand","$0.0006825 per hour beyond the free tier for DynamoDB Provisioned Write Capacity Units in Mexico (Central)","2026-07-01","18600","Inf","WriteCapacityUnit-Hrs","0.0006825000","USD",,,,"Provisioned IOPS","AmazonDynamoDB","Mexico (Central)","AWS Region",,"DDB-WriteUnits","DynamoDB Provisioned Write Units","MXC1-WriteCapacityUnit-Hrs","CommittedThroughput","mx-central-1","Amazon DynamoDB",
"S5W7JNJH4WHNU9A3","YTVHEVGPBZ","S5W7JNJH4WHNU9A3.YTVHEVGPBZ.6YS6EN2CT7","Reserved","Amazon DynamoDB, Reserved Write Capacity used this month","2026-08-04","0","Inf","WriteCapacityUnit-Hrs","0.0001340000","USD","1yr","Heavy Utilization","standard","Provisioned IOPS","AmazonDynamoDB","Mexico (Central)","AWS Region",,"DDB-WriteUnits","DynamoDB Provisioned Write Units","MXC1-WriteCapacityUnit-Hrs","CommittedThroughput","mx-central-1","Amazon DynamoDB",
"S5W7JNJH4WHNU9A3","YTVHEVGPBZ","S5W7JNJH4WHNU9A3.YTVHEVGPBZ.2TG2D8R56U","Reserved","Upfront Fee","2026-08-04",,,"Quantity","1.575","USD","1yr","Heavy Utilization","standard","Provisioned IOPS","AmazonDynamoDB","Mexico (Central)","AWS Region",,"DDB-WriteUnits","DynamoDB Provisioned Write Units","MXC1-WriteCapacityUnit-Hrs","CommittedThroughput","mx-central-1","Amazon DynamoDB",
"S6VHXPYYQRUDJCZ9","JRTCKXETXF","S6VHXPYYQRUDJCZ9.JRTCKXETXF.6YS6EN2CT7","OnDemand","$0.0009300 per hour for units of IA write capacity in Asia Pacific (Hyderabad)","2026-07-01","0","Inf","WriteCapacityUnit-Hrs","0.0009300000","USD",,,,"Provisioned IOPS","AmazonDynamoDB","Asia Pacific (Hyderabad)","AWS Region",,"DDB-WriteUnitsIA","DynamoDB Provisioned Write Units IA","APS5-IA-WriteCapacityUnit-Hrs","CommittedThroughput","ap-south-2","Amazon DynamoDB",
"S95CXV292G5J8RQ5","JRTCKXETXF","S95CXV292G5J8RQ5.JRTCKXETXF.6YS6EN2CT7","OnDemand","$0.1875 per million IA read request units in AWS GovCloud (US-West)","2026-07-01","0","Inf","ReadRequestUnits","0.0000001875","USD",,,,"Amazon DynamoDB PayPerRequest Throughput","AmazonDynamoDB","AWS GovCloud (US-West)","AWS Region",,"DDB-ReadUnitsIA","DynamoDB PayPerRequest Read Request Units IA","UGW1-IA-ReadRequestUnits","PayPerRequestThroughput","us-gov-west-1","Amazon DynamoDB",
"SA2AGBN67GKFGFSK","JRTCKXETXF","SA2AGBN67GKFGFSK.JRTCKXETXF.6YS6EN2CT7","OnDemand","$0.00238 per GB of vector data searched in EU (London)","2026-07-01","0","Inf","GB","0.0023800000","USD",,,,"Amazon DynamoDB PayPerRequest Throughput","AmazonDynamoDB","EU (London)","AWS Region",,,,"EUW2-VectorSearch","","eu-west-2","Amazon DynamoDB","Standard"
"SAPQJ9Z3ZKC5V9ER","JRTCKXETXF","SAPQJ9Z3ZKC5V9ER.JRTCKXETXF.HBHVWY47CM","OnDemand","$0.00 per hour for 25 units of replicated write capacity for a month (free tier)in Europe (Spain)","2026-07-01","0","18600","ReplicatedWriteCapacityUnit-Hrs","0.0000000000","USD",,,,"DDB-Operation-ReplicatedWrite","AmazonDynamoDB","Europe (Spain)","AWS Region",,"DDB-ReplicatedWriteUnits","DynamoDB Provisioned Replicated Write Units","EUS2-ReplWriteCapacityUnit-Hrs","CommittedThroughput","eu-south-2","Amazon DynamoDB",
"SAPQJ9Z3ZKC5V9ER","JRTCKXETXF","SAPQJ9Z3ZKC5V9ER.JRTCKXETXF.E63J5HTPNN","OnDemand","$0.000735 per hour for units of replicated write capacity beyond the free tier in Europe (Spain)","2026-07-01","18600","Inf","ReplicatedWriteCapacityUnit-Hrs","0.0007350000","USD",,,,"DDB-Operation-ReplicatedWrite","AmazonDynamoDB","Europe (Spain)","AWS Region",,"DDB-ReplicatedWriteUnits","DynamoDB Provisioned Replicated Write Units","EUS2-ReplWriteCapacityUnit-Hrs","CommittedThroughput","eu-south-2","Amazon DynamoDB",
"SCB5BQ7SE6V3WXF5","JRTCKXETXF","SCB5BQ7SE6V3WXF5.JRTCKXETXF.6YS6EN2CT7","OnDemand","$0.00273 per GB of IA vector data searched in Asia Pacific (Seoul)","2026-07-01","0","Inf","GB","0.0027300000","USD",,,,"Amazon DynamoDB PayPerRequest Throughput","AmazonDynamoDB","Asia Pacific (Seoul)","AWS Region",,,,"APN2-IA-VectorSearch","","ap-northeast-2","Amazon DynamoDB",
"SD6XAGXNTNMK4TZB","JRTCKXETXF","SD6XAGXNTNMK4TZB.JRTCKXETXF.6YS6EN2CT7","OnDemand","$0.1155 per GB-Month of storage used for on-demand backup in EU (Milan)","2026-07-01","0","Inf","GB-Month","0.1155000000","USD",,,,"Amazon DynamoDB On-Demand Backup Storage","AmazonDynamoDB","EU (Milan)","AWS Region","Amazon DynamoDB - On-Demand Backup Storage",,,"EUS1-TimedBackupStorage-ByteHrs","","eu-south-1","Amazon DynamoDB",
"SF2T7WEESFAWARCC","JRTCKXETXF","SF2T7WEESFAWARCC.JRTCKXETXF.6YS6EN2CT7","OnDemand","$0.1200 per GB of incremental data exported in AWS GovCloud (US-West)","2026-07-01","0","Inf","GB","0.1200000000","USD",,,,"Amazon DynamoDB Export Data Size","AmazonDynamoDB","AWS GovCloud (US-West)","AWS Region","Amazon DynamoDB - Incremental Export",,,"UGW1-IncrementalExportDataSize-Bytes","","us-gov-west-1","Amazon DynamoDB",
"SGMZJPDKSWXTY4VE","JRTCKXETXF","SGMZJPDKSWXTY4VE.JRTCKXETXF.6YS6EN2CT7","OnDemand","$0.125 per million read request units (Ohio)","2026-07-01","0","Inf","ReadRequestUnits","0.0000001250","USD",,,,"Amazon DynamoDB PayPerRequest Throughput","AmazonDynamoDB","US East (Ohio)","AWS Region",,"DDB-ReadUnits","DynamoDB PayPerRequest Read Request Units","USE2-ReadRequestUnits","PayPerRequestThroughput","us-east-2","Amazon DynamoDB",
"SJM4TVFJJTBWP6J9","JRTCKXETXF","SJM4TVFJJTBWP6J9.JRTCKXETXF.6YS6EN2CT7","OnDemand","$0.2052 per GB-Mo of storage used for Amazon DynamoDB - PITR Backup Storage in Asia Pacific (Thailand)","2026-07-01","0","Inf","GB-Mo","0.2052000000","USD",,,,"Database Storage","AmazonDynamoDB","Asia Pacific (Thailand)","AWS Region","Amazon DynamoDB - Point-In-Time-Restore (PITR) Backup Storage",,,"APS9-TimedPITRStorage-ByteHrs","","ap-southeast-7","Amazon DynamoDB",
"SKJWPG53YHBJMACE","JRTCKXETXF","SKJWPG53YHBJMACE.JRTCKXETXF.HBHVWY47CM","OnDemand","$0.00 per hour for 25 units of replicated write capacity for a month (free tier)","2026-07-01","0","18600","ReplicatedWriteCapacityUnit-Hrs","0.0000000000","USD",,,,"DDB-Operation-ReplicatedWrite","AmazonDynamoDB","US West (N. California)","AWS Region",,"DDB-ReplicatedWriteUnits","DynamoDB Provisioned Replicated Write Units","USW1-ReplWriteCapacityUnit-Hrs","CommittedThroughput","us-west-1","Amazon DynamoDB",
"SKJWPG53YHBJMACE","JRTCKXETXF","SKJWPG53YHBJMACE.JRTCKXETXF.E63J5HTPNN","OnDemand","$0.000725 per hour for units of replicated write capacity beyond the free tier","2026-07-01","18600","Inf","ReplicatedWriteCapacityUnit-Hrs","0.0007250000","USD",,,,"DDB-Operation-ReplicatedWrite","AmazonDynamoDB","US West (N. California)","AWS Region",,"DDB-ReplicatedWriteUnits","DynamoDB Provisioned Replicated Write Units","USW1-ReplWriteCapacityUnit-Hrs","CommittedThroughput","us-west-1","Amazon DynamoDB",
"SQ6ARGFZN9GYFG6X","JRTCKXETXF","SQ6ARGFZN9GYFG6X.JRTCKXETXF.6YS6EN2CT7","OnDemand","$0.11000 per GB of data exported in Canada (Central)","2026-07-01","0","Inf","GB","0.1100000000","USD",,,,"Amazon DynamoDB Export Data Size","AmazonDynamoDB","Canada (Central)","AWS Region","Amazon DynamoDB - Export Size",,,"CAN1-ExportDataSize-Bytes","","ca-central-1","Amazon DynamoDB",
"SQBYDY2VH7K7Z3TT","JRTCKXETXF","SQBYDY2VH7K7Z3TT.JRTCKXETXF.6YS6EN2CT7","OnDemand","$0.242 per GB-Month of storage used for DynamoDB PITR backup in Middle East (UAE)","2026-07-01","0","Inf","GB-Mo","0.2420000000","USD",,,,"Database Storage","AmazonDynamoDB","Middle East (UAE)","AWS Region","Amazon DynamoDB - Point-In-Time-Restore (PITR) Backup Storage",,,"MEC1-TimedPITRStorage-ByteHrs","","me-central-1","Amazon DynamoDB",
"SR3WHVBECBQMP829","JRTCKXETXF","SR3WHVBECBQMP829.JRTCKXETXF.6YS6EN2CT7","OnDemand","$0.7455 per million DynamoDB Replicated Write Request Units in Asia Pacific (New Zealand)","2026-07-01","0","Inf","ReplicatedWriteRequestUnits","0.0000007455","USD",,,,"Amazon DynamoDB PayPerRequest Throughput","AmazonDynamoDB","Asia Pacific (New Zealand)","AWS Region",,"DDB-ReplicatedWriteUnits","DynamoDB PayPerRequest Replicated Write Request Units","APS8-ReplWriteRequestUnits","PayPerRequestThroughput","ap-southeast-6","Amazon DynamoDB",
"SRNZJEBGH7M8AQDJ","JRTCKXETXF","SRNZJEBGH7M8AQDJ.JRTCKXETXF.6YS6EN2CT7","OnDemand","$0.1140 per GB of incremental data exported in Asia Pacific (Singapore)","2026-07-01","0","Inf","GB","0.1140000000","USD",,,,"Amazon DynamoDB Export Data Size","AmazonDynamoDB","Asia Pacific (Singapore)","AWS Region","Amazon DynamoDB - Incremental Export",,,"APS1-IncrementalExportDataSize-Bytes","","ap-southeast-1","Amazon DynamoDB",
"SSCGTKT93HV4UV5U","JRTCKXETXF","SSCGTKT93HV4UV5U.JRTCKXETXF.6YS6EN2CT7","OnDemand","$0.228 per GB-Month of storage used for DynamoDB PITR backup in Asia Pacific (Hyderabad)","2026-07-01","0","Inf","GB-Mo","0.2280000000","USD",,,,"Database Storage","AmazonDynamoDB","Asia Pacific (Hyderabad)","AWS Region","Amazon DynamoDB - Point-In-Time-Restore (PITR) Backup Storage",,,"APS5-TimedPITRStorage-ByteHrs","","ap-south-2","Amazon DynamoDB",
"ST5YQH3CMNKHJSTY","JRTCKXETXF","ST5YQH3CMNKHJSTY.JRTCKXETXF.6YS6EN2CT7","OnDemand","$0.000168 per hour for DynamoDB Provisioned IA Read Capacity Units in Mexico (Central)","2026-07-01","0","Inf","ReadCapacityUnit-Hrs","0.0001680000","USD",,,,"Provisioned IOPS","AmazonDynamoDB","Mexico (Central)","AWS Region",,"DDB-ReadUnitsIA","DynamoDB Provisioned Read Units IA","MXC1-IA-ReadCapacityUnit-Hrs","CommittedThroughput","mx-central-1","Amazon DynamoDB",
"STRB6629DF9PK2YD","JRTCKXETXF","STRB6629DF9PK2YD.JRTCKXETXF.6YS6EN2CT7","OnDemand","$0.00228 per GB of vector data searched in Asia Pacific (Sydney)","2026-07-01","0","Inf","GB","0.0022800000","USD",,,,"Amazon DynamoDB PayPerRequest Throughput","AmazonDynamoDB","Asia Pacific (Sydney)","AWS Region",,,,"APS2-VectorSearch","","ap-southeast-2","Amazon DynamoDB","Standard"
"SU36MES57K2M6EHQ","JRTCKXETXF","SU36MES57K2M6EHQ.JRTCKXETXF.6YS6EN2CT7","OnDemand","$0.20 per GB-Month of storage used for DynamoDB PITR backup","2026-07-01","0","Inf","GB-Mo","0.2000000000","USD",,,,"Database Storage","AmazonDynamoDB","US East (Ohio)","AWS Region","Amazon DynamoDB - Point-In-Time-Restore (PITR) Backup Storage",,,"USE2-TimedPITRStorage-ByteHrs","","us-east-2","Amazon DynamoDB",
"SWR23X7GBYH6ENZ8","JRTCKXETXF","SWR23X7GBYH6ENZ8.JRTCKXETXF.6YS6EN2CT7","OnDemand","$0.13464 per GB-Month of storage used for on-demand backup in Europe (Zurich)","2026-07-01","0","Inf","GB-Month","0.1346400000","USD",,,,"Amazon DynamoDB On-Demand Backup Storage","AmazonDynamoDB","Europe (Zurich)","AWS Region","Amazon DynamoDB - On-Demand Backup Storage",,,"EUC2-TimedBackupStorage-ByteHrs","","eu-central-2","Amazon DynamoDB",
"SX2GDMMRJJSMGMCH","JRTCKXETXF","SX2GDMMRJJSMGMCH.JRTCKXETXF.6YS6EN2CT7","OnDemand","$0.89 per million IA write request units in Asia Pacific (Jakarta)","2026-07-01","0","Inf","WriteRequestUnits","0.0000008900","USD",,,,"Amazon DynamoDB PayPerRequest Throughput","AmazonDynamoDB","Asia Pacific (Jakarta)","AWS Region",,"DDB-WriteUnitsIA","DynamoDB PayPerRequest Write Request Units IA","APS4-IA-WriteRequestUnits","PayPerRequestThroughput","ap-southeast-3","Amazon DynamoDB",
"SXJJAE6SPAQTTJ3B","JRTCKXETXF","SXJJAE6SPAQTTJ3B.JRTCKXETXF.6YS6EN2CT7","OnDemand","$0.162 per GB for data import in EU (Stockholm)","2026-07-01","0","Inf","GB","0.1620000000","USD",,,,"Amazon DynamoDB Import Data Size","AmazonDynamoDB","EU (Stockholm)","AWS Region","Amazon DynamoDB - Import Size",,,"EUN1-ImportDataSize-Bytes","","eu-north-1","Amazon DynamoDB",
"SYZHU8QBH7N6T3S6","JRTCKXETXF","SYZHU8QBH7N6T3S6.JRTCKXETXF.HBHVWY47CM","OnDemand","$0.00 per hour for 25 units of replicated write capacity for a month (free tier) in Asia Pacific (Melbourne)","2026-07-01","0","18600","ReplicatedWriteCapacityUnit-Hrs","0.0000000000","USD",,,,"DDB-Operation-ReplicatedWrite","AmazonDynamoDB","Asia Pacific (Melbourne)","AWS Region",,"DDB-ReplicatedWriteUnits","DynamoDB Provisioned Replicated Write Units","APS6-ReplWriteCapacityUnit-Hrs","CommittedThroughput","ap-southeast-4","Amazon DynamoDB",
"SYZHU8QBH7N6T3S6","JRTCKXETXF","SYZHU8QBH7N6T3S6.JRTCKXETXF.E63J5HTPNN","OnDemand","$0.00074 per hour for units of replicated write capacity beyond the free tier in Asia Pacific (Melbourne)","2026-07-01","18600","Inf","ReplicatedWriteCapacityUnit-Hrs","0.0007400000","USD",,,,"DDB-Operation-ReplicatedWrite","AmazonDynamoDB","Asia Pacific (Melbourne)","AWS Region",,"DDB-ReplicatedWriteUnits","DynamoDB Provisioned Replicated Write Units","APS6-ReplWriteCapacityUnit-Hrs","CommittedThroughput","ap-southeast-4","Amazon DynamoDB",
"SZN9AKCQ9JUG4YQ5","JRTCKXETXF","SZN9AKCQ9JUG4YQ5.JRTCKXETXF.6YS6EN2CT7","OnDemand","$0.0001810 per hour for units of IA read capacity in US West (N. California)","2026-07-01","0","Inf","ReadCapacityUnit-Hrs","0.0001810000","USD",,,,"Provisioned IOPS","AmazonDynamoDB","US West (N. California)","AWS Region",,"DDB-ReadUnitsIA","DynamoDB Provisioned Read Units IA","USW1-IA-ReadCapacityUnit-Hrs","CommittedThroughput","us-west-1","Amazon DynamoDB",
"T3QSY4AEMQT6F66P","JRTCKXETXF","T3QSY4AEMQT6F66P.JRTCKXETXF.6YS6EN2CT7","OnDemand","$0.775 per million write request units in Middle East (Bahrain)","2026-07-01","0","Inf","WriteRequestUnits","0.0000007750","USD",,,,"Amazon DynamoDB PayPerRequest Throughput","AmazonDynamoDB","Middle East (Bahrain)","AWS Region",,"DDB-WriteUnits","DynamoDB PayPerRequest Write Request Units","MES1-WriteRequestUnits","PayPerRequestThroughput","me-south-1","Amazon DynamoDB",
"T67AZMD6UNJ99V3A","JRTCKXETXF","T67AZMD6UNJ99V3A.JRTCKXETXF.M9QGYPQ72M","OnDemand","$0.00 per Request from 0 to 2,500,000 for DynamoDB Streams read request (GetRecords API) in Asia Pacific (Thailand)","2026-07-01","0","2500000","Requests","0.0000000000","USD",,,,"API Request","AmazonDynamoDB","Asia Pacific (Thailand)","AWS Region",,"DDB-StreamsReadRequests","DynamoDB Streams read request (GetRecords API)","APS9-Streams-Requests","GetRecords","ap-southeast-7","Amazon DynamoDB",
"T67AZMD6UNJ99V3A","JRTCKXETXF","T67AZMD6UNJ99V3A.JRTCKXETXF.AUKFMGQW43","OnDemand","$0.000000205 per Request beyond 2,500,000 for DynamoDB Streams read request (GetRecords API) in Asia Pacific (Thailand)","2026-07-01","2500000","Inf","Requests","0.0000002050","USD",,,,"API Request","AmazonDynamoDB","Asia Pacific (Thailand)","AWS Region",,"DDB-StreamsReadRequests","DynamoDB Streams read request (GetRecords API)","APS9-Streams-Requests","GetRecords","ap-southeast-7","Amazon DynamoDB",
"T6KJTRAMACHZXVRW","JRTCKXETXF","T6KJTRAMACHZXVRW.JRTCKXETXF.G2A93NZ7DT","OnDemand","$0.0 per GB-Mo for TimedStorage-ByteHrs in Canada West (Calgary)","2026-07-01","0","25","GB-Mo","0.0000000000","USD",,,,"Database Storage","AmazonDynamoDB","Canada West (Calgary)","AWS Region","Amazon DynamoDB - Indexed DataStore",,,"CAN2-TimedStorage-ByteHrs","","ca-west-1","Amazon DynamoDB",
"T6KJTRAMACHZXVRW","JRTCKXETXF","T6KJTRAMACHZXVRW.JRTCKXETXF.VYAP54KATQ","OnDemand","$0.275 per GB-Mo for TimedStorage-ByteHrs in Canada West (Calgary)","2026-07-01","25","Inf","GB-Mo","0.2750000000","USD",,,,"Database Storage","AmazonDynamoDB","Canada West (Calgary)","AWS Region","Amazon DynamoDB - Indexed DataStore",,,"CAN2-TimedStorage-ByteHrs","","ca-west-1","Amazon DynamoDB",
"T6KJVJSJPZ5HDA38","JRTCKXETXF","T6KJVJSJPZ5HDA38.JRTCKXETXF.HBHVWY47CM","OnDemand","$0.00 per hour for 25 units of write capacity for a month (free tier)","2026-07-01","0","18600","WriteCapacityUnit-Hrs","0.0000000000","USD",,,,"Provisioned IOPS","AmazonDynamoDB","Asia Pacific (Sydney)","AWS Region",,"DDB-WriteUnits","DynamoDB Provisioned Write Units","APS2-WriteCapacityUnit-Hrs","CommittedThroughput","ap-southeast-2","Amazon DynamoDB",
"T6KJVJSJPZ5HDA38","JRTCKXETXF","T6KJVJSJPZ5HDA38.JRTCKXETXF.E63J5HTPNN","OnDemand","$0.00074 per hour for units of write capacity beyond the free tier","2026-07-01","18600","Inf","WriteCapacityUnit-Hrs","0.0007400000","USD",,,,"Provisioned IOPS","AmazonDynamoDB","Asia Pacific (Sydney)","AWS Region",,"DDB-WriteUnits","DynamoDB Provisioned Write Units","APS2-WriteCapacityUnit-Hrs","CommittedThroughput","ap-southeast-2","Amazon DynamoDB",
"T6KJVJSJPZ5HDA38","VG8YD49WWM","T6KJVJSJPZ5HDA38.VG8YD49WWM.6YS6EN2CT7","Reserved","Amazon DynamoDB, Reserved Write Capacity used this month","2026-08-04","0","Inf","WriteCapacityUnit-Hrs","0.0000930000","USD","3yr","Heavy Utilization","standard","Provisioned IOPS","AmazonDynamoDB","Asia Pacific (Sydney)","AWS Region",,"DDB-WriteUnits","DynamoDB Provisioned Write Units","APS2-WriteCapacityUnit-Hrs","CommittedThroughput","ap-southeast-2","Amazon DynamoDB",
"T6KJVJSJPZ5HDA38","VG8YD49WWM","T6KJVJSJPZ5HDA38.VG8YD49WWM.2TG2D8R56U","Reserved","Upfront Fee","2026-08-04",,,"Quantity","2.052","USD","3yr","Heavy Utilization","standard","Provisioned IOPS","AmazonDynamoDB","Asia Pacific (Sydney)","AWS Region",,"DDB-WriteUnits","DynamoDB Provisioned Write Units","APS2-WriteCapacityUnit-Hrs","CommittedThroughput","ap-southeast-2","Amazon DynamoDB",
"T6KJVJSJPZ5HDA38","YTVHEVGPBZ","T6KJVJSJPZ5HDA38.YTVHEVGPBZ.6YS6EN2CT7","Reserved","Amazon DynamoDB, Reserved Write Capacity used this month","2026-08-04","0","Inf","WriteCapacityUnit-Hrs","0.0001460000","USD","1yr","Heavy Utilization","standard","Provisioned IOPS","AmazonDynamoDB","Asia Pacific (Sydney)","AWS Region",,"DDB-WriteUnits","DynamoDB Provisioned Write Units","APS2-WriteCapacityUnit-Hrs","CommittedThroughput","ap-southeast-2","Amazon DynamoDB",
"T6KJVJSJPZ5HDA38","YTVHEVGPBZ","T6KJVJSJPZ5HDA38.YTVHEVGPBZ.2TG2D8R56U","Reserved","Upfront Fee","2026-08-04",,,"Quantity","1.71","USD","1yr","Heavy Utilization","standard","Provisioned IOPS","AmazonDynamoDB","Asia Pacific (Sydney)","AWS Region",,"DDB-WriteUnits","DynamoDB Provisioned Write Units","APS2-WriteCapacityUnit-Hrs","CommittedThroughput","ap-southeast-2","Amazon DynamoDB",
"T6NCDMUZG4J9YF4T","JRTCKXETXF","T6NCDMUZG4J9YF4T.JRTCKXETXF.HBHVWY47CM","OnDemand","$0.00 per hour for 25 units of write capacity for a month (free tier)","2026-07-01","0","18600","WriteCapacityUnit-Hrs","0.0000000000","USD",,,,"Provisioned IOPS","AmazonDynamoDB","Asia Pacific (Seoul)","AWS Region",,"DDB-WriteUnits","DynamoDB Provisioned Write Units","APN2-WriteCapacityUnit-Hrs","CommittedThroughput","ap-northeast-2","Amazon DynamoDB",
"T6NCDMUZG4J9YF4T","JRTCKXETXF","T6NCDMUZG4J9YF4T.JRTCKXETXF.E63J5HTPNN","OnDemand","$0.0007049 per hour for units of write capacity beyond the free tier","2026-07-01","18600","Inf","WriteCapacityUnit-Hrs","0.0007049000","USD",,,,"Provisioned IOPS","AmazonDynamoDB","Asia Pacific (Seoul)","AWS Region",,"DDB-WriteUnits","DynamoDB Provisioned Write Units","APN2-WriteCapacityUnit-Hrs","CommittedThroughput","ap-northeast-2","Amazon DynamoDB",
"T6NCDMUZG4J9YF4T","VG8YD49WWM","T6NCDMUZG4J9YF4T.VG8YD49WWM.6YS6EN2CT7","Reserved","Amazon DynamoDB, Reserved Write Capacity used this month","2026-08-04","0","Inf","WriteCapacityUnit-Hrs","0.0000880000","USD","3yr","Heavy Utilization","standard","Provisioned IOPS","AmazonDynamoDB","Asia Pacific (Seoul)","AWS Region",,"DDB-WriteUnits","DynamoDB Provisioned Write Units","APN2-WriteCapacityUnit-Hrs","CommittedThroughput","ap-northeast-2","Amazon DynamoDB",
"T6NCDMUZG4J9YF4T","VG8YD49WWM","T6NCDMUZG4J9YF4T.VG8YD49WWM.2TG2D8R56U","Reserved","Upfront Fee","2026-08-04",,,"Quantity","1.9532","USD","3yr","Heavy Utilization","standard","Provisioned IOPS","AmazonDynamoDB","Asia Pacific (Seoul)","AWS Region",,"DDB-WriteUnits","DynamoDB Provisioned Write Units","APN2-WriteCapacityUnit-Hrs","CommittedThroughput","ap-northeast-2","Amazon DynamoDB",
"T6NCDMUZG4J9YF4T","YTVHEVGPBZ","T6NCDMUZG4J9YF4T.YTVHEVGPBZ.6YS6EN2CT7","Reserved","Amazon DynamoDB, Reserved Write Capacity used this month","2026-08-04","0","Inf","WriteCapacityUnit-Hrs","0.0001400000","USD","1yr","Heavy Utilization","standard","Provisioned IOPS","AmazonDynamoDB","Asia Pacific (Seoul)","AWS Region",,"DDB-WriteUnits","DynamoDB Provisioned Write Units","APN2-WriteCapacityUnit-Hrs","CommittedThroughput","ap-northeast-2","Amazon DynamoDB",
"T6NCDMUZG4J9YF4T","YTVHEVGPBZ","T6NCDMUZG4J9YF4T.YTVHEVGPBZ.2TG2D8R56U","Reserved","Upfront Fee","2026-08-04",,,"Quantity","1.6283","USD","1yr","Heavy Utilization","standard","Provisioned IOPS","AmazonDynamoDB","Asia Pacific (Seoul)","AWS Region",,"DDB-WriteUnits","DynamoDB Provisioned Write Units","APN2-WriteCapacityUnit-Hrs","CommittedThroughput","ap-northeast-2","Amazon DynamoDB",
"T6RK6THJVQUFJ4M5","JRTCKXETXF","T6RK6THJVQUFJ4M5.JRTCKXETXF.6YS6EN2CT7","OnDemand","$0.171 per GB of data restored","2026-07-01","0","Inf","GB","0.1710000000","USD",,,,"Amazon DynamoDB Restore Data Size","AmazonDynamoDB","Asia Pacific (Tokyo)","AWS Region","Amazon DynamoDB - Backup Restore Size",,,"APN1-RestoreDataSize-Bytes","","ap-northeast-1","Amazon DynamoDB",
"T7DFJ32QNAQXCG62","JRTCKXETXF","T7DFJ32QNAQXCG62.JRTCKXETXF.HBHVWY47CM","OnDemand","$0.00 per hour for 25 units of write capacity for a month (free tier) in Africa (Cape Town)","2026-07-01","0","18600","WriteCapacityUnit-Hrs","0.0000000000","USD",,,,"Provisioned IOPS","AmazonDynamoDB","Africa (Cape Town)","AWS Region",,"DDB-WriteUnits","DynamoDB Provisioned Write Units","AFS1-WriteCapacityUnit-Hrs","CommittedThroughput","af-south-1","Amazon DynamoDB",
"T7DFJ32QNAQXCG62","JRTCKXETXF","T7DFJ32QNAQXCG62.JRTCKXETXF.E63J5HTPNN","OnDemand","$0.00087465 per hour for units of write capacity beyond the free tier in Africa (Cape Town)","2026-07-01","18600","Inf","WriteCapacityUnit-Hrs","0.0008746500","USD",,,,"Provisioned IOPS","AmazonDynamoDB","Africa (Cape Town)","AWS Region",,"DDB-WriteUnits","DynamoDB Provisioned Write Units","AFS1-WriteCapacityUnit-Hrs","CommittedThroughput","af-south-1","Amazon DynamoDB",
"T7DFJ32QNAQXCG62","YTVHEVGPBZ","T7DFJ32QNAQXCG62.YTVHEVGPBZ.6YS6EN2CT7","Reserved","Amazon DynamoDB, Reserved Write Capacity used this month","2026-08-04","0","Inf","WriteCapacityUnit-Hrs","0.0001730000","USD","1yr","Heavy Utilization","standard","Provisioned IOPS","AmazonDynamoDB","Africa (Cape Town)","AWS Region",,"DDB-WriteUnits","DynamoDB Provisioned Write Units","AFS1-WriteCapacityUnit-Hrs","CommittedThroughput","af-south-1","Amazon DynamoDB",
"T7DFJ32QNAQXCG62","YTVHEVGPBZ","T7DFJ32QNAQXCG62.YTVHEVGPBZ.2TG2D8R56U","Reserved","Upfront Fee","2026-08-04",,,"Quantity","2.01705","USD","1yr","Heavy Utilization","standard","Provisioned IOPS","AmazonDynamoDB","Africa (Cape Town)","AWS Region",,"DDB-WriteUnits","DynamoDB Provisioned Write Units","AFS1-WriteCapacityUnit-Hrs","CommittedThroughput","af-south-1","Amazon DynamoDB",
"T8HB7SZ84SCGTHXA","JRTCKXETXF","T8HB7SZ84SCGTHXA.JRTCKXETXF.6YS6EN2CT7","OnDemand","$0.10760 per GB of data exported  in EU (Stockholm)","2026-07-01","0","Inf","GB","0.1076000000","USD",,,,"Amazon DynamoDB Export Data Size","AmazonDynamoDB","EU (Stockholm)","AWS Region","Amazon DynamoDB - Export Size",,,"EUN1-ExportDataSize-Bytes","","eu-north-1","Amazon DynamoDB",
"TAMAQ5G76W4BR78M","JRTCKXETXF","TAMAQ5G76W4BR78M.JRTCKXETXF.6YS6EN2CT7","OnDemand","$0.105 per GB-Month of storage for Amazon DynamoDB On-Demand Backups in Mexico (Central)","2026-07-01","0","Inf","GB-Month","0.1050000000","USD",,,,"Amazon DynamoDB On-Demand Backup Storage","AmazonDynamoDB","Mexico (Central)","AWS Region","Amazon DynamoDB - On-Demand Backup Storage",,,"MXC1-TimedBackupStorage-ByteHrs","","mx-central-1","Amazon DynamoDB",
"TBACTZE6B7JHWHCJ","JRTCKXETXF","TBACTZE6B7JHWHCJ.JRTCKXETXF.6YS6EN2CT7","OnDemand","$0.00287 per GB of IA vector data searched in Asia Pacific (Sydney)","2026-07-01","0","Inf","GB","0.0028700000","USD",,,,"Amazon DynamoDB PayPerRequest Throughput","AmazonDynamoDB","Asia Pacific (Sydney)","AWS Region",,,,"APS2-IA-VectorSearch","","ap-southeast-2","Amazon DynamoDB",
"TBEFQ5CRA38PMY67","JRTCKXETXF","TBEFQ5CRA38PMY67.JRTCKXETXF.6YS6EN2CT7","OnDemand","$0.0022 per GB of vector data searched in Canada (Central)","2026-07-01","0","Inf","GB","0.0022000000","USD",,,,"Amazon DynamoDB PayPerRequest Throughput","AmazonDynamoDB","Canada (Central)","AWS Region",,,,"CAN1-VectorSearch","","ca-central-1","Amazon DynamoDB","Standard"
"TD7JG6G4YJHZ7WWM","JRTCKXETXF","TD7JG6G4YJHZ7WWM.JRTCKXETXF.6YS6EN2CT7","OnDemand","$0.00342 per GB of IA vector data searched in Israel (Tel Aviv)","2026-07-01","0","Inf","GB","0.0034200000","USD",,,,"Amazon DynamoDB PayPerRequest Throughput","AmazonDynamoDB","Israel (Tel Aviv)","AWS Region",,,,"ILC1-IA-VectorSearch","","il-central-1","Amazon DynamoDB",
"TDEBEA6SN9GF8DE2","JRTCKXETXF","TDEBEA6SN9GF8DE2.JRTCKXETXF.6YS6EN2CT7","OnDemand","$0.00223 per GB of vector data searched in US West (N. California)","2026-07-01","0","Inf","GB","0.0022300000","USD",,,,"Amazon DynamoDB PayPerRequest Throughput","AmazonDynamoDB","US West (N. California)","AWS Region",,,,"USW1-VectorSearch","","us-west-1","Amazon DynamoDB","Standard"
"TEJVZ9S6V2NZMM5D","JRTCKXETXF","TEJVZ9S6V2NZMM5D.JRTCKXETXF.6YS6EN2CT7","OnDemand","$0.30 per GB-Month of storage used for DynamoDB PITR backup","2026-07-01","0","Inf","GB-Mo","0.3000000000","USD",,,,"Database Storage","AmazonDynamoDB","South America (Sao Paulo)","AWS Region","Amazon DynamoDB - Point-In-Time-Restore (PITR) Backup Storage",,,"SAE1-TimedPITRStorage-ByteHrs","","sa-east-1","Amazon DynamoDB",
"TF2793YJYNZQTHQX","JRTCKXETXF","TF2793YJYNZQTHQX.JRTCKXETXF.6YS6EN2CT7","OnDemand","$0.10000 per GB-Month of IA storage in US West (Oregon)","2026-07-01","0","Inf","GB-Mo","0.1000000000","USD",,,,"Database Storage","AmazonDynamoDB","US West (Oregon)","AWS Region","Amazon DynamoDB - Indexed DataStore - IA",,,"USW2-IA-TimedStorage-ByteHrs","","us-west-2","Amazon DynamoDB",
"TFXQN9PEG62G7A67","JRTCKXETXF","TFXQN9PEG62G7A67.JRTCKXETXF.6YS6EN2CT7","OnDemand","$0.20 per GB-Month of storage used for DynamoDB PITR backup","2026-07-01","0","Inf","GB-Mo","0.2000000000","USD",,,,"Database Storage","AmazonDynamoDB","US East (N. Virginia)","AWS Region","Amazon DynamoDB - Point-In-Time-Restore (PITR) Backup Storage",,,"USE1-TimedPITRStorage-ByteHrs","","us-east-1","Amazon DynamoDB",
"TGD32JHRDYG7C8TR","JRTCKXETXF","TGD32JHRDYG7C8TR.JRTCKXETXF.6YS6EN2CT7","OnDemand","$0.00277 per GB of IA vector data searched in Canada (Central)","2026-07-01","0","Inf","GB","0.0027700000","USD",,,,"Amazon DynamoDB PayPerRequest Throughput","AmazonDynamoDB","Canada (Central)","AWS Region",,,,"CAN1-IA-VectorSearch","","ca-central-1","Amazon DynamoDB",
"TGGQPU7UXVH96X2C","JRTCKXETXF","TGGQPU7UXVH96X2C.JRTCKXETXF.6YS6EN2CT7","OnDemand","$0.8005 per million IA write request units in Asia Pacific (Malaysia)","2026-07-01","0","Inf","WriteRequestUnits","0.0000008005","USD",,,,"Amazon DynamoDB PayPerRequest Throughput","AmazonDynamoDB","Asia Pacific (Malaysia)","AWS Region",,"DDB-WriteUnitsIA","DynamoDB PayPerRequest Write Request Units IA","APS7-IA-WriteRequestUnits","PayPerRequestThroughput","ap-southeast-5","Amazon DynamoDB",
"TH2JBKANBR49ZHXH","JRTCKXETXF","TH2JBKANBR49ZHXH.JRTCKXETXF.6YS6EN2CT7","OnDemand","$0.715 per million write request units in Asia Pacific (Osaka)","2026-07-01","0","Inf","WriteRequestUnits","0.0000007150","USD",,,,"Amazon DynamoDB PayPerRequest Throughput","AmazonDynamoDB","Asia Pacific (Osaka)","AWS Region",,"DDB-WriteUnits","DynamoDB PayPerRequest Write Request Units","APN3-WriteRequestUnits","PayPerRequestThroughput","ap-northeast-3","Amazon DynamoDB",
"TN7WDNMPPN7UDGGW","JRTCKXETXF","TN7WDNMPPN7UDGGW.JRTCKXETXF.6YS6EN2CT7","OnDemand","$0.52 per GB of vector write requests in US East (Ohio)","2026-07-01","0","Inf","GB","0.5200000000","USD",,,,"Amazon DynamoDB PayPerRequest Throughput","AmazonDynamoDB","US East (Ohio)","AWS Region",,,,"USE2-VectorWriteRequest","","us-east-2","Amazon DynamoDB","Standard"
"TNW9EDQH7TAJEY68","JRTCKXETXF","TNW9EDQH7TAJEY68.JRTCKXETXF.6YS6EN2CT7","OnDemand","$0.6875 per million write request units in Canada West (Calgary)","2026-07-01","0","Inf","WriteRequestUnits","0.0000006875","USD",,,,"Amazon DynamoDB PayPerRequest Throughput","AmazonDynamoDB","Canada West (Calgary)","AWS Region",,"DDB-WriteUnits","DynamoDB PayPerRequest Write Request Units","CAN2-WriteRequestUnits","PayPerRequestThroughput","ca-west-1","Amazon DynamoDB",
"TPZ5GRSZMDUEK6S7","JRTCKXETXF","TPZ5GRSZMDUEK6S7.JRTCKXETXF.6YS6EN2CT7","OnDemand","$0.1710 per GB for data import in Asia Pacific (Tokyo)","2026-07-01","0","Inf","GB","0.1710000000","USD",,,,"Amazon DynamoDB Import Data Size","AmazonDynamoDB","Asia Pacific (Tokyo)","AWS Region","Amazon DynamoDB - Import Size",,,"APN1-ImportDataSize-Bytes","","ap-northeast-1","Amazon DynamoDB",
"TQAUAS3WNFNTYB4W","JRTCKXETXF","TQAUAS3WNFNTYB4W.JRTCKXETXF.6YS6EN2CT7","OnDemand","$0.59072 per GB of vector write requests in Asia Pacific (Mumbai)","2026-07-01","0","Inf","GB","0.5907200000","USD",,,,"Amazon DynamoDB PayPerRequest Throughput","AmazonDynamoDB","Asia Pacific (Mumbai)","AWS Region",,,,"APS3-VectorWriteRequest","","ap-south-1","Amazon DynamoDB","Standard"
"TQNHAP8DS5JCG4C9","JRTCKXETXF","TQNHAP8DS5JCG4C9.JRTCKXETXF.6YS6EN2CT7","OnDemand","$0.0009910 per hour for units of IA write capacity in EU (Frankfurt)","2026-07-01","0","Inf","WriteCapacityUnit-Hrs","0.0009910000","USD",,,,"Provisioned IOPS","AmazonDynamoDB","EU (Frankfurt)","AWS Region",,"DDB-WriteUnitsIA","DynamoDB Provisioned Write Units IA","EUC1-IA-WriteCapacityUnit-Hrs","CommittedThroughput","eu-central-1","Amazon DynamoDB",
"TQSDN7Y48SQRV9GF","JRTCKXETXF","TQSDN7Y48SQRV9GF.JRTCKXETXF.6YS6EN2CT7","OnDemand","$0.00206 per GB of vector data searched in Asia Pacific (Malaysia)","2026-07-01","0","Inf","GB","0.0020600000","USD",,,,"Amazon DynamoDB PayPerRequest Throughput","AmazonDynamoDB","Asia Pacific (Malaysia)","AWS Region",,,,"APS7-VectorSearch","","ap-southeast-5","Amazon DynamoDB","Standard"
"TTXHZ4S67W3DNP47","JRTCKXETXF","TTXHZ4S67W3DNP47.JRTCKXETXF.HBHVWY47CM","OnDemand","$0.00 per hour for 25 units of read capacity for a month (free tier)","2026-07-01","0","18600","ReadCapacityUnit-Hrs","0.0000000000","USD",,,,"Provisioned IOPS","AmazonDynamoDB","EU (Paris)","AWS Region",,"DDB-ReadUnits","DynamoDB Provisioned Read Units","EUW3-ReadCapacityUnit-Hrs","CommittedThroughput","eu-west-3","Amazon DynamoDB",
"TTXHZ4S67W3DNP47","JRTCKXETXF","TTXHZ4S67W3DNP47.JRTCKXETXF.E63J5HTPNN","OnDemand","$0.0001544 per hour for units of read capacity beyond the free tier","2026-07-01","18600","Inf","ReadCapacityUnit-Hrs","0.0001544000","USD",,,,"Provisioned IOPS","AmazonDynamoDB","EU (Paris)","AWS Region",,"DDB-ReadUnits","DynamoDB Provisioned Read Units","EUW3-ReadCapacityUnit-Hrs","CommittedThroughput","eu-west-3","Amazon DynamoDB",
"TTXHZ4S67W3DNP47","YTVHEVGPBZ","TTXHZ4S67W3DNP47.YTVHEVGPBZ.6YS6EN2CT7","Reserved","Amazon DynamoDB, Reserved Read Capacity used this month","2026-08-04","0","Inf","ReadCapacityUnit-Hrs","0.0000310000","USD","1yr","Heavy Utilization","standard","Provisioned IOPS","AmazonDynamoDB","EU (Paris)","AWS Region",,"DDB-ReadUnits","DynamoDB Provisioned Read Units","EUW3-ReadCapacityUnit-Hrs","CommittedThroughput","eu-west-3","Amazon DynamoDB",
"TTXHZ4S67W3DNP47","YTVHEVGPBZ","TTXHZ4S67W3DNP47.YTVHEVGPBZ.2TG2D8R56U","Reserved","Upfront Fee","2026-08-04",,,"Quantity","0.356","USD","1yr","Heavy Utilization","standard","Provisioned IOPS","AmazonDynamoDB","EU (Paris)","AWS Region",,"DDB-ReadUnits","DynamoDB Provisioned Read Units","EUW3-ReadCapacityUnit-Hrs","CommittedThroughput","eu-west-3","Amazon DynamoDB",
"TUQPK74VVYHMJD6T","JRTCKXETXF","TUQPK74VVYHMJD6T.JRTCKXETXF.6YS6EN2CT7","OnDemand","$0.7625 per million replicated write request units (EU Central(Frankfurt))","2026-07-01","0","Inf","ReplicatedWriteRequestUnits","0.0000007625","USD",,,,"Amazon DynamoDB PayPerRequest Throughput","AmazonDynamoDB","EU (Frankfurt)","AWS Region",,"DDB-ReplicatedWriteUnits","DynamoDB PayPerRequest Replicated Write Request Units","EUC1-ReplWriteRequestUnits","PayPerRequestThroughput","eu-central-1","Amazon DynamoDB",
"TVUP3J3JU42FFXR2","JRTCKXETXF","TVUP3J3JU42FFXR2.JRTCKXETXF.6YS6EN2CT7","OnDemand","$0.11400 per GB-Month of IA storage in Asia Pacific (Mumbai)","2026-07-01","0","Inf","GB-Mo","0.1140000000","USD",,,,"Database Storage","AmazonDynamoDB","Asia Pacific (Mumbai)","AWS Region","Amazon DynamoDB - Indexed DataStore - IA",,,"APS3-IA-TimedStorage-ByteHrs","","ap-south-1","Amazon DynamoDB",
"TWAMKWAZYMF8NJNB","JRTCKXETXF","TWAMKWAZYMF8NJNB.JRTCKXETXF.6YS6EN2CT7","OnDemand","$0.84 per million ReplicatedWriteRequestUnits in Africa (Cape Town)","2026-07-01","0","Inf","ReplicatedWriteRequestUnits","0.0000008400","USD",,,,"Amazon DynamoDB PayPerRequest Throughput","AmazonDynamoDB","Africa (Cape Town)","AWS Region",,"DDB-ReplicatedWriteUnits","DynamoDB PayPerRequest Replicated Write Request Units","AFS1-ReplWriteRequestUnits","PayPerRequestThroughput","af-south-1","Amazon DynamoDB",
"TX6BW4TWG2FZQMPQ","JRTCKXETXF","TX6BW4TWG2FZQMPQ.JRTCKXETXF.6YS6EN2CT7","OnDemand","$0.1425 per million read request units (Asia Pacific (Tokyo))","2026-07-01","0","Inf","ReadRequestUnits","0.0000001425","USD",,,,"Amazon DynamoDB PayPerRequest Throughput","AmazonDynamoDB","Asia Pacific (Tokyo)","AWS Region",,"DDB-ReadUnits","DynamoDB PayPerRequest Read Request Units","APN1-ReadRequestUnits","PayPerRequestThroughput","ap-northeast-1","Amazon DynamoDB",
"TX93GZSU52J9KN2E","JRTCKXETXF","TX93GZSU52J9KN2E.JRTCKXETXF.6YS6EN2CT7","OnDemand","$0.835 per million write request units  in Europe (Zurich)","2026-07-01","0","Inf","WriteRequestUnits","0.0000008350","USD",,,,"Amazon DynamoDB PayPerRequest Throughput","AmazonDynamoDB","Europe (Zurich)","AWS Region",,"DDB-WriteUnits","DynamoDB PayPerRequest Write Request Units","EUC2-WriteRequestUnits","PayPerRequestThroughput","eu-central-2","Amazon DynamoDB",
"TXPDHA5BY2DMPXVN","JRTCKXETXF","TXPDHA5BY2DMPXVN.JRTCKXETXF.6YS6EN2CT7","OnDemand","$0.1496 per million DynamoDB Read Request Units in Asia Pacific (New Zealand)","2026-07-01","0","Inf","ReadRequestUnits","0.0000001496","USD",,,,"Amazon DynamoDB PayPerRequest Throughput","AmazonDynamoDB","Asia Pacific (New Zealand)","AWS Region",,"DDB-ReadUnits","DynamoDB PayPerRequest Read Request Units","APS8-ReadRequestUnits","PayPerRequestThroughput","ap-southeast-6","Amazon DynamoDB",
"TZFKM2XWWX7MJ8P5","JRTCKXETXF","TZFKM2XWWX7MJ8P5.JRTCKXETXF.6YS6EN2CT7","OnDemand","$0.8595 per million write request units for IA in Canada West (Calgary)","2026-07-01","0","Inf","WriteRequestUnits","0.0000008595","USD",,,,"Amazon DynamoDB PayPerRequest Throughput","AmazonDynamoDB","Canada West (Calgary)","AWS Region",,"DDB-WriteUnitsIA","DynamoDB PayPerRequest Write Request Units IA","CAN2-IA-WriteRequestUnits","PayPerRequestThroughput","ca-west-1","Amazon DynamoDB",
"U3XUEPVEBM989J89","JRTCKXETXF","U3XUEPVEBM989J89.JRTCKXETXF.6YS6EN2CT7","OnDemand","$0.1345 per million read request units (EU (Stockholm))","2026-07-01","0","Inf","ReadRequestUnits","0.0000001345","USD",,,,"Amazon DynamoDB PayPerRequest Throughput","AmazonDynamoDB","EU (Stockholm)","AWS Region",,"DDB-ReadUnits","DynamoDB PayPerRequest Read Request Units","EUN1-ReadRequestUnits","PayPerRequestThroughput","eu-north-1","Amazon DynamoDB",
"U5GTDEDXBZYX55BC","JRTCKXETXF","U5GTDEDXBZYX55BC.JRTCKXETXF.6YS6EN2CT7","OnDemand","$0.000837 per hour for DynamoDB Provisioned IA Replicated Write Units in Asia Pacific (Thailand)","2026-07-01","0","Inf","ReplicatedWriteCapacityUnit-Hrs","0.0008370000","USD",,,,"DDB-Operation-ReplicatedWrite","AmazonDynamoDB","Asia Pacific (Thailand)","AWS Region",,"DDB-ReplicatedWriteUnitsIA","DynamoDB Provisioned Replicated Write Units IA","APS9-IA-ReplWriteCapacityUnit-Hrs","CommittedThroughput","ap-southeast-7","Amazon DynamoDB",
"U5UMR6EQF83JHZ7Q","JRTCKXETXF","U5UMR6EQF83JHZ7Q.JRTCKXETXF.HBHVWY47CM","OnDemand","$0.00 per hour for 25 units of read capacity for a month (free tier)","2026-07-01","0","18600","ReadCapacityUnit-Hrs","0.0000000000","USD",,,,"Provisioned IOPS","AmazonDynamoDB","Canada (Central)","AWS Region",,"DDB-ReadUnits","DynamoDB Provisioned Read Units","CAN1-ReadCapacityUnit-Hrs","CommittedThroughput","ca-central-1","Amazon DynamoDB",
"U5UMR6EQF83JHZ7Q","JRTCKXETXF","U5UMR6EQF83JHZ7Q.JRTCKXETXF.E63J5HTPNN","OnDemand","$0.000143 per hour for units of read capacity beyond the free tier","2026-07-01","18600","Inf","ReadCapacityUnit-Hrs","0.0001430000","USD",,,,"Provisioned IOPS","AmazonDynamoDB","Canada (Central)","AWS Region",,"DDB-ReadUnits","DynamoDB Provisioned Read Units","CAN1-ReadCapacityUnit-Hrs","CommittedThroughput","ca-central-1","Amazon DynamoDB",
"U5UMR6EQF83JHZ7Q","YTVHEVGPBZ","U5UMR6EQF83JHZ7Q.YTVHEVGPBZ.6YS6EN2CT7","Reserved","Amazon DynamoDB, Reserved Read Capacity used this month","2026-08-04","0","Inf","ReadCapacityUnit-Hrs","0.0000280000","USD","1yr","Heavy Utilization","standard","Provisioned IOPS","AmazonDynamoDB","Canada (Central)","AWS Region",,"DDB-ReadUnits","DynamoDB Provisioned Read Units","CAN1-ReadCapacityUnit-Hrs","CommittedThroughput","ca-central-1","Amazon DynamoDB",
"U5UMR6EQF83JHZ7Q","YTVHEVGPBZ","U5UMR6EQF83JHZ7Q.YTVHEVGPBZ.2TG2D8R56U","Reserved","Upfront Fee","2026-08-04",,,"Quantity","0.33","USD","1yr","Heavy Utilization","standard","Provisioned IOPS","AmazonDynamoDB","Canada (Central)","AWS Region",,"DDB-ReadUnits","DynamoDB Provisioned Read Units","CAN1-ReadCapacityUnit-Hrs","CommittedThroughput","ca-central-1","Amazon DynamoDB",
"U6HNT9HYF8K6NWXR","JRTCKXETXF","U6HNT9HYF8K6NWXR.JRTCKXETXF.6YS6EN2CT7","OnDemand","$0.00078 per hour for units of Replicated Write Capacity in AWS GovCloud (US)","2026-07-01","0","Inf","ReplicatedWriteCapacityUnit-Hrs","0.0007800000","USD",,,,"DDB-Operation-ReplicatedWrite","AmazonDynamoDB","AWS GovCloud (US-West)","AWS Region",,"DDB-ReplicatedWriteUnits","DynamoDB Provisioned Replicated Write Units","UGW1-ReplWriteCapacityUnit-Hrs","CommittedThroughput","us-gov-west-1","Amazon DynamoDB",
"U6XVHEXKK37ZA6GM","JRTCKXETXF","U6XVHEXKK37ZA6GM.JRTCKXETXF.6YS6EN2CT7","OnDemand","$0.77875 per GB of IA vector write requests in Asia Pacific (New Zealand)","2026-07-01","0","Inf","GB","0.7787500000","USD",,,,"Amazon DynamoDB PayPerRequest Throughput","AmazonDynamoDB","Asia Pacific (New Zealand)","AWS Region",,,,"APS8-IA-VectorWriteRequest","","ap-southeast-6","Amazon DynamoDB",
"UAMU2SUYRHYNMFNX","JRTCKXETXF","UAMU2SUYRHYNMFNX.JRTCKXETXF.6YS6EN2CT7","OnDemand","$0.9345 per million DynamoDB IA Replicated Write Request Units in Asia Pacific (New Zealand)","2026-07-01","0","Inf","ReplicatedWriteRequestUnits","0.0000009345","USD",,,,"Amazon DynamoDB PayPerRequest Throughput","AmazonDynamoDB","Asia Pacific (New Zealand)","AWS Region",,"DDB-ReplicatedWriteUnitsIA","DynamoDB PayPerRequest Replicated Write Request Units IA","APS8-IA-ReplWriteRequestUnits","PayPerRequestThroughput","ap-southeast-6","Amazon DynamoDB",
"UBFNR9GE3BFFEMV7","JRTCKXETXF","UBFNR9GE3BFFEMV7.JRTCKXETXF.6YS6EN2CT7","OnDemand","$0.15 per million read request units in AWS GovCloud (US-East)","2026-07-01","0","Inf","ReadRequestUnits","0.0000001500","USD",,,,"Amazon DynamoDB PayPerRequest Throughput","AmazonDynamoDB","AWS GovCloud (US-East)","AWS Region",,"DDB-ReadUnits","DynamoDB PayPerRequest Read Request Units","UGE1-ReadRequestUnits","PayPerRequestThroughput","us-gov-east-1","Amazon DynamoDB",
"UBHH9EJP6ASXDWB7","JRTCKXETXF","UBHH9EJP6ASXDWB7.JRTCKXETXF.M9QGYPQ72M","OnDemand","$0.00 for 2.5 million DynamoDB Streams read request units for a month (free tier) in Europe (Zurich)","2026-07-01","0","2500000","Requests","0.0000000000","USD",,,,"API Request","AmazonDynamoDB","Europe (Zurich)","AWS Region",,"DDB-StreamsReadRequests","DynamoDB Streams read request (GetRecords API)","EUC2-Streams-Requests","GetRecords","eu-central-2","Amazon DynamoDB",
"UBHH9EJP6ASXDWB7","JRTCKXETXF","UBHH9EJP6ASXDWB7.JRTCKXETXF.AUKFMGQW43","OnDemand","$0.0000002695 per DynamoDB Streams read request unit beyond free tier in Europe (Zurich)","2026-07-01","2500000","Inf","Requests","0.0000002700","USD",,,,"API Request","AmazonDynamoDB","Europe (Zurich)","AWS Region",,"DDB-StreamsReadRequests","DynamoDB Streams read request (GetRecords API)","EUC2-Streams-Requests","GetRecords","eu-central-2","Amazon DynamoDB",
"UBNV9TA77WYRVCXH","JRTCKXETXF","UBNV9TA77WYRVCXH.JRTCKXETXF.6YS6EN2CT7","OnDemand","$0.1710 per GB for data import in Asia Pacific (Sydney)","2026-07-01","0","Inf","GB","0.1710000000","USD",,,,"Amazon DynamoDB Import Data Size","AmazonDynamoDB","Asia Pacific (Sydney)","AWS Region","Amazon DynamoDB - Import Size",,,"APS2-ImportDataSize-Bytes","","ap-southeast-2","Amazon DynamoDB",
"UCEMXGYA9DT3T7H9","JRTCKXETXF","UCEMXGYA9DT3T7H9.JRTCKXETXF.HBHVWY47CM","OnDemand","$0.0 per ReplicatedWriteCapacityUnit-Hrs in Middle East (Bahrain)","2026-07-01","0","18600","ReplicatedWriteCapacityUnit-Hrs","0.0000000000","USD",,,,"DDB-Operation-ReplicatedWrite","AmazonDynamoDB","Middle East (Bahrain)","AWS Region",,"DDB-ReplicatedWriteUnits","DynamoDB Provisioned Replicated Write Units","MES1-ReplWriteCapacityUnit-Hrs","CommittedThroughput","me-south-1","Amazon DynamoDB",
"UCEMXGYA9DT3T7H9","JRTCKXETXF","UCEMXGYA9DT3T7H9.JRTCKXETXF.E63J5HTPNN","OnDemand","$0.0008085 per ReplicatedWriteCapacityUnit-Hrs in Middle East (Bahrain)","2026-07-01","18600","Inf","ReplicatedWriteCapacityUnit-Hrs","0.0008085000","USD",,,,"DDB-Operation-ReplicatedWrite","AmazonDynamoDB","Middle East (Bahrain)","AWS Region",,"DDB-ReplicatedWriteUnits","DynamoDB Provisioned Replicated Write Units","MES1-ReplWriteCapacityUnit-Hrs","CommittedThroughput","me-south-1","Amazon DynamoDB",
"UDJEYNT3QF2VPEDH","JRTCKXETXF","UDJEYNT3QF2VPEDH.JRTCKXETXF.6YS6EN2CT7","OnDemand","$0.001219 per hour for units of IA replicated write capacity in South America (Sao Paulo)","2026-07-01","0","Inf","ReplicatedWriteCapacityUnit-Hrs","0.0012190000","USD",,,,"DDB-Operation-ReplicatedWrite","AmazonDynamoDB","South America (Sao Paulo)","AWS Region",,"DDB-ReplicatedWriteUnitsIA","DynamoDB Provisioned Replicated Write Units IA","SAE1-IA-ReplWriteCapacityUnit-Hrs","CommittedThroughput","sa-east-1","Amazon DynamoDB",
"UEHXPAVNPKGSF7JN","JRTCKXETXF","UEHXPAVNPKGSF7JN.JRTCKXETXF.6YS6EN2CT7","OnDemand","$0.1083 per GB-Month of storage used for on-demand backup","2026-07-01","0","Inf","GB-Month","0.1083000000","USD",,,,"Amazon DynamoDB On-Demand Backup Storage","AmazonDynamoDB","Asia Pacific (Seoul)","AWS Region","Amazon DynamoDB - On-Demand Backup Storage",,,"APN2-TimedBackupStorage-ByteHrs","","ap-northeast-2","Amazon DynamoDB",
"UFKMNCXGYJBW99VR","JRTCKXETXF","UFKMNCXGYJBW99VR.JRTCKXETXF.6YS6EN2CT7","OnDemand","$0.178 per million IA read request units in Asia Pacific (Tokyo)","2026-07-01","0","Inf","ReadRequestUnits","0.0000001780","USD",,,,"Amazon DynamoDB PayPerRequest Throughput","AmazonDynamoDB","Asia Pacific (Tokyo)","AWS Region",,"DDB-ReadUnitsIA","DynamoDB PayPerRequest Read Request Units IA","APN1-IA-ReadRequestUnits","PayPerRequestThroughput","ap-northeast-1","Amazon DynamoDB",
"UGMC2XP7PZW3A88R","JRTCKXETXF","UGMC2XP7PZW3A88R.JRTCKXETXF.6YS6EN2CT7","OnDemand","$0.89 per million IA write request units in Asia Pacific (Singapore)","2026-07-01","0","Inf","WriteRequestUnits","0.0000008900","USD",,,,"Amazon DynamoDB PayPerRequest Throughput","AmazonDynamoDB","Asia Pacific (Singapore)","AWS Region",,"DDB-WriteUnitsIA","DynamoDB PayPerRequest Write Request Units IA","APS1-IA-WriteRequestUnits","PayPerRequestThroughput","ap-southeast-1","Amazon DynamoDB",
"UHEPNYV3DD9WVNNP","JRTCKXETXF","UHEPNYV3DD9WVNNP.JRTCKXETXF.6YS6EN2CT7","OnDemand","$0.801 per million DynamoDB IA Write Request Units in Asia Pacific (Taipei)","2026-07-01","0","Inf","WriteRequestUnits","0.0000008010","USD",,,,"Amazon DynamoDB PayPerRequest Throughput","AmazonDynamoDB","Asia Pacific (Taipei)","AWS Region",,"DDB-WriteUnitsIA","DynamoDB PayPerRequest Write Request Units IA","APE2-IA-WriteRequestUnits","PayPerRequestThroughput","ap-east-2","Amazon DynamoDB",
"UHHKXMYNRVJTEWFD","HU7G6KETJZ","UHHKXMYNRVJTEWFD.HU7G6KETJZ.6YS6EN2CT7","Reserved","Linux/UNIX (Amazon VPC), dynamodb.read reserved instance applied","2026-08-04","0","Inf","ReadCapacityUnit-Hrs","0.0000300000","USD","1yr","Partial Upfront","standard","Provisioned IOPS","AmazonDynamoDB","Asia Pacific (New Zealand)","AWS Region",,"DDB-ReadUnits","DynamoDB Provisioned Read Units","APS8-ReadCapacityUnit-Hrs","CommittedThroughput","ap-southeast-6","Amazon DynamoDB",
"UHHKXMYNRVJTEWFD","HU7G6KETJZ","UHHKXMYNRVJTEWFD.HU7G6KETJZ.2TG2D8R56U","Reserved","Upfront Fee","2026-08-04",,,"Quantity","0.3591","USD","1yr","Partial Upfront","standard","Provisioned IOPS","AmazonDynamoDB","Asia Pacific (New Zealand)","AWS Region",,"DDB-ReadUnits","DynamoDB Provisioned Read Units","APS8-ReadCapacityUnit-Hrs","CommittedThroughput","ap-southeast-6","Amazon DynamoDB",
"UHHKXMYNRVJTEWFD","JRTCKXETXF","UHHKXMYNRVJTEWFD.JRTCKXETXF.HBHVWY47CM","OnDemand","$0.00 per hour for 25 units of DynamoDB Provisioned Read Capacity Units in Asia Pacific (New Zealand)","2026-07-01","0","18600","ReadCapacityUnit-Hrs","0.0000000000","USD",,,,"Provisioned IOPS","AmazonDynamoDB","Asia Pacific (New Zealand)","AWS Region",,"DDB-ReadUnits","DynamoDB Provisioned Read Units","APS8-ReadCapacityUnit-Hrs","CommittedThroughput","ap-southeast-6","Amazon DynamoDB",
"UHHKXMYNRVJTEWFD","JRTCKXETXF","UHHKXMYNRVJTEWFD.JRTCKXETXF.E63J5HTPNN","OnDemand","$0.0001554 per hour beyond the free tier for DynamoDB Provisioned Read Capacity Units in Asia Pacific (New Zealand)","2026-07-01","18600","Inf","ReadCapacityUnit-Hrs","0.0001554000","USD",,,,"Provisioned IOPS","AmazonDynamoDB","Asia Pacific (New Zealand)","AWS Region",,"DDB-ReadUnits","DynamoDB Provisioned Read Units","APS8-ReadCapacityUnit-Hrs","CommittedThroughput","ap-southeast-6","Amazon DynamoDB",
"UJDSYP8XXUZ7X797","JRTCKXETXF","UJDSYP8XXUZ7X797.JRTCKXETXF.6YS6EN2CT7","OnDemand","$0.171 per GB of data restored in Asia Pacific (Hyderabad)","2026-07-01","0","Inf","GB","0.1710000000","USD",,,,"Amazon DynamoDB Restore Data Size","AmazonDynamoDB","Asia Pacific (Hyderabad)","AWS Region","Amazon DynamoDB - Backup Restore Size",,,"APS5-RestoreDataSize-Bytes","","ap-south-2","Amazon DynamoDB",
"UJF9JVCDT5CC28NG","JRTCKXETXF","UJF9JVCDT5CC28NG.JRTCKXETXF.6YS6EN2CT7","OnDemand","$0.0002440 per hour for units of IA read capacity in South America (Sao Paulo)","2026-07-01","0","Inf","ReadCapacityUnit-Hrs","0.0002440000","USD",,,,"Provisioned IOPS","AmazonDynamoDB","South America (Sao Paulo)","AWS Region",,"DDB-ReadUnitsIA","DynamoDB Provisioned Read Units IA","SAE1-IA-ReadCapacityUnit-Hrs","CommittedThroughput","sa-east-1","Amazon DynamoDB",
"UJGJNWRM8WZ4BH56","JRTCKXETXF","UJGJNWRM8WZ4BH56.JRTCKXETXF.6YS6EN2CT7","OnDemand","$0.15 per GB of data restored","2026-07-01","0","Inf","GB","0.1500000000","USD",,,,"Amazon DynamoDB Restore Data Size","AmazonDynamoDB","US East (Ohio)","AWS Region","Amazon DynamoDB - Backup Restore Size",,,"USE2-RestoreDataSize-Bytes","","us-east-2","Amazon DynamoDB",
"UKQHCFER4QFSMKMD","JRTCKXETXF","UKQHCFER4QFSMKMD.JRTCKXETXF.6YS6EN2CT7","OnDemand","$0.20 per GB-Month of storage used for DynamoDB PITR backup","2026-07-01","0","Inf","GB-Mo","0.2000000000","USD",,,,"Database Storage","AmazonDynamoDB","US West (Oregon)","AWS Region","Amazon DynamoDB - Point-In-Time-Restore (PITR) Backup Storage",,,"USW2-TimedPITRStorage-ByteHrs","","us-west-2","Amazon DynamoDB",
"UNAJREARKQQVUQDC","JRTCKXETXF","UNAJREARKQQVUQDC.JRTCKXETXF.6YS6EN2CT7","OnDemand","$0.17829 per GB of data restored","2026-07-01","0","Inf","GB","0.1782900000","USD",,,,"Amazon DynamoDB Restore Data Size","AmazonDynamoDB","EU (London)","AWS Region","Amazon DynamoDB - Backup Restore Size",,,"EUW2-RestoreDataSize-Bytes","","eu-west-2","Amazon DynamoDB",
"UNCJFSHZ2ZQGDPJV","JRTCKXETXF","UNCJFSHZ2ZQGDPJV.JRTCKXETXF.G2A93NZ7DT","OnDemand","$0.00 per GB-Month of storage for first 25 free GB-Months","2026-07-01","0","25","GB-Mo","0.0000000000","USD",,,,"Database Storage","AmazonDynamoDB","US West (Oregon)","AWS Region","Amazon DynamoDB - Indexed DataStore",,,"USW2-TimedStorage-ByteHrs","","us-west-2","Amazon DynamoDB",
"UNCJFSHZ2ZQGDPJV","JRTCKXETXF","UNCJFSHZ2ZQGDPJV.JRTCKXETXF.VYAP54KATQ","OnDemand","$0.25 per GB-Month of storage used beyond first 25 free GB-Months","2026-07-01","25","Inf","GB-Mo","0.2500000000","USD",,,,"Database Storage","AmazonDynamoDB","US West (Oregon)","AWS Region","Amazon DynamoDB - Indexed DataStore",,,"USW2-TimedStorage-ByteHrs","","us-west-2","Amazon DynamoDB",
"UNXYY9FH9J3WVT3H","JRTCKXETXF","UNXYY9FH9J3WVT3H.JRTCKXETXF.6YS6EN2CT7","OnDemand","$0.1026 per GB-Month of storage used for on-demand backup in Asia Pacific (Malaysia)","2026-07-01","0","Inf","GB-Month","0.1026000000","USD",,,,"Amazon DynamoDB On-Demand Backup Storage","AmazonDynamoDB","Asia Pacific (Malaysia)","AWS Region","Amazon DynamoDB - On-Demand Backup Storage",,,"APS7-TimedBackupStorage-ByteHrs","","ap-southeast-5","Amazon DynamoDB",
"UNYP9JHTNU39Q48W","JRTCKXETXF","UNYP9JHTNU39Q48W.JRTCKXETXF.6YS6EN2CT7","OnDemand","$0.0025 per GB of IA vector data searched in US West (Oregon)","2026-07-01","0","Inf","GB","0.0025000000","USD",,,,"Amazon DynamoDB PayPerRequest Throughput","AmazonDynamoDB","US West (Oregon)","AWS Region",,,,"USW2-IA-VectorSearch","","us-west-2","Amazon DynamoDB",
"US3UFV48JHVWF89S","JRTCKXETXF","US3UFV48JHVWF89S.JRTCKXETXF.6YS6EN2CT7","OnDemand","$0.1695 per million IA read request units in Asia Pacific (Seoul)","2026-07-01","0","Inf","ReadRequestUnits","0.0000001695","USD",,,,"Amazon DynamoDB PayPerRequest Throughput","AmazonDynamoDB","Asia Pacific (Seoul)","AWS Region",,"DDB-ReadUnitsIA","DynamoDB PayPerRequest Read Request Units IA","APN2-IA-ReadRequestUnits","PayPerRequestThroughput","ap-northeast-2","Amazon DynamoDB",
"UU4US5AXXXJD8PH5","JRTCKXETXF","UU4US5AXXXJD8PH5.JRTCKXETXF.6YS6EN2CT7","OnDemand","$0.7755 per million write request units in Middle East (UAE)","2026-07-01","0","Inf","WriteRequestUnits","0.0000007755","USD",,,,"Amazon DynamoDB PayPerRequest Throughput","AmazonDynamoDB","Middle East (UAE)","AWS Region",,"DDB-WriteUnits","DynamoDB PayPerRequest Write Request Units","MEC1-WriteRequestUnits","PayPerRequestThroughput","me-central-1","Amazon DynamoDB",
"UVY696KZRAY4M54A","JRTCKXETXF","UVY696KZRAY4M54A.JRTCKXETXF.6YS6EN2CT7","OnDemand","$0.112 per GB-Month of storage used for on-demand backup","2026-07-01","0","Inf","GB-Month","0.1120000000","USD",,,,"Amazon DynamoDB On-Demand Backup Storage","AmazonDynamoDB","US West (N. California)","AWS Region","Amazon DynamoDB - On-Demand Backup Storage",,,"USW1-TimedBackupStorage-ByteHrs","","us-west-1","Amazon DynamoDB",
"UW59C4ZGW26D7F24","JRTCKXETXF","UW59C4ZGW26D7F24.JRTCKXETXF.6YS6EN2CT7","OnDemand","$0.0001855 per hour for units of IA read capacity in Asia Pacific (Singapore)","2026-07-01","0","Inf","ReadCapacityUnit-Hrs","0.0001855000","USD",,,,"Provisioned IOPS","AmazonDynamoDB","Asia Pacific (Singapore)","AWS Region",,"DDB-ReadUnitsIA","DynamoDB Provisioned Read Units IA","APS1-IA-ReadCapacityUnit-Hrs","CommittedThroughput","ap-southeast-1","Amazon DynamoDB",
"UWVFA8SAYXRU829B","JRTCKXETXF","UWVFA8SAYXRU829B.JRTCKXETXF.6YS6EN2CT7","OnDemand","$0.71 per million ReplicatedWriteRequestUnits in Asia Pacific (Jakarta)","2026-07-01","0","Inf","ReplicatedWriteRequestUnits","0.0000007100","USD",,,,"Amazon DynamoDB PayPerRequest Throughput","AmazonDynamoDB","Asia Pacific (Jakarta)","AWS Region",,"DDB-ReplicatedWriteUnits","DynamoDB PayPerRequest Replicated Write Request Units","APS4-ReplWriteRequestUnits","PayPerRequestThroughput","ap-southeast-3","Amazon DynamoDB",
"V3E9BYR8SZM4Q7JR","JRTCKXETXF","V3E9BYR8SZM4Q7JR.JRTCKXETXF.6YS6EN2CT7","OnDemand","$0.74167 per GB of IA vector write requests in Asia Pacific (Mumbai)","2026-07-01","0","Inf","GB","0.7416700000","USD",,,,"Amazon DynamoDB PayPerRequest Throughput","AmazonDynamoDB","Asia Pacific (Mumbai)","AWS Region",,,,"APS3-IA-VectorWriteRequest","","ap-south-1","Amazon DynamoDB",
"V54YY5S4S3DECX7A","JRTCKXETXF","V54YY5S4S3DECX7A.JRTCKXETXF.6YS6EN2CT7","OnDemand","$0.1500 per GB for data import in US East (N. Virginia)","2026-07-01","0","Inf","GB","0.1500000000","USD",,,,"Amazon DynamoDB Import Data Size","AmazonDynamoDB","US East (N. Virginia)","AWS Region","Amazon DynamoDB - Import Size",,,"USE1-ImportDataSize-Bytes","","us-east-1","Amazon DynamoDB",
"V7HCPZSHWDN82YMN","JRTCKXETXF","V7HCPZSHWDN82YMN.JRTCKXETXF.6YS6EN2CT7","OnDemand","$0.1076 per GB of incremental data exported in Europe (Stockholm)","2026-07-01","0","Inf","GB","0.1076000000","USD",,,,"Amazon DynamoDB Export Data Size","AmazonDynamoDB","EU (Stockholm)","AWS Region","Amazon DynamoDB - Incremental Export",,,"EUN1-IncrementalExportDataSize-Bytes","","eu-north-1","Amazon DynamoDB",
"V8JVJYK746HEDQAR","JRTCKXETXF","V8JVJYK746HEDQAR.JRTCKXETXF.M9QGYPQ72M","OnDemand","$0.00 for 2.5 million DynamoDB Streams read request units for a month (free tier) Europe West 3","2026-07-01","0","2500000","Requests","0.0000000000","USD",,,,"API Request","AmazonDynamoDB","EU (Paris)","AWS Region",,"DDB-StreamsReadRequests","DynamoDB Streams read request (GetRecords API)","EUW3-Streams-Requests","GetRecords","eu-west-3","Amazon DynamoDB",
"V8JVJYK746HEDQAR","JRTCKXETXF","V8JVJYK746HEDQAR.JRTCKXETXF.AUKFMGQW43","OnDemand","$0.000000237 per DynamoDB Streams read request unit beyond free tier Europe West 3","2026-07-01","2500000","Inf","Requests","0.0000002370","USD",,,,"API Request","AmazonDynamoDB","EU (Paris)","AWS Region",,"DDB-StreamsReadRequests","DynamoDB Streams read request (GetRecords API)","EUW3-Streams-Requests","GetRecords","eu-west-3","Amazon DynamoDB",
"VC4PEF2YFBJXU89P","JRTCKXETXF","VC4PEF2YFBJXU89P.JRTCKXETXF.6YS6EN2CT7","OnDemand","$0.78 per million IA write request units in US East (Ohio)","2026-07-01","0","Inf","WriteRequestUnits","0.0000007800","USD",,,,"Amazon DynamoDB PayPerRequest Throughput","AmazonDynamoDB","US East (Ohio)","AWS Region",,"DDB-WriteUnitsIA","DynamoDB PayPerRequest Write Request Units IA","USE2-IA-WriteRequestUnits","PayPerRequestThroughput","us-east-2","Amazon DynamoDB",
"VD53ZTRTBARUXR9X","JRTCKXETXF","VD53ZTRTBARUXR9X.JRTCKXETXF.6YS6EN2CT7","OnDemand","$0.00244 per GB of vector data searched in EU (Frankfurt)","2026-07-01","0","Inf","GB","0.0024400000","USD",,,,"Amazon DynamoDB PayPerRequest Throughput","AmazonDynamoDB","EU (Frankfurt)","AWS Region",,,,"EUC1-VectorSearch","","eu-central-1","Amazon DynamoDB","Standard"
"VF7EQVYTR8EQVTHX","JRTCKXETXF","VF7EQVYTR8EQVTHX.JRTCKXETXF.6YS6EN2CT7","OnDemand","$0.0009060 per hour for units of IA write capacity in US West (N. California)","2026-07-01","0","Inf","WriteCapacityUnit-Hrs","0.0009060000","USD",,,,"Provisioned IOPS","AmazonDynamoDB","US West (N. California)","AWS Region",,"DDB-WriteUnitsIA","DynamoDB Provisioned Write Units IA","USW1-IA-WriteCapacityUnit-Hrs","CommittedThroughput","us-west-1","Amazon DynamoDB",
"VGEJR6U4QS3VRSGD","JRTCKXETXF","VGEJR6U4QS3VRSGD.JRTCKXETXF.6YS6EN2CT7","OnDemand","$0.13090 per GB of data exported in Africa (Cape Town)","2026-07-01","0","Inf","GB","0.1309000000","USD",,,,"Amazon DynamoDB Export Data Size","AmazonDynamoDB","Africa (Cape Town)","AWS Region","Amazon DynamoDB - Export Size",,,"AFS1-ExportDataSize-Bytes","","af-south-1","Amazon DynamoDB",
"VJ86359NFUYV4P2J","JRTCKXETXF","VJ86359NFUYV4P2J.JRTCKXETXF.6YS6EN2CT7","OnDemand","$0.625 per million replicated write request units (Ohio)","2026-07-01","0","Inf","ReplicatedWriteRequestUnits","0.0000006250","USD",,,,"Amazon DynamoDB PayPerRequest Throughput","AmazonDynamoDB","US East (Ohio)","AWS Region",,"DDB-ReplicatedWriteUnits","DynamoDB PayPerRequest Replicated Write Request Units","USE2-ReplWriteRequestUnits","PayPerRequestThroughput","us-east-2","Amazon DynamoDB",
"VJMXWV8FXGUAER8S","JRTCKXETXF","VJMXWV8FXGUAER8S.JRTCKXETXF.6YS6EN2CT7","OnDemand","$0.1342 per million change data capture units for Kinesis Data Streams in Europe (Zurich)","2026-07-01","0","Inf","ChangeDataCaptureUnits","0.0000001340","USD",,,,,"AmazonDynamoDB","Europe (Zurich)","AWS Region",,"DDB-Kinesis","Change Data Capture Units for Kinesis Data Streams","EUC2-ChangeDataCaptureUnits-Kinesis","DelegatedOperations","eu-central-2","Amazon DynamoDB",
"VK9WXJVG792JCF2F","JRTCKXETXF","VK9WXJVG792JCF2F.JRTCKXETXF.HBHVWY47CM","OnDemand","$0.00 per hour for 25 units of read capacity for a month (free tier)","2026-07-01","0","18600","ReadCapacityUnit-Hrs","0.0000000000","USD",,,,"Provisioned IOPS","AmazonDynamoDB","EU (London)","AWS Region",,"DDB-ReadUnits","DynamoDB Provisioned Read Units","EUW2-ReadCapacityUnit-Hrs","CommittedThroughput","eu-west-2","Amazon DynamoDB",
"VK9WXJVG792JCF2F","JRTCKXETXF","VK9WXJVG792JCF2F.JRTCKXETXF.E63J5HTPNN","OnDemand","$0.0001544 per hour for units of read capacity beyond the free tier","2026-07-01","18600","Inf","ReadCapacityUnit-Hrs","0.0001544000","USD",,,,"Provisioned IOPS","AmazonDynamoDB","EU (London)","AWS Region",,"DDB-ReadUnits","DynamoDB Provisioned Read Units","EUW2-ReadCapacityUnit-Hrs","CommittedThroughput","eu-west-2","Amazon DynamoDB",
"VK9WXJVG792JCF2F","YTVHEVGPBZ","VK9WXJVG792JCF2F.YTVHEVGPBZ.6YS6EN2CT7","Reserved","Amazon DynamoDB, Reserved Read Capacity used this month","2026-08-04","0","Inf","ReadCapacityUnit-Hrs","0.0000310000","USD","1yr","Heavy Utilization","standard","Provisioned IOPS","AmazonDynamoDB","EU (London)","AWS Region",,"DDB-ReadUnits","DynamoDB Provisioned Read Units","EUW2-ReadCapacityUnit-Hrs","CommittedThroughput","eu-west-2","Amazon DynamoDB",
"VK9WXJVG792JCF2F","YTVHEVGPBZ","VK9WXJVG792JCF2F.YTVHEVGPBZ.2TG2D8R56U","Reserved","Upfront Fee","2026-08-04",,,"Quantity","0.356","USD","1yr","Heavy Utilization","standard","Provisioned IOPS","AmazonDynamoDB","EU (London)","AWS Region",,"DDB-ReadUnits","DynamoDB Provisioned Read Units","EUW2-ReadCapacityUnit-Hrs","CommittedThroughput","eu-west-2","Amazon DynamoDB",
"VKWU4339X7WPBVJ7","JRTCKXETXF","VKWU4339X7WPBVJ7.JRTCKXETXF.M9QGYPQ72M","OnDemand","$0.00 for 2.5 million DynamoDB Streams read request units for a month (free tier) in EU (Milan)","2026-07-01","0","2500000","Requests","0.0000000000","USD",,,,"API Request","AmazonDynamoDB","EU (Milan)","AWS Region",,"DDB-StreamsReadRequests","DynamoDB Streams read request (GetRecords API)","EUS1-Streams-Requests","GetRecords","eu-south-1","Amazon DynamoDB",
"VKWU4339X7WPBVJ7","JRTCKXETXF","VKWU4339X7WPBVJ7.JRTCKXETXF.AUKFMGQW43","OnDemand","$0.0000002377 per DynamoDB Streams read request unit beyond free tier in EU (Milan)","2026-07-01","2500000","Inf","Requests","0.0000002377","USD",,,,"API Request","AmazonDynamoDB","EU (Milan)","AWS Region",,"DDB-StreamsReadRequests","DynamoDB Streams read request (GetRecords API)","EUS1-Streams-Requests","GetRecords","eu-south-1","Amazon DynamoDB",
"VRY3YPNFT7C8VX6T","JRTCKXETXF","VRY3YPNFT7C8VX6T.JRTCKXETXF.HBHVWY47CM","OnDemand","$0.00 per hour for 25 units of replicated write capacity for a month (free tier)","2026-07-01","0","18600","ReplicatedWriteCapacityUnit-Hrs","0.0000000000","USD",,,,"DDB-Operation-ReplicatedWrite","AmazonDynamoDB","US East (Ohio)","AWS Region",,"DDB-ReplicatedWriteUnits","DynamoDB Provisioned Replicated Write Units","USE2-ReplWriteCapacityUnit-Hrs","CommittedThroughput","us-east-2","Amazon DynamoDB",
"VRY3YPNFT7C8VX6T","JRTCKXETXF","VRY3YPNFT7C8VX6T.JRTCKXETXF.E63J5HTPNN","OnDemand","$0.00065 per hour for units of replicated write capacity beyond the free tier","2026-07-01","18600","Inf","ReplicatedWriteCapacityUnit-Hrs","0.0006500000","USD",,,,"DDB-Operation-ReplicatedWrite","AmazonDynamoDB","US East (Ohio)","AWS Region",,"DDB-ReplicatedWriteUnits","DynamoDB Provisioned Replicated Write Units","USE2-ReplWriteCapacityUnit-Hrs","CommittedThroughput","us-east-2","Amazon DynamoDB",
"VTZNXUZKWFZWTV4W","JRTCKXETXF","VTZNXUZKWFZWTV4W.JRTCKXETXF.6YS6EN2CT7","OnDemand","$0.59488 per GB of vector write requests in Asia Pacific (Osaka)","2026-07-01","0","Inf","GB","0.5948800000","USD",,,,"Amazon DynamoDB PayPerRequest Throughput","AmazonDynamoDB","Asia Pacific (Osaka)","AWS Region",,,,"APN3-VectorWriteRequest","","ap-northeast-3","Amazon DynamoDB","Standard"
"VVETX765RMB7JKJ8","JRTCKXETXF","VVETX765RMB7JKJ8.JRTCKXETXF.6YS6EN2CT7","OnDemand","$0.89 per million IA write request units in Asia Pacific (Tokyo)","2026-07-01","0","Inf","WriteRequestUnits","0.0000008900","USD",,,,"Amazon DynamoDB PayPerRequest Throughput","AmazonDynamoDB","Asia Pacific (Tokyo)","AWS Region",,"DDB-WriteUnitsIA","DynamoDB PayPerRequest Write Request Units IA","APN1-IA-WriteRequestUnits","PayPerRequestThroughput","ap-northeast-1","Amazon DynamoDB",
"VVMPERN6EF8ZC6XE","JRTCKXETXF","VVMPERN6EF8ZC6XE.JRTCKXETXF.6YS6EN2CT7","OnDemand","$0.71 per million write request units in Asia Pacific (Jakarta)","2026-07-01","0","Inf","WriteRequestUnits","0.0000007100","USD",,,,"Amazon DynamoDB PayPerRequest Throughput","AmazonDynamoDB","Asia Pacific (Jakarta)","AWS Region",,"DDB-WriteUnits","DynamoDB PayPerRequest Write Request Units","APS4-WriteRequestUnits","PayPerRequestThroughput","ap-southeast-3","Amazon DynamoDB",
"VWCETPT8JCRYPKVM","JRTCKXETXF","VWCETPT8JCRYPKVM.JRTCKXETXF.6YS6EN2CT7","OnDemand","$0.3 per GB-Month of storage used","2026-07-01","0","Inf","GB-Mo","0.3000000000","USD",,,,"Database Storage","AmazonDynamoDB","AWS GovCloud (US-West)","AWS Region","Amazon DynamoDB - Indexed DataStore",,,"UGW1-TimedStorage-ByteHrs","","us-gov-west-1","Amazon DynamoDB",
"VWFTNPCTRJGGGXNN","JRTCKXETXF","VWFTNPCTRJGGGXNN.JRTCKXETXF.6YS6EN2CT7","OnDemand","$0.93 per million replicated IA write request units in EU (Milan)","2026-07-01","0","Inf","ReplicatedWriteRequestUnits","0.0000009300","USD",,,,"Amazon DynamoDB PayPerRequest Throughput","AmazonDynamoDB","EU (Milan)","AWS Region",,"DDB-ReplicatedWriteUnitsIA","DynamoDB PayPerRequest Replicated Write Request Units IA","EUS1-IA-ReplWriteRequestUnits","PayPerRequestThroughput","eu-south-1","Amazon DynamoDB",
"VZ33TY43C5NTHGRS","JRTCKXETXF","VZ33TY43C5NTHGRS.JRTCKXETXF.6YS6EN2CT7","OnDemand","$0.0001855 per hour for units of IA read capacity in Asia Pacific (Jakarta)","2026-07-01","0","Inf","ReadCapacityUnit-Hrs","0.0001855000","USD",,,,"Provisioned IOPS","AmazonDynamoDB","Asia Pacific (Jakarta)","AWS Region",,"DDB-ReadUnitsIA","DynamoDB Provisioned Read Units IA","APS4-IA-ReadCapacityUnit-Hrs","CommittedThroughput","ap-southeast-3","Amazon DynamoDB",
"W2KCDRQRMXNRNHTR","JRTCKXETXF","W2KCDRQRMXNRNHTR.JRTCKXETXF.6YS6EN2CT7","OnDemand","$0.785 per million write request units in Asia Pacific (Hong Kong)","2026-07-01","0","Inf","WriteRequestUnits","0.0000007850","USD",,,,"Amazon DynamoDB PayPerRequest Throughput","AmazonDynamoDB","Asia Pacific (Hong Kong)","AWS Region",,"DDB-WriteUnits","DynamoDB PayPerRequest Write Request Units","APE1-WriteRequestUnits","PayPerRequestThroughput","ap-east-1","Amazon DynamoDB",
"W47MHDXWNGPJY8WF","JRTCKXETXF","W47MHDXWNGPJY8WF.JRTCKXETXF.6YS6EN2CT7","OnDemand","$0.0024 per GB of vector data searched in AWS GovCloud (US-West)","2026-07-01","0","Inf","GB","0.0024000000","USD",,,,"Amazon DynamoDB PayPerRequest Throughput","AmazonDynamoDB","AWS GovCloud (US-West)","AWS Region",,,,"UGW1-VectorSearch","","us-gov-west-1","Amazon DynamoDB","Standard"
"W5NTQCAP68P7VRWE","JRTCKXETXF","W5NTQCAP68P7VRWE.JRTCKXETXF.6YS6EN2CT7","OnDemand","$0.1140 per GB of incremental data exported in Asia Pacific (Sydney)","2026-07-01","0","Inf","GB","0.1140000000","USD",,,,"Amazon DynamoDB Export Data Size","AmazonDynamoDB","Asia Pacific (Sydney)","AWS Region","Amazon DynamoDB - Incremental Export",,,"APS2-IncrementalExportDataSize-Bytes","","ap-southeast-2","Amazon DynamoDB",
"W73KZTNZ7UBXFD8S","JRTCKXETXF","W73KZTNZ7UBXFD8S.JRTCKXETXF.6YS6EN2CT7","OnDemand","$0.22 per GB-Month of storage used for DynamoDB PITR backup","2026-07-01","0","Inf","GB-Mo","0.2200000000","USD",,,,"Database Storage","AmazonDynamoDB","EU (Ireland)","AWS Region","Amazon DynamoDB - Point-In-Time-Restore (PITR) Backup Storage",,,"EU-TimedPITRStorage-ByteHrs","","eu-west-1","Amazon DynamoDB",
"W7AWMHG9972MU4V6","JRTCKXETXF","W7AWMHG9972MU4V6.JRTCKXETXF.6YS6EN2CT7","OnDemand","$0.9279 per million IA write request units in EU (London)","2026-07-01","0","Inf","WriteRequestUnits","0.0000009279","USD",,,,"Amazon DynamoDB PayPerRequest Throughput","AmazonDynamoDB","EU (London)","AWS Region",,"DDB-WriteUnitsIA","DynamoDB PayPerRequest Write Request Units IA","EUW2-IA-WriteRequestUnits","PayPerRequestThroughput","eu-west-2","Amazon DynamoDB",
"W7QHZRBMSZ94SXJ5","JRTCKXETXF","W7QHZRBMSZ94SXJ5.JRTCKXETXF.HBHVWY47CM","OnDemand","$0.00 per hour for 25 units of read capacity for a month (free tier)","2026-07-01","0","18600","ReadCapacityUnit-Hrs","0.0000000000","USD",,,,"Provisioned IOPS","AmazonDynamoDB","US West (Oregon)","AWS Region",,"DDB-ReadUnits","DynamoDB Provisioned Read Units","USW2-ReadCapacityUnit-Hrs","CommittedThroughput","us-west-2","Amazon DynamoDB",
"W7QHZRBMSZ94SXJ5","JRTCKXETXF","W7QHZRBMSZ94SXJ5.JRTCKXETXF.E63J5HTPNN","OnDemand","$0.00013 per hour for units of read capacity beyond the free tier","2026-07-01","18600","Inf","ReadCapacityUnit-Hrs","0.0001300000","USD",,,,"Provisioned IOPS","AmazonDynamoDB","US West (Oregon)","AWS Region",,"DDB-ReadUnits","DynamoDB Provisioned Read Units","USW2-ReadCapacityUnit-Hrs","CommittedThroughput","us-west-2","Amazon DynamoDB",
"W7QHZRBMSZ94SXJ5","VG8YD49WWM","W7QHZRBMSZ94SXJ5.VG8YD49WWM.6YS6EN2CT7","Reserved","Amazon DynamoDB, Reserved Read Capacity used this month","2026-08-04","0","Inf","ReadCapacityUnit-Hrs","0.0000160000","USD","3yr","Heavy Utilization","standard","Provisioned IOPS","AmazonDynamoDB","US West (Oregon)","AWS Region",,"DDB-ReadUnits","DynamoDB Provisioned Read Units","USW2-ReadCapacityUnit-Hrs","CommittedThroughput","us-west-2","Amazon DynamoDB",
"W7QHZRBMSZ94SXJ5","VG8YD49WWM","W7QHZRBMSZ94SXJ5.VG8YD49WWM.2TG2D8R56U","Reserved","Upfront Fee","2026-08-04",,,"Quantity","0.36","USD","3yr","Heavy Utilization","standard","Provisioned IOPS","AmazonDynamoDB","US West (Oregon)","AWS Region",,"DDB-ReadUnits","DynamoDB Provisioned Read Units","USW2-ReadCapacityUnit-Hrs","CommittedThroughput","us-west-2","Amazon DynamoDB",
"W7QHZRBMSZ94SXJ5","YTVHEVGPBZ","W7QHZRBMSZ94SXJ5.YTVHEVGPBZ.6YS6EN2CT7","Reserved","Amazon DynamoDB, Reserved Read Capacity used this month","2026-08-04","0","Inf","ReadCapacityUnit-Hrs","0.0000250000","USD","1yr","Heavy Utilization","standard","Provisioned IOPS","AmazonDynamoDB","US West (Oregon)","AWS Region",,"DDB-ReadUnits","DynamoDB Provisioned Read Units","USW2-ReadCapacityUnit-Hrs","CommittedThroughput","us-west-2","Amazon DynamoDB",
"W7QHZRBMSZ94SXJ5","YTVHEVGPBZ","W7QHZRBMSZ94SXJ5.YTVHEVGPBZ.2TG2D8R56U","Reserved","Upfront Fee","2026-08-04",,,"Quantity","0.3","USD","1yr","Heavy Utilization","standard","Provisioned IOPS","AmazonDynamoDB","US West (Oregon)","AWS Region",,"DDB-ReadUnits","DynamoDB Provisioned Read Units","USW2-ReadCapacityUnit-Hrs","CommittedThroughput","us-west-2","Amazon DynamoDB",
"W8ERENBEK6BZJAWC","JRTCKXETXF","W8ERENBEK6BZJAWC.JRTCKXETXF.6YS6EN2CT7","OnDemand","$0.0025 per GB of IA vector data searched in US East (N. Virginia)","2026-07-01","0","Inf","GB","0.0025000000","USD",,,,"Amazon DynamoDB PayPerRequest Throughput","AmazonDynamoDB","US East (N. Virginia)","AWS Region",,,,"USE1-IA-VectorSearch","","us-east-1","Amazon DynamoDB",
"WARP4MVC54CGJD5X","JRTCKXETXF","WARP4MVC54CGJD5X.JRTCKXETXF.6YS6EN2CT7","OnDemand","$0.2023 per GB of data restored in Africa (Cape Town)","2026-07-01","0","Inf","GB","0.2023000000","USD",,,,"Amazon DynamoDB Restore Data Size","AmazonDynamoDB","Africa (Cape Town)","AWS Region","Amazon DynamoDB - Backup Restore Size",,,"AFS1-RestoreDataSize-Bytes","","af-south-1","Amazon DynamoDB",
"WCC72VYUQDX8TDND","JRTCKXETXF","WCC72VYUQDX8TDND.JRTCKXETXF.6YS6EN2CT7","OnDemand","$0.0009300 per hour for units of IA write capacity in Asia Pacific (Sydney)","2026-07-01","0","Inf","WriteCapacityUnit-Hrs","0.0009300000","USD",,,,"Provisioned IOPS","AmazonDynamoDB","Asia Pacific (Sydney)","AWS Region",,"DDB-WriteUnitsIA","DynamoDB Provisioned Write Units IA","APS2-IA-WriteCapacityUnit-Hrs","CommittedThroughput","ap-southeast-2","Amazon DynamoDB",
"WD23Q9EHFU2DADW4","JRTCKXETXF","WD23Q9EHFU2DADW4.JRTCKXETXF.6YS6EN2CT7","OnDemand","$0.1425 per million read request units in Asia Pacific (Hyderabad)","2026-07-01","0","Inf","ReadRequestUnits","0.0000001425","USD",,,,"Amazon DynamoDB PayPerRequest Throughput","AmazonDynamoDB","Asia Pacific (Hyderabad)","AWS Region",,"DDB-ReadUnits","DynamoDB PayPerRequest Read Request Units","APS5-ReadRequestUnits","PayPerRequestThroughput","ap-south-2","Amazon DynamoDB",
"WEHPMVW4EYQA56K7","JRTCKXETXF","WEHPMVW4EYQA56K7.JRTCKXETXF.6YS6EN2CT7","OnDemand","$0.59072 per GB of vector write requests in Asia Pacific (Jakarta)","2026-07-01","0","Inf","GB","0.5907200000","USD",,,,"Amazon DynamoDB PayPerRequest Throughput","AmazonDynamoDB","Asia Pacific (Jakarta)","AWS Region",,,,"APS4-VectorWriteRequest","","ap-southeast-3","Amazon DynamoDB","Standard"
"WFE88M28C5XYNJ9T","JRTCKXETXF","WFE88M28C5XYNJ9T.JRTCKXETXF.6YS6EN2CT7","OnDemand","$0.89 per million replicated IA write request units in Asia Pacific (Osaka)","2026-07-01","0","Inf","ReplicatedWriteRequestUnits","0.0000008900","USD",,,,"Amazon DynamoDB PayPerRequest Throughput","AmazonDynamoDB","Asia Pacific (Osaka)","AWS Region",,"DDB-ReplicatedWriteUnitsIA","DynamoDB PayPerRequest Replicated Write Request Units IA","APN3-IA-ReplWriteRequestUnits","PayPerRequestThroughput","ap-northeast-3","Amazon DynamoDB",
"WFEXVW93EKGX7JYJ","JRTCKXETXF","WFEXVW93EKGX7JYJ.JRTCKXETXF.6YS6EN2CT7","OnDemand","$0.84 per million replicated IA write request units in EU (Stockholm)","2026-07-01","0","Inf","ReplicatedWriteRequestUnits","0.0000008400","USD",,,,"Amazon DynamoDB PayPerRequest Throughput","AmazonDynamoDB","EU (Stockholm)","AWS Region",,"DDB-ReplicatedWriteUnitsIA","DynamoDB PayPerRequest Replicated Write Request Units IA","EUN1-IA-ReplWriteRequestUnits","PayPerRequestThroughput","eu-north-1","Amazon DynamoDB",
"WGTMEYSDVXV9WSPN","JRTCKXETXF","WGTMEYSDVXV9WSPN.JRTCKXETXF.6YS6EN2CT7","OnDemand","$0.68 per million replicated write request units (Asia Pacific (Korea))","2026-07-01","0","Inf","ReplicatedWriteRequestUnits","0.0000006800","USD",,,,"Amazon DynamoDB PayPerRequest Throughput","AmazonDynamoDB","Asia Pacific (Seoul)","AWS Region",,"DDB-ReplicatedWriteUnits","DynamoDB PayPerRequest Replicated Write Request Units","APN2-ReplWriteRequestUnits","PayPerRequestThroughput","ap-northeast-2","Amazon DynamoDB",
"WH2SPZ6RQ2KZMEED","JRTCKXETXF","WH2SPZ6RQ2KZMEED.JRTCKXETXF.6YS6EN2CT7","OnDemand","$0.1196 per million Change Data Capture Units for Kinesis Data Streams in Asia Pacific (New Zealand)","2026-07-01","0","Inf","ChangeDataCaptureUnits","0.0000001196","USD",,,,,"AmazonDynamoDB","Asia Pacific (New Zealand)","AWS Region",,"DDB-Kinesis","Change Data Capture Units for Kinesis Data Streams","APS8-ChangeDataCaptureUnits-Kinesis","DelegatedOperations","ap-southeast-6","Amazon DynamoDB",
"WJH7K2FU3ZH24EVD","JRTCKXETXF","WJH7K2FU3ZH24EVD.JRTCKXETXF.6YS6EN2CT7","OnDemand","$0.1855 per million IA read request units in EU (Milan)","2026-07-01","0","Inf","ReadRequestUnits","0.0000001855","USD",,,,"Amazon DynamoDB PayPerRequest Throughput","AmazonDynamoDB","EU (Milan)","AWS Region",,"DDB-ReadUnitsIA","DynamoDB PayPerRequest Read Request Units IA","EUS1-IA-ReadRequestUnits","PayPerRequestThroughput","eu-south-1","Amazon DynamoDB",
"WMZ5H5QJRWB4RWRM","JRTCKXETXF","WMZ5H5QJRWB4RWRM.JRTCKXETXF.6YS6EN2CT7","OnDemand","$0.15000 per GB-Month of IA storage in South America (Sao Paulo)","2026-07-01","0","Inf","GB-Mo","0.1500000000","USD",,,,"Database Storage","AmazonDynamoDB","South America (Sao Paulo)","AWS Region","Amazon DynamoDB - Indexed DataStore - IA",,,"SAE1-IA-TimedStorage-ByteHrs","","sa-east-1","Amazon DynamoDB",
"WN8PXNAHPZYQ6VBA","JRTCKXETXF","WN8PXNAHPZYQ6VBA.JRTCKXETXF.6YS6EN2CT7","OnDemand","$0.2052 per GB-Mo of storage used for Amazon DynamoDB - PITR Backup Storage in Asia Pacific (Taipei)","2026-07-01","0","Inf","GB-Mo","0.2052000000","USD",,,,"Database Storage","AmazonDynamoDB","Asia Pacific (Taipei)","AWS Region","Amazon DynamoDB - Point-In-Time-Restore (PITR) Backup Storage",,,"APE2-TimedPITRStorage-ByteHrs","","ap-east-2","Amazon DynamoDB",
"WNJRVD8MUKNS74X9","JRTCKXETXF","WNJRVD8MUKNS74X9.JRTCKXETXF.6YS6EN2CT7","OnDemand","$0.1309 per GB of incremental data exported in Africa (Cape Town)","2026-07-01","0","Inf","GB","0.1309000000","USD",,,,"Amazon DynamoDB Export Data Size","AmazonDynamoDB","Africa (Cape Town)","AWS Region","Amazon DynamoDB - Incremental Export",,,"AFS1-IncrementalExportDataSize-Bytes","","af-south-1","Amazon DynamoDB",
"WPPR5X7QUQ7QJ2CB","JRTCKXETXF","WPPR5X7QUQ7QJ2CB.JRTCKXETXF.6YS6EN2CT7","OnDemand","$0.00228 per GB of vector data searched in Asia Pacific (Jakarta)","2026-07-01","0","Inf","GB","0.0022800000","USD",,,,"Amazon DynamoDB PayPerRequest Throughput","AmazonDynamoDB","Asia Pacific (Jakarta)","AWS Region",,,,"APS4-VectorSearch","","ap-southeast-3","Amazon DynamoDB","Standard"
"WRA4Y9KGNW4ER2DQ","JRTCKXETXF","WRA4Y9KGNW4ER2DQ.JRTCKXETXF.6YS6EN2CT7","OnDemand","$0.1745 per million IA read request units in US West (N. California)","2026-07-01","0","Inf","ReadRequestUnits","0.0000001745","USD",,,,"Amazon DynamoDB PayPerRequest Throughput","AmazonDynamoDB","US West (N. California)","AWS Region",,"DDB-ReadUnitsIA","DynamoDB PayPerRequest Read Request Units IA","USW1-IA-ReadRequestUnits","PayPerRequestThroughput","us-west-1","Amazon DynamoDB",
"WRE2DUSY9CWVQDZN","JRTCKXETXF","WRE2DUSY9CWVQDZN.JRTCKXETXF.HBHVWY47CM","OnDemand","$0 per hour for 18,600 units of DynamoDB Provisioned Read Capacity Units in Mexico (Central)","2026-07-01","0","18600","ReadCapacityUnit-Hrs","0.0000000000","USD",,,,"Provisioned IOPS","AmazonDynamoDB","Mexico (Central)","AWS Region",,"DDB-ReadUnits","DynamoDB Provisioned Read Units","MXC1-ReadCapacityUnit-Hrs","CommittedThroughput","mx-central-1","Amazon DynamoDB",
"WRE2DUSY9CWVQDZN","JRTCKXETXF","WRE2DUSY9CWVQDZN.JRTCKXETXF.E63J5HTPNN","OnDemand","$0.0001365 per hour beyond the free tier for DynamoDB Provisioned Read Capacity Units in Mexico (Central)","2026-07-01","18600","Inf","ReadCapacityUnit-Hrs","0.0001365000","USD",,,,"Provisioned IOPS","AmazonDynamoDB","Mexico (Central)","AWS Region",,"DDB-ReadUnits","DynamoDB Provisioned Read Units","MXC1-ReadCapacityUnit-Hrs","CommittedThroughput","mx-central-1","Amazon DynamoDB",
"WRE2DUSY9CWVQDZN","YTVHEVGPBZ","WRE2DUSY9CWVQDZN.YTVHEVGPBZ.6YS6EN2CT7","Reserved","Amazon DynamoDB, Reserved Read Capacity used this month","2026-08-04","0","Inf","ReadCapacityUnit-Hrs","0.0000260000","USD","1yr","Heavy Utilization","standard","Provisioned IOPS","AmazonDynamoDB","Mexico (Central)","AWS Region",,"DDB-ReadUnits","DynamoDB Provisioned Read Units","MXC1-ReadCapacityUnit-Hrs","CommittedThroughput","mx-central-1","Amazon DynamoDB",
"WRE2DUSY9CWVQDZN","YTVHEVGPBZ","WRE2DUSY9CWVQDZN.YTVHEVGPBZ.2TG2D8R56U","Reserved","Upfront Fee","2026-08-04",,,"Quantity","0.315","USD","1yr","Heavy Utilization","standard","Provisioned IOPS","AmazonDynamoDB","Mexico (Central)","AWS Region",,"DDB-ReadUnits","DynamoDB Provisioned Read Units","MXC1-ReadCapacityUnit-Hrs","CommittedThroughput","mx-central-1","Amazon DynamoDB",
"WS7PDHAY5ME4EW2A","JRTCKXETXF","WS7PDHAY5ME4EW2A.JRTCKXETXF.6YS6EN2CT7","OnDemand","$0.1320 per GB of incremental data exported in Israel (Tel Aviv)","2026-07-01","0","Inf","GB","0.1320000000","USD",,,,"Amazon DynamoDB Export Data Size","AmazonDynamoDB","Israel (Tel Aviv)","AWS Region","Amazon DynamoDB - Incremental Export",,,"ILC1-IncrementalExportDataSize-Bytes","","il-central-1","Amazon DynamoDB",
"WTJSN68WNYDY9QZ6","JRTCKXETXF","WTJSN68WNYDY9QZ6.JRTCKXETXF.6YS6EN2CT7","OnDemand","$0.1100 per GB-Month for TimedBackupStorage-ByteHrs in Canada West (Calgary)","2026-07-01","0","Inf","GB-Month","0.1100000000","USD",,,,"Amazon DynamoDB On-Demand Backup Storage","AmazonDynamoDB","Canada West (Calgary)","AWS Region","Amazon DynamoDB - On-Demand Backup Storage",,,"CAN2-TimedBackupStorage-ByteHrs","","ca-west-1","Amazon DynamoDB",
"WTQ27GUM5ZDY4KKH","JRTCKXETXF","WTQ27GUM5ZDY4KKH.JRTCKXETXF.6YS6EN2CT7","OnDemand","$0.715 per million replicated write request units in Asia Pacific (Osaka)","2026-07-01","0","Inf","ReplicatedWriteRequestUnits","0.0000007150","USD",,,,"Amazon DynamoDB PayPerRequest Throughput","AmazonDynamoDB","Asia Pacific (Osaka)","AWS Region",,"DDB-ReplicatedWriteUnits","DynamoDB PayPerRequest Replicated Write Request Units","APN3-ReplWriteRequestUnits","PayPerRequestThroughput","ap-northeast-3","Amazon DynamoDB",
"WUVPMUPEMCNJ8B9U","JRTCKXETXF","WUVPMUPEMCNJ8B9U.JRTCKXETXF.6YS6EN2CT7","OnDemand","$0.00206 per GB of vector data searched in Asia Pacific (Thailand)","2026-07-01","0","Inf","GB","0.0020600000","USD",,,,"Amazon DynamoDB PayPerRequest Throughput","AmazonDynamoDB","Asia Pacific (Thailand)","AWS Region",,,,"APS9-VectorSearch","","ap-southeast-7","Amazon DynamoDB","Standard"
"WV4FDKKRTXEEK5J4","JRTCKXETXF","WV4FDKKRTXEEK5J4.JRTCKXETXF.6YS6EN2CT7","OnDemand","$0.1555 per million read request units in Middle East (Bahrain)","2026-07-01","0","Inf","ReadRequestUnits","0.0000001555","USD",,,,"Amazon DynamoDB PayPerRequest Throughput","AmazonDynamoDB","Middle East (Bahrain)","AWS Region",,"DDB-ReadUnits","DynamoDB PayPerRequest Read Request Units","MES1-ReadRequestUnits","PayPerRequestThroughput","me-south-1","Amazon DynamoDB",
"WXN5TAFE387X4449","JRTCKXETXF","WXN5TAFE387X4449.JRTCKXETXF.G2A93NZ7DT","OnDemand","$0.00 per GB-Mo of storage from 0 to 25 for Amazon DynamoDB in Asia Pacific (Taipei)","2026-07-01","0","25","GB-Mo","0.0000000000","USD",,,,"Database Storage","AmazonDynamoDB","Asia Pacific (Taipei)","AWS Region","Amazon DynamoDB - Indexed DataStore",,,"APE2-TimedStorage-ByteHrs","","ap-east-2","Amazon DynamoDB",
"WXN5TAFE387X4449","JRTCKXETXF","WXN5TAFE387X4449.JRTCKXETXF.VYAP54KATQ","OnDemand","$0.2565 per GB-Mo of storage beyond 25 for Amazon DynamoDB in Asia Pacific (Taipei)","2026-07-01","25","Inf","GB-Mo","0.2565000000","USD",,,,"Database Storage","AmazonDynamoDB","Asia Pacific (Taipei)","AWS Region","Amazon DynamoDB - Indexed DataStore",,,"APE2-TimedStorage-ByteHrs","","ap-east-2","Amazon DynamoDB",
"X2FXN3G2TX7QB2GN","JRTCKXETXF","X2FXN3G2TX7QB2GN.JRTCKXETXF.6YS6EN2CT7","OnDemand","$0.155 per million read request units in Asia Pacific (Hong Kong)","2026-07-01","0","Inf","ReadRequestUnits","0.0000001550","USD",,,,"Amazon DynamoDB PayPerRequest Throughput","AmazonDynamoDB","Asia Pacific (Hong Kong)","AWS Region",,"DDB-ReadUnits","DynamoDB PayPerRequest Read Request Units","APE1-ReadRequestUnits","PayPerRequestThroughput","ap-east-1","Amazon DynamoDB",
"X43FXEDHFRVHHYQR","JRTCKXETXF","X43FXEDHFRVHHYQR.JRTCKXETXF.6YS6EN2CT7","OnDemand","$0.71 per million write request units (Asia Pacific (Sydney))","2026-07-01","0","Inf","WriteRequestUnits","0.0000007100","USD",,,,"Amazon DynamoDB PayPerRequest Throughput","AmazonDynamoDB","Asia Pacific (Sydney)","AWS Region",,"DDB-WriteUnits","DynamoDB PayPerRequest Write Request Units","APS2-WriteRequestUnits","PayPerRequestThroughput","ap-southeast-2","Amazon DynamoDB",
"X4YQJTTMDUE2DDGC","JRTCKXETXF","X4YQJTTMDUE2DDGC.JRTCKXETXF.6YS6EN2CT7","OnDemand","$0.11400 per GB of data exported in Asia Pacific (Melbourne)","2026-07-01","0","Inf","GB","0.1140000000","USD",,,,"Amazon DynamoDB Export Data Size","AmazonDynamoDB","Asia Pacific (Melbourne)","AWS Region","Amazon DynamoDB - Export Size",,,"APS6-ExportDataSize-Bytes","","ap-southeast-4","Amazon DynamoDB",
"X5287MKANKTHAHKQ","JRTCKXETXF","X5287MKANKTHAHKQ.JRTCKXETXF.6YS6EN2CT7","OnDemand","$0.0009300 per hour for units of IA write capacity in Asia Pacific (Singapore)","2026-07-01","0","Inf","WriteCapacityUnit-Hrs","0.0009300000","USD",,,,"Provisioned IOPS","AmazonDynamoDB","Asia Pacific (Singapore)","AWS Region",,"DDB-WriteUnitsIA","DynamoDB Provisioned Write Units IA","APS1-IA-WriteCapacityUnit-Hrs","CommittedThroughput","ap-southeast-1","Amazon DynamoDB",
"X5G8ESE973X9G7E2","JRTCKXETXF","X5G8ESE973X9G7E2.JRTCKXETXF.6YS6EN2CT7","OnDemand","$0.00000024 per DynamoDB Streams read request unit (GovCloud (US) East)","2026-07-01","0","Inf","Requests","0.0000002400","USD",,,,"API Request","AmazonDynamoDB","AWS GovCloud (US-East)","AWS Region",,"DDB-StreamsReadRequests","DynamoDB Streams read request (GetRecords API)","UGE1-Streams-Requests","GetRecords","us-gov-east-1","Amazon DynamoDB",
"X5VWS3JTNSADZKBA","JRTCKXETXF","X5VWS3JTNSADZKBA.JRTCKXETXF.6YS6EN2CT7","OnDemand","$0.1026 per GB-Month of storage for Amazon DynamoDB On-Demand Backups in Asia Pacific (Thailand)","2026-07-01","0","Inf","GB-Month","0.1026000000","USD",,,,"Amazon DynamoDB On-Demand Backup Storage","AmazonDynamoDB","Asia Pacific (Thailand)","AWS Region","Amazon DynamoDB - On-Demand Backup Storage",,,"APS9-TimedBackupStorage-ByteHrs","","ap-southeast-7","Amazon DynamoDB",
"X67M8ZVRHTND3WEF","JRTCKXETXF","X67M8ZVRHTND3WEF.JRTCKXETXF.6YS6EN2CT7","OnDemand","$0.165 per GB of data restored","2026-07-01","0","Inf","GB","0.1650000000","USD",,,,"Amazon DynamoDB Restore Data Size","AmazonDynamoDB","Canada (Central)","AWS Region","Amazon DynamoDB - Backup Restore Size",,,"CAN1-RestoreDataSize-Bytes","","ca-central-1","Amazon DynamoDB",
"X8PP7UDYU6PJ49NP","JRTCKXETXF","X8PP7UDYU6PJ49NP.JRTCKXETXF.6YS6EN2CT7","OnDemand","$0.12450 per GB-Month of IA storage in Middle East (Bahrain)","2026-07-01","0","Inf","GB-Mo","0.1245000000","USD",,,,"Database Storage","AmazonDynamoDB","Middle East (Bahrain)","AWS Region","Amazon DynamoDB - Indexed DataStore - IA",,,"MES1-IA-TimedStorage-ByteHrs","","me-south-1","Amazon DynamoDB",
"XD2FN4QWFKZNBWCV","JRTCKXETXF","XD2FN4QWFKZNBWCV.JRTCKXETXF.6YS6EN2CT7","OnDemand","$0.78 per million IA write request units in US West (Oregon)","2026-07-01","0","Inf","WriteRequestUnits","0.0000007800","USD",,,,"Amazon DynamoDB PayPerRequest Throughput","AmazonDynamoDB","US West (Oregon)","AWS Region",,"DDB-WriteUnitsIA","DynamoDB PayPerRequest Write Request Units IA","USW2-IA-WriteRequestUnits","PayPerRequestThroughput","us-west-2","Amazon DynamoDB",
"XEXHURC3HMU9YX7K","JRTCKXETXF","XEXHURC3HMU9YX7K.JRTCKXETXF.6YS6EN2CT7","OnDemand","$0.0011028 per ReplicatedWriteCapacityUnit-Hrs in Israel (Tel Aviv)","2026-07-01","0","Inf","ReplicatedWriteCapacityUnit-Hrs","0.0011028000","USD",,,,"DDB-Operation-ReplicatedWrite","AmazonDynamoDB","Israel (Tel Aviv)","AWS Region",,"DDB-ReplicatedWriteUnitsIA","DynamoDB Provisioned Replicated Write Units IA","ILC1-IA-ReplWriteCapacityUnit-Hrs","CommittedThroughput","il-central-1","Amazon DynamoDB",
"XF4WN9CQUFPSY9SQ","JRTCKXETXF","XF4WN9CQUFPSY9SQ.JRTCKXETXF.6YS6EN2CT7","OnDemand","$0.1425 per million read request units (Asia Pacific (Singapore))","2026-07-01","0","Inf","ReadRequestUnits","0.0000001425","USD",,,,"Amazon DynamoDB PayPerRequest Throughput","AmazonDynamoDB","Asia Pacific (Singapore)","AWS Region",,"DDB-ReadUnits","DynamoDB PayPerRequest Read Request Units","APS1-ReadRequestUnits","PayPerRequestThroughput","ap-southeast-1","Amazon DynamoDB",
"XFGEC4CX3KPPC6Z8","JRTCKXETXF","XFGEC4CX3KPPC6Z8.JRTCKXETXF.G2A93NZ7DT","OnDemand","$0.00 per GB-Month of storage for first 25 free GB-Months","2026-07-01","0","25","GB-Mo","0.0000000000","USD",,,,"Database Storage","AmazonDynamoDB","South America (Sao Paulo)","AWS Region","Amazon DynamoDB - Indexed DataStore",,,"SAE1-TimedStorage-ByteHrs","","sa-east-1","Amazon DynamoDB",
"XFGEC4CX3KPPC6Z8","JRTCKXETXF","XFGEC4CX3KPPC6Z8.JRTCKXETXF.VYAP54KATQ","OnDemand","$0.375 per GB-Month of storage used beyond first 25 free GB-Months","2026-07-01","25","Inf","GB-Mo","0.3750000000","USD",,,,"Database Storage","AmazonDynamoDB","South America (Sao Paulo)","AWS Region","Amazon DynamoDB - Indexed DataStore",,,"SAE1-TimedStorage-ByteHrs","","sa-east-1","Amazon DynamoDB",
"XHHECG77SNQNEM7J","JRTCKXETXF","XHHECG77SNQNEM7J.JRTCKXETXF.6YS6EN2CT7","OnDemand","$0.885 per million IA write request units in Europe (Spain)","2026-07-01","0","Inf","WriteRequestUnits","0.0000008850","USD",,,,"Amazon DynamoDB PayPerRequest Throughput","AmazonDynamoDB","Europe (Spain)","AWS Region",,"DDB-WriteUnitsIA","DynamoDB PayPerRequest Write Request Units IA","EUS2-IA-WriteRequestUnits","PayPerRequestThroughput","eu-south-2","Amazon DynamoDB",
"XMP22N56QV3R5RHW","JRTCKXETXF","XMP22N56QV3R5RHW.JRTCKXETXF.G2A93NZ7DT","OnDemand","$0.00 per GB-Month of storage for first 25 free GB-Months","2026-07-01","0","25","GB-Mo","0.0000000000","USD",,,,"Database Storage","AmazonDynamoDB","Canada (Central)","AWS Region","Amazon DynamoDB - Indexed DataStore",,,"CAN1-TimedStorage-ByteHrs","","ca-central-1","Amazon DynamoDB",
"XMP22N56QV3R5RHW","JRTCKXETXF","XMP22N56QV3R5RHW.JRTCKXETXF.VYAP54KATQ","OnDemand","$0.275 per GB-Month of storage used beyond first 25 free GB-Months","2026-07-01","25","Inf","GB-Mo","0.2750000000","USD",,,,"Database Storage","AmazonDynamoDB","Canada (Central)","AWS Region","Amazon DynamoDB - Indexed DataStore",,,"CAN1-TimedStorage-ByteHrs","","ca-central-1","Amazon DynamoDB",
"XMTUUGVYPCWT753N","JRTCKXETXF","XMTUUGVYPCWT753N.JRTCKXETXF.6YS6EN2CT7","OnDemand","$0.11 per GB-Month of storage used for on-demand backup","2026-07-01","0","Inf","GB-Month","0.1100000000","USD",,,,"Amazon DynamoDB On-Demand Backup Storage","AmazonDynamoDB","Canada (Central)","AWS Region","Amazon DynamoDB - On-Demand Backup Storage",,,"CAN1-TimedBackupStorage-ByteHrs","","ca-central-1","Amazon DynamoDB",
"XMWPQRA2AMK9RGZ4","JRTCKXETXF","XMWPQRA2AMK9RGZ4.JRTCKXETXF.6YS6EN2CT7","OnDemand","$0.00258 per GB of IA vector data searched in Asia Pacific (Thailand)","2026-07-01","0","Inf","GB","0.0025800000","USD",,,,"Amazon DynamoDB PayPerRequest Throughput","AmazonDynamoDB","Asia Pacific (Thailand)","AWS Region",,,,"APS9-IA-VectorSearch","","ap-southeast-7","Amazon DynamoDB",
"XNC5G2DFZ44S7DZB","JRTCKXETXF","XNC5G2DFZ44S7DZB.JRTCKXETXF.HBHVWY47CM","OnDemand","$0.00 per hour for 25 units of replicated write capacity for a month (free tier) in Asia Pacific (Osaka)","2026-07-01","0","18600","ReplicatedWriteCapacityUnit-Hrs","0.0000000000","USD",,,,"DDB-Operation-ReplicatedWrite","AmazonDynamoDB","Asia Pacific (Osaka)","AWS Region",,"DDB-ReplicatedWriteUnits","DynamoDB Provisioned Replicated Write Units","APN3-ReplWriteCapacityUnit-Hrs","CommittedThroughput","ap-northeast-3","Amazon DynamoDB",
"XNC5G2DFZ44S7DZB","JRTCKXETXF","XNC5G2DFZ44S7DZB.JRTCKXETXF.E63J5HTPNN","OnDemand","$0.000742 per hour for units of replicated write capacity beyond the free tier in Asia Pacific (Osaka)","2026-07-01","18600","Inf","ReplicatedWriteCapacityUnit-Hrs","0.0007420000","USD",,,,"DDB-Operation-ReplicatedWrite","AmazonDynamoDB","Asia Pacific (Osaka)","AWS Region",,"DDB-ReplicatedWriteUnits","DynamoDB Provisioned Replicated Write Units","APN3-ReplWriteCapacityUnit-Hrs","CommittedThroughput","ap-northeast-3","Amazon DynamoDB",
"XPJTMTMKP3UXDQ23","JRTCKXETXF","XPJTMTMKP3UXDQ23.JRTCKXETXF.6YS6EN2CT7","OnDemand","$0.69472 per GB of vector write requests in Europe (Zurich)","2026-07-01","0","Inf","GB","0.6947200000","USD",,,,"Amazon DynamoDB PayPerRequest Throughput","AmazonDynamoDB","Europe (Zurich)","AWS Region",,,,"EUC2-VectorWriteRequest","","eu-central-2","Amazon DynamoDB","Standard"
"XR5CH5S7EET3MJR7","JRTCKXETXF","XR5CH5S7EET3MJR7.JRTCKXETXF.6YS6EN2CT7","OnDemand","$0.11400 per GB of data exported in Asia Pacific (Tokyo)","2026-07-01","0","Inf","GB","0.1140000000","USD",,,,"Amazon DynamoDB Export Data Size","AmazonDynamoDB","Asia Pacific (Tokyo)","AWS Region","Amazon DynamoDB - Export Size",,,"APN1-ExportDataSize-Bytes","","ap-northeast-1","Amazon DynamoDB",
"XT2MH7XMDXKG78NT","JRTCKXETXF","XT2MH7XMDXKG78NT.JRTCKXETXF.6YS6EN2CT7","OnDemand","$0.00258 per GB of IA vector data searched in Asia Pacific (Taipei)","2026-07-01","0","Inf","GB","0.0025800000","USD",,,,"Amazon DynamoDB PayPerRequest Throughput","AmazonDynamoDB","Asia Pacific (Taipei)","AWS Region",,,,"APE2-IA-VectorSearch","","ap-east-2","Amazon DynamoDB",
"XU2CYFXTYR6D7D8V","JRTCKXETXF","XU2CYFXTYR6D7D8V.JRTCKXETXF.M9QGYPQ72M","OnDemand","$0.0 per Requests for Streams-Requests:GetRecords in Canada West (Calgary)","2026-07-01","0","2500000","Requests","0.0000000000","USD",,,,"API Request","AmazonDynamoDB","Canada West (Calgary)","AWS Region",,"DDB-StreamsReadRequests","DynamoDB Streams read request (GetRecords API)","CAN2-Streams-Requests","GetRecords","ca-west-1","Amazon DynamoDB",
"XU2CYFXTYR6D7D8V","JRTCKXETXF","XU2CYFXTYR6D7D8V.JRTCKXETXF.AUKFMGQW43","OnDemand","$0.00000022 per Requests for Streams in Canada West (Calgary)","2026-07-01","2500000","Inf","Requests","0.0000002200","USD",,,,"API Request","AmazonDynamoDB","Canada West (Calgary)","AWS Region",,"DDB-StreamsReadRequests","DynamoDB Streams read request (GetRecords API)","CAN2-Streams-Requests","GetRecords","ca-west-1","Amazon DynamoDB",
"XU946FJK2XV2V9QH","JRTCKXETXF","XU946FJK2XV2V9QH.JRTCKXETXF.6YS6EN2CT7","OnDemand","$0.00338 per GB of IA vector data searched in Europe (Zurich)","2026-07-01","0","Inf","GB","0.0033800000","USD",,,,"Amazon DynamoDB PayPerRequest Throughput","AmazonDynamoDB","Europe (Zurich)","AWS Region",,,,"EUC2-IA-VectorSearch","","eu-central-2","Amazon DynamoDB",
"XU9636JG98YVPWK3","JRTCKXETXF","XU9636JG98YVPWK3.JRTCKXETXF.6YS6EN2CT7","OnDemand","$0.1500 per GB of incremental data exported in South America (Sao Paulo)","2026-07-01","0","Inf","GB","0.1500000000","USD",,,,"Amazon DynamoDB Export Data Size","AmazonDynamoDB","South America (Sao Paulo)","AWS Region","Amazon DynamoDB - Incremental Export",,,"SAE1-IncrementalExportDataSize-Bytes","","sa-east-1","Amazon DynamoDB",
"XUZH55DS4SV7E8DW","JRTCKXETXF","XUZH55DS4SV7E8DW.JRTCKXETXF.6YS6EN2CT7","OnDemand","$0.71 per million ReplicatedWriteRequestUnit in Asia Pacific (Mumbai)","2026-07-01","0","Inf","ReplicatedWriteRequestUnits","0.0000007100","USD",,,,"Amazon DynamoDB PayPerRequest Throughput","AmazonDynamoDB","Asia Pacific (Mumbai)","AWS Region",,"DDB-ReplicatedWriteUnits","DynamoDB PayPerRequest Replicated Write Request Units","APS3-ReplWriteRequestUnits","PayPerRequestThroughput","ap-south-1","Amazon DynamoDB",
"XW7BF6VRZKDNEGNP","JRTCKXETXF","XW7BF6VRZKDNEGNP.JRTCKXETXF.6YS6EN2CT7","OnDemand","$0.003 per GB of vector data searched in South America (Sao Paulo)","2026-07-01","0","Inf","GB","0.0030000000","USD",,,,"Amazon DynamoDB PayPerRequest Throughput","AmazonDynamoDB","South America (Sao Paulo)","AWS Region",,,,"SAE1-VectorSearch","","sa-east-1","Amazon DynamoDB","Standard"
"XXF9RXME3928BVT6","JRTCKXETXF","XXF9RXME3928BVT6.JRTCKXETXF.HBHVWY47CM","OnDemand","$0 per hour for 25 units of DynamoDB Provisioned Write Capacity Units in Asia Pacific (Taipei)","2026-07-01","0","18600","WriteCapacityUnit-Hrs","0.0000000000","USD",,,,"Provisioned IOPS","AmazonDynamoDB","Asia Pacific (Taipei)","AWS Region",,"DDB-WriteUnits","DynamoDB Provisioned Write Units","APE2-WriteCapacityUnit-Hrs","CommittedThroughput","ap-east-2","Amazon DynamoDB",
"XXF9RXME3928BVT6","JRTCKXETXF","XXF9RXME3928BVT6.JRTCKXETXF.E63J5HTPNN","OnDemand","$0.0006678 per hour beyond the free tier for DynamoDB Provisioned Write Capacity Units in Asia Pacific (Taipei)","2026-07-01","18600","Inf","WriteCapacityUnit-Hrs","0.0006678000","USD",,,,"Provisioned IOPS","AmazonDynamoDB","Asia Pacific (Taipei)","AWS Region",,"DDB-WriteUnits","DynamoDB Provisioned Write Units","APE2-WriteCapacityUnit-Hrs","CommittedThroughput","ap-east-2","Amazon DynamoDB",
"XXF9RXME3928BVT6","YTVHEVGPBZ","XXF9RXME3928BVT6.YTVHEVGPBZ.6YS6EN2CT7","Reserved","Amazon DynamoDB, Reserved Write Capacity used this month","2026-08-04","0","Inf","WriteCapacityUnit-Hrs","0.0001320000","USD","1yr","Heavy Utilization","standard","Provisioned IOPS","AmazonDynamoDB","Asia Pacific (Taipei)","AWS Region",,"DDB-WriteUnits","DynamoDB Provisioned Write Units","APE2-WriteCapacityUnit-Hrs","CommittedThroughput","ap-east-2","Amazon DynamoDB",
"XXF9RXME3928BVT6","YTVHEVGPBZ","XXF9RXME3928BVT6.YTVHEVGPBZ.2TG2D8R56U","Reserved","Upfront Fee","2026-08-04",,,"Quantity","1.5426","USD","1yr","Heavy Utilization","standard","Provisioned IOPS","AmazonDynamoDB","Asia Pacific (Taipei)","AWS Region",,"DDB-WriteUnits","DynamoDB Provisioned Write Units","APE2-WriteCapacityUnit-Hrs","CommittedThroughput","ap-east-2","Amazon DynamoDB",
"XZ2W2Q4A8JVEXARU","JRTCKXETXF","XZ2W2Q4A8JVEXARU.JRTCKXETXF.6YS6EN2CT7","OnDemand","USD0.2508 per GB-Mo for TimedPITRStorage-ByteHrs in Asia Pacific (Hong Kong)","2026-07-01","0","Inf","GB-Mo","0.2508000000","USD",,,,"Database Storage","AmazonDynamoDB","Asia Pacific (Hong Kong)","AWS Region","Amazon DynamoDB - Point-In-Time-Restore (PITR) Backup Storage",,,"APE1-TimedPITRStorage-ByteHrs","","ap-east-1","Amazon DynamoDB",
"XZ4N7SBN2JTNVYFD","JRTCKXETXF","XZ4N7SBN2JTNVYFD.JRTCKXETXF.6YS6EN2CT7","OnDemand","$0.624 per GB of vector write requests in AWS GovCloud (US-West)","2026-07-01","0","Inf","GB","0.6240000000","USD",,,,"Amazon DynamoDB PayPerRequest Throughput","AmazonDynamoDB","AWS GovCloud (US-West)","AWS Region",,,,"UGW1-VectorWriteRequest","","us-gov-west-1","Amazon DynamoDB","Standard"
"Y3BP54JWHSYJQKH8","JRTCKXETXF","Y3BP54JWHSYJQKH8.JRTCKXETXF.M9QGYPQ72M","OnDemand","$0.00 for 2.5 million DynamoDB Streams read request units for a month (free tier) in Asia Pacific (Jakarta)","2026-07-01","0","2500000","Requests","0.0000000000","USD",,,,"API Request","AmazonDynamoDB","Asia Pacific (Jakarta)","AWS Region",,"DDB-StreamsReadRequests","DynamoDB Streams read request (GetRecords API)","APS4-Streams-Requests","GetRecords","ap-southeast-3","Amazon DynamoDB",
"Y3BP54JWHSYJQKH8","JRTCKXETXF","Y3BP54JWHSYJQKH8.JRTCKXETXF.AUKFMGQW43","OnDemand","$0.000000228 per DynamoDB Streams read request unit beyond free tier in Asia Pacific (Jakarta)","2026-07-01","2500000","Inf","Requests","0.0000002280","USD",,,,"API Request","AmazonDynamoDB","Asia Pacific (Jakarta)","AWS Region",,"DDB-StreamsReadRequests","DynamoDB Streams read request (GetRecords API)","APS4-Streams-Requests","GetRecords","ap-southeast-3","Amazon DynamoDB",
"Y3H327X4GCUTC98A","JRTCKXETXF","Y3H327X4GCUTC98A.JRTCKXETXF.6YS6EN2CT7","OnDemand","$0.819 per million DynamoDB IA Replicated Write Request Units in Mexico (Central)","2026-07-01","0","Inf","ReplicatedWriteRequestUnits","0.0000008190","USD",,,,"Amazon DynamoDB PayPerRequest Throughput","AmazonDynamoDB","Mexico (Central)","AWS Region",,"DDB-ReplicatedWriteUnitsIA","DynamoDB PayPerRequest Replicated Write Request Units IA","MXC1-IA-ReplWriteRequestUnits","PayPerRequestThroughput","mx-central-1","Amazon DynamoDB",
"Y4QHA7RYPQDJ4S2F","JRTCKXETXF","Y4QHA7RYPQDJ4S2F.JRTCKXETXF.6YS6EN2CT7","OnDemand","$0.0002035 per hour for units of IA read capacity in Asia Pacific (Hong Kong)","2026-07-01","0","Inf","ReadCapacityUnit-Hrs","0.0002035000","USD",,,,"Provisioned IOPS","AmazonDynamoDB","Asia Pacific (Hong Kong)","AWS Region",,"DDB-ReadUnitsIA","DynamoDB Provisioned Read Units IA","APE1-IA-ReadCapacityUnit-Hrs","CommittedThroughput","ap-east-1","Amazon DynamoDB",
"Y5GPYX5P62JGDG4J","JRTCKXETXF","Y5GPYX5P62JGDG4J.JRTCKXETXF.HBHVWY47CM","OnDemand","$0.00 per hour for 25 units of replicated write capacity for a month (free tier) in South America (Sao Paulo)","2026-07-01","0","18600","ReplicatedWriteCapacityUnit-Hrs","0.0000000000","USD",,,,"DDB-Operation-ReplicatedWrite","AmazonDynamoDB","South America (Sao Paulo)","AWS Region",,"DDB-ReplicatedWriteUnits","DynamoDB Provisioned Replicated Write Units","SAE1-ReplWriteCapacityUnit-Hrs","CommittedThroughput","sa-east-1","Amazon DynamoDB",
"Y5GPYX5P62JGDG4J","JRTCKXETXF","Y5GPYX5P62JGDG4J.JRTCKXETXF.E63J5HTPNN","OnDemand","$0.000975 per ReplicatedWriteCapacityUnit-Hr in South America (Sao Paulo)","2026-07-01","18600","Inf","ReplicatedWriteCapacityUnit-Hrs","0.0009750000","USD",,,,"DDB-Operation-ReplicatedWrite","AmazonDynamoDB","South America (Sao Paulo)","AWS Region",,"DDB-ReplicatedWriteUnits","DynamoDB Provisioned Replicated Write Units","SAE1-ReplWriteCapacityUnit-Hrs","CommittedThroughput","sa-east-1","Amazon DynamoDB",
"Y5SC7YSZPKCC5A42","JRTCKXETXF","Y5SC7YSZPKCC5A42.JRTCKXETXF.6YS6EN2CT7","OnDemand","$0.1800 per GB for data import in AWS GovCloud (US-West)","2026-07-01","0","Inf","GB","0.1800000000","USD",,,,"Amazon DynamoDB Import Data Size","AmazonDynamoDB","AWS GovCloud (US-West)","AWS Region","Amazon DynamoDB - Import Size",,,"UGW1-ImportDataSize-Bytes","","us-gov-west-1","Amazon DynamoDB",
"Y8NX3A9P4KY95Y55","JRTCKXETXF","Y8NX3A9P4KY95Y55.JRTCKXETXF.6YS6EN2CT7","OnDemand","USD0.1254 per GB-Month for TimedBackupStorage-ByteHrs in Asia Pacific (Hong Kong)","2026-07-01","0","Inf","GB-Month","0.1254000000","USD",,,,"Amazon DynamoDB On-Demand Backup Storage","AmazonDynamoDB","Asia Pacific (Hong Kong)","AWS Region","Amazon DynamoDB - On-Demand Backup Storage",,,"APE1-TimedBackupStorage-ByteHrs","","ap-east-1","Amazon DynamoDB",
"Y8RETJA3NHS97536","JRTCKXETXF","Y8RETJA3NHS97536.JRTCKXETXF.6YS6EN2CT7","OnDemand","$0.705 per million replicated write request units (EU (Ireland))","2026-07-01","0","Inf","ReplicatedWriteRequestUnits","0.0000007050","USD",,,,"Amazon DynamoDB PayPerRequest Throughput","AmazonDynamoDB","EU (Ireland)","AWS Region",,"DDB-ReplicatedWriteUnits","DynamoDB PayPerRequest Replicated Write Request Units","EU-ReplWriteRequestUnits","PayPerRequestThroughput","eu-west-1","Amazon DynamoDB",
"Y9GWPC6GN454HBJ4","JRTCKXETXF","Y9GWPC6GN454HBJ4.JRTCKXETXF.6YS6EN2CT7","OnDemand","$0.172 per million IA read request units in Canada West (Calgary)","2026-07-01","0","Inf","ReadRequestUnits","0.0000001720","USD",,,,"Amazon DynamoDB PayPerRequest Throughput","AmazonDynamoDB","Canada West (Calgary)","AWS Region",,"DDB-ReadUnitsIA","DynamoDB PayPerRequest Read Request Units IA","CAN2-IA-ReadRequestUnits","PayPerRequestThroughput","ca-west-1","Amazon DynamoDB",
"YAH4C927ZP8TZWCR","JRTCKXETXF","YAH4C927ZP8TZWCR.JRTCKXETXF.6YS6EN2CT7","OnDemand","$0.00287 per GB of IA vector data searched in Asia Pacific (Mumbai)","2026-07-01","0","Inf","GB","0.0028700000","USD",,,,"Amazon DynamoDB PayPerRequest Throughput","AmazonDynamoDB","Asia Pacific (Mumbai)","AWS Region",,,,"APS3-IA-VectorSearch","","ap-south-1","Amazon DynamoDB",
"YB5W3XTCMQUTZPB2","JRTCKXETXF","YB5W3XTCMQUTZPB2.JRTCKXETXF.6YS6EN2CT7","OnDemand","$0.1710 per GB for data import in Asia Pacific (Hyderabad)","2026-07-01","0","Inf","GB","0.1710000000","USD",,,,"Amazon DynamoDB Import Data Size","AmazonDynamoDB","Asia Pacific (Hyderabad)","AWS Region","Amazon DynamoDB - Import Size",,,"APS5-ImportDataSize-Bytes","","ap-south-2","Amazon DynamoDB",
"YBM88BXF3RQFW9HY","JRTCKXETXF","YBM88BXF3RQFW9HY.JRTCKXETXF.6YS6EN2CT7","OnDemand","$0.000991 per hour for units of IA replicated write capacity in EU (Frankfurt)","2026-07-01","0","Inf","ReplicatedWriteCapacityUnit-Hrs","0.0009910000","USD",,,,"DDB-Operation-ReplicatedWrite","AmazonDynamoDB","EU (Frankfurt)","AWS Region",,"DDB-ReplicatedWriteUnitsIA","DynamoDB Provisioned Replicated Write Units IA","EUC1-IA-ReplWriteCapacityUnit-Hrs","CommittedThroughput","eu-central-1","Amazon DynamoDB",
"YCHGNH7U8QC4MCQH","JRTCKXETXF","YCHGNH7U8QC4MCQH.JRTCKXETXF.6YS6EN2CT7","OnDemand","$0.1710 per GB for data import in Asia Pacific (Melbourne)","2026-07-01","0","Inf","GB","0.1710000000","USD",,,,"Amazon DynamoDB Import Data Size","AmazonDynamoDB","Asia Pacific (Melbourne)","AWS Region","Amazon DynamoDB - Import Size",,,"APS6-ImportDataSize-Bytes","","ap-southeast-4","Amazon DynamoDB",
"YCMS8QPJ7DRVHAXD","JRTCKXETXF","YCMS8QPJ7DRVHAXD.JRTCKXETXF.G2A93NZ7DT","OnDemand","$0.00 per GB-Month of storage for first 25 free GB-Months","2026-07-01","0","25","GB-Mo","0.0000000000","USD",,,,"Database Storage","AmazonDynamoDB","Asia Pacific (Singapore)","AWS Region","Amazon DynamoDB - Indexed DataStore",,,"APS1-TimedStorage-ByteHrs","","ap-southeast-1","Amazon DynamoDB",
"YCMS8QPJ7DRVHAXD","JRTCKXETXF","YCMS8QPJ7DRVHAXD.JRTCKXETXF.VYAP54KATQ","OnDemand","$0.285 per GB-Month of storage used beyond first 25 free GB-Months","2026-07-01","25","Inf","GB-Mo","0.2850000000","USD",,,,"Database Storage","AmazonDynamoDB","Asia Pacific (Singapore)","AWS Region","Amazon DynamoDB - Indexed DataStore",,,"APS1-TimedStorage-ByteHrs","","ap-southeast-1","Amazon DynamoDB",
"YCP63BNKS927KRCW","JRTCKXETXF","YCP63BNKS927KRCW.JRTCKXETXF.6YS6EN2CT7","OnDemand","$0.00248 per GB of vector data searched in Asia Pacific (Hong Kong)","2026-07-01","0","Inf","GB","0.0024800000","USD",,,,"Amazon DynamoDB PayPerRequest Throughput","AmazonDynamoDB","Asia Pacific (Hong Kong)","AWS Region",,,,"APE1-VectorSearch","","ap-east-1","Amazon DynamoDB","Standard"
"YCR7ZRWXH2HD6RND","JRTCKXETXF","YCR7ZRWXH2HD6RND.JRTCKXETXF.6YS6EN2CT7","OnDemand","$0.70 per GB of IA vector write requests in EU (Stockholm)","2026-07-01","0","Inf","GB","0.7000000000","USD",,,,"Amazon DynamoDB PayPerRequest Throughput","AmazonDynamoDB","EU (Stockholm)","AWS Region",,,,"EUN1-IA-VectorWriteRequest","","eu-north-1","Amazon DynamoDB",
"YCVYNX4FMN3XYAEM","JRTCKXETXF","YCVYNX4FMN3XYAEM.JRTCKXETXF.6YS6EN2CT7","OnDemand","$0.1100 per GB of incremental data exported in Europe (Spain)","2026-07-01","0","Inf","GB","0.1100000000","USD",,,,"Amazon DynamoDB Export Data Size","AmazonDynamoDB","Europe (Spain)","AWS Region","Amazon DynamoDB - Incremental Export",,,"EUS2-IncrementalExportDataSize-Bytes","","eu-south-2","Amazon DynamoDB",
"YCXNYX74E5FDKHYW","JRTCKXETXF","YCXNYX74E5FDKHYW.JRTCKXETXF.6YS6EN2CT7","OnDemand","$0.00215 per GB of vector data searched in EU (Stockholm)","2026-07-01","0","Inf","GB","0.0021500000","USD",,,,"Amazon DynamoDB PayPerRequest Throughput","AmazonDynamoDB","EU (Stockholm)","AWS Region",,,,"EUN1-VectorSearch","","eu-north-1","Amazon DynamoDB","Standard"
"YHU2DWZ6TPZFUA4Y","JRTCKXETXF","YHU2DWZ6TPZFUA4Y.JRTCKXETXF.6YS6EN2CT7","OnDemand","$0.715 per million replicated write request units (Asia Pacific (Tokyo))","2026-07-01","0","Inf","ReplicatedWriteRequestUnits","0.0000007150","USD",,,,"Amazon DynamoDB PayPerRequest Throughput","AmazonDynamoDB","Asia Pacific (Tokyo)","AWS Region",,"DDB-ReplicatedWriteUnits","DynamoDB PayPerRequest Replicated Write Request Units","APN1-ReplWriteRequestUnits","PayPerRequestThroughput","ap-northeast-1","Amazon DynamoDB",
"YJK5VG8DYTNPBV9R","JRTCKXETXF","YJK5VG8DYTNPBV9R.JRTCKXETXF.6YS6EN2CT7","OnDemand","$0.0001855 per hour for units of IA read capacity in Asia Pacific (Sydney)","2026-07-01","0","Inf","ReadCapacityUnit-Hrs","0.0001855000","USD",,,,"Provisioned IOPS","AmazonDynamoDB","Asia Pacific (Sydney)","AWS Region",,"DDB-ReadUnitsIA","DynamoDB Provisioned Read Units IA","APS2-IA-ReadCapacityUnit-Hrs","CommittedThroughput","ap-southeast-2","Amazon DynamoDB",
"YJMC9RJPPRU4U675","JRTCKXETXF","YJMC9RJPPRU4U675.JRTCKXETXF.6YS6EN2CT7","OnDemand","$0.12540 per GB-Month of IA storage in Asia Pacific (Hong Kong)","2026-07-01","0","Inf","GB-Mo","0.1254000000","USD",,,,"Database Storage","AmazonDynamoDB","Asia Pacific (Hong Kong)","AWS Region","Amazon DynamoDB - Indexed DataStore - IA",,,"APE1-IA-TimedStorage-ByteHrs","","ap-east-1","Amazon DynamoDB",
"YK5VH5N3NMUAGX9Z","JRTCKXETXF","YK5VH5N3NMUAGX9Z.JRTCKXETXF.6YS6EN2CT7","OnDemand","$0.16245 per GB for data import in Asia Pacific (Seoul)","2026-07-01","0","Inf","GB","0.1624500000","USD",,,,"Amazon DynamoDB Import Data Size","AmazonDynamoDB","Asia Pacific (Seoul)","AWS Region","Amazon DynamoDB - Import Size",,,"APN2-ImportDataSize-Bytes","","ap-northeast-2","Amazon DynamoDB",
"YK9FBUYZ7UF2SE85","JRTCKXETXF","YK9FBUYZ7UF2SE85.JRTCKXETXF.6YS6EN2CT7","OnDemand","$0.22 per GB-Month of storage used for DynamoDB PITR backup in Europe (Spain)","2026-07-01","0","Inf","GB-Mo","0.2200000000","USD",,,,"Database Storage","AmazonDynamoDB","Europe (Spain)","AWS Region","Amazon DynamoDB - Point-In-Time-Restore (PITR) Backup Storage",,,"EUS2-TimedPITRStorage-ByteHrs","","eu-south-2","Amazon DynamoDB",
"YMQRM65S8TD2QXME","JRTCKXETXF","YMQRM65S8TD2QXME.JRTCKXETXF.M9QGYPQ72M","OnDemand","$0.00 for 2.5 million DynamoDB Streams read request units for a month (free tier) (US West (Oregon))","2026-07-01","0","2500000","Requests","0.0000000000","USD",,,,"API Request","AmazonDynamoDB","US West (Oregon)","AWS Region",,"DDB-StreamsReadRequests","DynamoDB Streams read request (GetRecords API)","USW2-Streams-Requests","GetRecords","us-west-2","Amazon DynamoDB",
"YMQRM65S8TD2QXME","JRTCKXETXF","YMQRM65S8TD2QXME.JRTCKXETXF.AUKFMGQW43","OnDemand","$0.0000002 per DynamoDB Streams read request unit beyond free tier (US West (Oregon))","2026-07-01","2500000","Inf","Requests","0.0000002000","USD",,,,"API Request","AmazonDynamoDB","US West (Oregon)","AWS Region",,"DDB-StreamsReadRequests","DynamoDB Streams read request (GetRecords API)","USW2-Streams-Requests","GetRecords","us-west-2","Amazon DynamoDB",
"YNCUGNPPCJZGKCJU","JRTCKXETXF","YNCUGNPPCJZGKCJU.JRTCKXETXF.6YS6EN2CT7","OnDemand","$0.17955 per GB of data restored for Amazon DynamoDB in Asia Pacific (New Zealand)","2026-07-01","0","Inf","GB","0.1795500000","USD",,,,"Amazon DynamoDB Restore Data Size","AmazonDynamoDB","Asia Pacific (New Zealand)","AWS Region","Amazon DynamoDB - Backup Restore Size",,,"APS8-RestoreDataSize-Bytes","","ap-southeast-6","Amazon DynamoDB",
"YNQNTFANVQNGY2YA","JRTCKXETXF","YNQNTFANVQNGY2YA.JRTCKXETXF.6YS6EN2CT7","OnDemand","$0.1710 per GB for data import in Asia Pacific (Osaka)","2026-07-01","0","Inf","GB","0.1710000000","USD",,,,"Amazon DynamoDB Import Data Size","AmazonDynamoDB","Asia Pacific (Osaka)","AWS Region","Amazon DynamoDB - Import Size",,,"APN3-ImportDataSize-Bytes","","ap-northeast-3","Amazon DynamoDB",
"YNVGZG3NNGHKZAE3","JRTCKXETXF","YNVGZG3NNGHKZAE3.JRTCKXETXF.6YS6EN2CT7","OnDemand","$0.114 per GB-Month of storage used for on-demand backup","2026-07-01","0","Inf","GB-Month","0.1140000000","USD",,,,"Amazon DynamoDB On-Demand Backup Storage","AmazonDynamoDB","Asia Pacific (Mumbai)","AWS Region","Amazon DynamoDB - On-Demand Backup Storage",,,"APS3-TimedBackupStorage-ByteHrs","","ap-south-1","Amazon DynamoDB",
"YNXUQ735GE7249HC","JRTCKXETXF","YNXUQ735GE7249HC.JRTCKXETXF.6YS6EN2CT7","OnDemand","$0.0010106 per ReplicatedWriteCapacityUnit-Hrs for IA in Middle East (Bahrain)","2026-07-01","0","Inf","ReplicatedWriteCapacityUnit-Hrs","0.0010106000","USD",,,,"DDB-Operation-ReplicatedWrite","AmazonDynamoDB","Middle East (Bahrain)","AWS Region",,"DDB-ReplicatedWriteUnitsIA","DynamoDB Provisioned Replicated Write Units IA","MES1-IA-ReplWriteCapacityUnit-Hrs","CommittedThroughput","me-south-1","Amazon DynamoDB",
"YPBEDS7QQZW3Y5AM","JRTCKXETXF","YPBEDS7QQZW3Y5AM.JRTCKXETXF.6YS6EN2CT7","OnDemand","$0.89 per million replicated IA write request units in Asia Pacific (Singapore)","2026-07-01","0","Inf","ReplicatedWriteRequestUnits","0.0000008900","USD",,,,"Amazon DynamoDB PayPerRequest Throughput","AmazonDynamoDB","Asia Pacific (Singapore)","AWS Region",,"DDB-ReplicatedWriteUnitsIA","DynamoDB PayPerRequest Replicated Write Request Units IA","APS1-IA-ReplWriteRequestUnits","PayPerRequestThroughput","ap-southeast-1","Amazon DynamoDB",
"YQ7MD859ATDCE9FK","JRTCKXETXF","YQ7MD859ATDCE9FK.JRTCKXETXF.6YS6EN2CT7","OnDemand","$0.1315 per million DynamoDB Read Request Units in Mexico (Central)","2026-07-01","0","Inf","ReadRequestUnits","0.0000001315","USD",,,,"Amazon DynamoDB PayPerRequest Throughput","AmazonDynamoDB","Mexico (Central)","AWS Region",,"DDB-ReadUnits","DynamoDB PayPerRequest Read Request Units","MXC1-ReadRequestUnits","PayPerRequestThroughput","mx-central-1","Amazon DynamoDB",
"YQBSJSWX57XTC4RQ","JRTCKXETXF","YQBSJSWX57XTC4RQ.JRTCKXETXF.6YS6EN2CT7","OnDemand","$0.00016695 per hour for DynamoDB Provisioned IA Read Capacity Units in Asia Pacific (Taipei)","2026-07-01","0","Inf","ReadCapacityUnit-Hrs","0.0001669500","USD",,,,"Provisioned IOPS","AmazonDynamoDB","Asia Pacific (Taipei)","AWS Region",,"DDB-ReadUnitsIA","DynamoDB Provisioned Read Units IA","APE2-IA-ReadCapacityUnit-Hrs","CommittedThroughput","ap-east-2","Amazon DynamoDB",
"YQFC8YNSX8MKDQ3U","JRTCKXETXF","YQFC8YNSX8MKDQ3U.JRTCKXETXF.6YS6EN2CT7","OnDemand","USD0.1881 per GB for RestoreDataSize-Bytes in Asia Pacific (Hong Kong)","2026-07-01","0","Inf","GB","0.1881000000","USD",,,,"Amazon DynamoDB Restore Data Size","AmazonDynamoDB","Asia Pacific (Hong Kong)","AWS Region","Amazon DynamoDB - Backup Restore Size",,,"APE1-RestoreDataSize-Bytes","","ap-east-1","Amazon DynamoDB",
"YQKQN9SXRRV89EB4","JRTCKXETXF","YQKQN9SXRRV89EB4.JRTCKXETXF.6YS6EN2CT7","OnDemand","$0.000975 per hour for units of IA replicated write capacity AWS GovCloud (US-West)","2026-07-01","0","Inf","ReplicatedWriteCapacityUnit-Hrs","0.0009750000","USD",,,,"DDB-Operation-ReplicatedWrite","AmazonDynamoDB","AWS GovCloud (US-West)","AWS Region",,"DDB-ReplicatedWriteUnitsIA","DynamoDB Provisioned Replicated Write Units IA","UGW1-IA-ReplWriteCapacityUnit-Hrs","CommittedThroughput","us-gov-west-1","Amazon DynamoDB",
"YQY3X2HU9QZ33G2E","JRTCKXETXF","YQY3X2HU9QZ33G2E.JRTCKXETXF.6YS6EN2CT7","OnDemand","$0.1200 per GB of incremental data exported in AWS GovCloud (US-East)","2026-07-01","0","Inf","GB","0.1200000000","USD",,,,"Amazon DynamoDB Export Data Size","AmazonDynamoDB","AWS GovCloud (US-East)","AWS Region","Amazon DynamoDB - Incremental Export",,,"UGE1-IncrementalExportDataSize-Bytes","","us-gov-east-1","Amazon DynamoDB",
"YR9NFVSXEN3QWYDU","JRTCKXETXF","YR9NFVSXEN3QWYDU.JRTCKXETXF.6YS6EN2CT7","OnDemand","$0.155 per million IA read request units in US East (N. Virginia)","2026-07-01","0","Inf","ReadRequestUnits","0.0000001550","USD",,,,"Amazon DynamoDB PayPerRequest Throughput","AmazonDynamoDB","US East (N. Virginia)","AWS Region",,"DDB-ReadUnitsIA","DynamoDB PayPerRequest Read Request Units IA","IA-ReadRequestUnits","PayPerRequestThroughput","us-east-1","Amazon DynamoDB",
"YSHGCBPMUVPMDF79","JRTCKXETXF","YSHGCBPMUVPMDF79.JRTCKXETXF.HBHVWY47CM","OnDemand","$0.00 per hour for 25 units of write capacity for a month (free tier)","2026-07-01","0","18600","WriteCapacityUnit-Hrs","0.0000000000","USD",,,,"Provisioned IOPS","AmazonDynamoDB","US West (Oregon)","AWS Region",,"DDB-WriteUnits","DynamoDB Provisioned Write Units","USW2-WriteCapacityUnit-Hrs","CommittedThroughput","us-west-2","Amazon DynamoDB",
"YSHGCBPMUVPMDF79","JRTCKXETXF","YSHGCBPMUVPMDF79.JRTCKXETXF.E63J5HTPNN","OnDemand","$0.00065 per hour for units of write capacity beyond the free tier","2026-07-01","18600","Inf","WriteCapacityUnit-Hrs","0.0006500000","USD",,,,"Provisioned IOPS","AmazonDynamoDB","US West (Oregon)","AWS Region",,"DDB-WriteUnits","DynamoDB Provisioned Write Units","USW2-WriteCapacityUnit-Hrs","CommittedThroughput","us-west-2","Amazon DynamoDB",
"YSHGCBPMUVPMDF79","VG8YD49WWM","YSHGCBPMUVPMDF79.VG8YD49WWM.6YS6EN2CT7","Reserved","Amazon DynamoDB, Reserved Write Capacity used this month","2026-08-04","0","Inf","WriteCapacityUnit-Hrs","0.0000810000","USD","3yr","Heavy Utilization","standard","Provisioned IOPS","AmazonDynamoDB","US West (Oregon)","AWS Region",,"DDB-WriteUnits","DynamoDB Provisioned Write Units","USW2-WriteCapacityUnit-Hrs","CommittedThroughput","us-west-2","Amazon DynamoDB",
"YSHGCBPMUVPMDF79","VG8YD49WWM","YSHGCBPMUVPMDF79.VG8YD49WWM.2TG2D8R56U","Reserved","Upfront Fee","2026-08-04",,,"Quantity","1.8","USD","3yr","Heavy Utilization","standard","Provisioned IOPS","AmazonDynamoDB","US West (Oregon)","AWS Region",,"DDB-WriteUnits","DynamoDB Provisioned Write Units","USW2-WriteCapacityUnit-Hrs","CommittedThroughput","us-west-2","Amazon DynamoDB",
"YSHGCBPMUVPMDF79","YTVHEVGPBZ","YSHGCBPMUVPMDF79.YTVHEVGPBZ.6YS6EN2CT7","Reserved","Amazon DynamoDB, Reserved Write Capacity used this month","2026-08-04","0","Inf","WriteCapacityUnit-Hrs","0.0001280000","USD","1yr","Heavy Utilization","standard","Provisioned IOPS","AmazonDynamoDB","US West (Oregon)","AWS Region",,"DDB-WriteUnits","DynamoDB Provisioned Write Units","USW2-WriteCapacityUnit-Hrs","CommittedThroughput","us-west-2","Amazon DynamoDB",
"YSHGCBPMUVPMDF79","YTVHEVGPBZ","YSHGCBPMUVPMDF79.YTVHEVGPBZ.2TG2D8R56U","Reserved","Upfront Fee","2026-08-04",,,"Quantity","1.5","USD","1yr","Heavy Utilization","standard","Provisioned IOPS","AmazonDynamoDB","US West (Oregon)","AWS Region",,"DDB-WriteUnits","DynamoDB Provisioned Write Units","USW2-WriteCapacityUnit-Hrs","CommittedThroughput","us-west-2","Amazon DynamoDB",
"YTTUJAVV9R226QVX","JRTCKXETXF","YTTUJAVV9R226QVX.JRTCKXETXF.6YS6EN2CT7","OnDemand","$0.1785 per GB of data restored in EU (Milan)","2026-07-01","0","Inf","GB","0.1785000000","USD",,,,"Amazon DynamoDB Restore Data Size","AmazonDynamoDB","EU (Milan)","AWS Region","Amazon DynamoDB - Backup Restore Size",,,"EUS1-RestoreDataSize-Bytes","","eu-south-1","Amazon DynamoDB",
"YU2ZSV9428CJMS8G","JRTCKXETXF","YU2ZSV9428CJMS8G.JRTCKXETXF.6YS6EN2CT7","OnDemand","$0.000906 per hour for units of IA replicated write capacity in US West (N. California)","2026-07-01","0","Inf","ReplicatedWriteCapacityUnit-Hrs","0.0009060000","USD",,,,"DDB-Operation-ReplicatedWrite","AmazonDynamoDB","US West (N. California)","AWS Region",,"DDB-ReplicatedWriteUnitsIA","DynamoDB Provisioned Replicated Write Units IA","USW1-IA-ReplWriteCapacityUnit-Hrs","CommittedThroughput","us-west-1","Amazon DynamoDB",
"YY77FT6E6V58ENYF","JRTCKXETXF","YY77FT6E6V58ENYF.JRTCKXETXF.HBHVWY47CM","OnDemand","$0.00 per hour for 25 units of replicated write capacity for a month (free tier) in Asia Pacific (Mumbai)","2026-07-01","0","18600","ReplicatedWriteCapacityUnit-Hrs","0.0000000000","USD",,,,"DDB-Operation-ReplicatedWrite","AmazonDynamoDB","Asia Pacific (Mumbai)","AWS Region",,"DDB-ReplicatedWriteUnits","DynamoDB Provisioned Replicated Write Units","APS3-ReplWriteCapacityUnit-Hrs","CommittedThroughput","ap-south-1","Amazon DynamoDB",
"YY77FT6E6V58ENYF","JRTCKXETXF","YY77FT6E6V58ENYF.JRTCKXETXF.E63J5HTPNN","OnDemand","$0.00074 per ReplicatedWriteCapacityUnit-Hr in Asia Pacific (Mumbai)","2026-07-01","18600","Inf","ReplicatedWriteCapacityUnit-Hrs","0.0007400000","USD",,,,"DDB-Operation-ReplicatedWrite","AmazonDynamoDB","Asia Pacific (Mumbai)","AWS Region",,"DDB-ReplicatedWriteUnits","DynamoDB Provisioned Replicated Write Units","APS3-ReplWriteCapacityUnit-Hrs","CommittedThroughput","ap-south-1","Amazon DynamoDB",
"YYP2YUZAEN42DQTC","JRTCKXETXF","YYP2YUZAEN42DQTC.JRTCKXETXF.6YS6EN2CT7","OnDemand","$0.1345 per million change data capture units for Kinesis Data Streams in Africa (Cape Town)","2026-07-01","0","Inf","ChangeDataCaptureUnits","0.0000001345","USD",,,,,"AmazonDynamoDB","Africa (Cape Town)","AWS Region",,"DDB-Kinesis","Change Data Capture Units for Kinesis Data Streams","AFS1-ChangeDataCaptureUnits-Kinesis","DelegatedOperations","af-south-1","Amazon DynamoDB",
"Z29QR5N2BHVCZ4C6","JRTCKXETXF","Z29QR5N2BHVCZ4C6.JRTCKXETXF.6YS6EN2CT7","OnDemand","$0.228 per GB-Month of storage used for DynamoDB PITR backup in Asia Pacific (Jakarta)","2026-07-01","0","Inf","GB-Mo","0.2280000000","USD",,,,"Database Storage","AmazonDynamoDB","Asia Pacific (Jakarta)","AWS Region","Amazon DynamoDB - Point-In-Time-Restore (PITR) Backup Storage",,,"APS4-TimedPITRStorage-ByteHrs","","ap-southeast-3","Amazon DynamoDB",
"Z4P7N5ZAA2KK6TQC","JRTCKXETXF","Z4P7N5ZAA2KK6TQC.JRTCKXETXF.6YS6EN2CT7","OnDemand","$0.11200 per GB of data exported in US West (N. California)","2026-07-01","0","Inf","GB","0.1120000000","USD",,,,"Amazon DynamoDB Export Data Size","AmazonDynamoDB","US West (N. California)","AWS Region","Amazon DynamoDB - Export Size",,,"USW1-ExportDataSize-Bytes","","us-west-1","Amazon DynamoDB",
"Z552B6YPXX45TRFY","JRTCKXETXF","Z552B6YPXX45TRFY.JRTCKXETXF.6YS6EN2CT7","OnDemand","$0.11000 per GB-Month of IA storage in Canada (Central)","2026-07-01","0","Inf","GB-Mo","0.1100000000","USD",,,,"Database Storage","AmazonDynamoDB","Canada (Central)","AWS Region","Amazon DynamoDB - Indexed DataStore - IA",,,"CAN1-IA-TimedStorage-ByteHrs","","ca-central-1","Amazon DynamoDB",
"Z5DH4WC6456W233N","JRTCKXETXF","Z5DH4WC6456W233N.JRTCKXETXF.6YS6EN2CT7","OnDemand","$0.187 per GB of data restored in Middle East (UAE)","2026-07-01","0","Inf","GB","0.1870000000","USD",,,,"Amazon DynamoDB Restore Data Size","AmazonDynamoDB","Middle East (UAE)","AWS Region","Amazon DynamoDB - Backup Restore Size",,,"MEC1-RestoreDataSize-Bytes","","me-central-1","Amazon DynamoDB",
"Z5VWDEZ7FKG5BWHK","JRTCKXETXF","Z5VWDEZ7FKG5BWHK.JRTCKXETXF.6YS6EN2CT7","OnDemand","$0.00093 per hour for units of IA replicated write capacity in Asia Pacific (Mumbai)","2026-07-01","0","Inf","ReplicatedWriteCapacityUnit-Hrs","0.0009300000","USD",,,,"DDB-Operation-ReplicatedWrite","AmazonDynamoDB","Asia Pacific (Mumbai)","AWS Region",,"DDB-ReplicatedWriteUnitsIA","DynamoDB Provisioned Replicated Write Units IA","APS3-IA-ReplWriteCapacityUnit-Hrs","CommittedThroughput","ap-south-1","Amazon DynamoDB",
"Z65VCJ7XNXASPZWX","JRTCKXETXF","Z65VCJ7XNXASPZWX.JRTCKXETXF.6YS6EN2CT7","OnDemand","$0.000837 per hour for units of IA replicated write capacity in Asia Pacific (Malaysia)","2026-07-01","0","Inf","ReplicatedWriteCapacityUnit-Hrs","0.0008370000","USD",,,,"DDB-Operation-ReplicatedWrite","AmazonDynamoDB","Asia Pacific (Malaysia)","AWS Region",,"DDB-ReplicatedWriteUnitsIA","DynamoDB Provisioned Replicated Write Units IA","APS7-IA-ReplWriteCapacityUnit-Hrs","CommittedThroughput","ap-southeast-5","Amazon DynamoDB",
"Z79SYD7KXFPZZ9SF","JRTCKXETXF","Z79SYD7KXFPZZ9SF.JRTCKXETXF.6YS6EN2CT7","OnDemand","$0.15 per GB of data restored","2026-07-01","0","Inf","GB","0.1500000000","USD",,,,"Amazon DynamoDB Restore Data Size","AmazonDynamoDB","US East (N. Virginia)","AWS Region","Amazon DynamoDB - Backup Restore Size",,,"USE1-RestoreDataSize-Bytes","","us-east-1","Amazon DynamoDB",
"Z7M6G6PJFSRG78FH","JRTCKXETXF","Z7M6G6PJFSRG78FH.JRTCKXETXF.6YS6EN2CT7","OnDemand","$0.001018 per ReplicatedWriteCapacityUnit-Hrs for IA in Asia Pacific (Hong Kong)","2026-07-01","0","Inf","ReplicatedWriteCapacityUnit-Hrs","0.0010180000","USD",,,,"DDB-Operation-ReplicatedWrite","AmazonDynamoDB","Asia Pacific (Hong Kong)","AWS Region",,"DDB-ReplicatedWriteUnitsIA","DynamoDB Provisioned Replicated Write Units IA","APE1-IA-ReplWriteCapacityUnit-Hrs","CommittedThroughput","ap-east-1","Amazon DynamoDB",
"ZAGHGPSVWC72GFEV","JRTCKXETXF","ZAGHGPSVWC72GFEV.JRTCKXETXF.6YS6EN2CT7","OnDemand","$0.002 per GB of vector data searched in US West (Oregon)","2026-07-01","0","Inf","GB","0.0020000000","USD",,,,"Amazon DynamoDB PayPerRequest Throughput","AmazonDynamoDB","US West (Oregon)","AWS Region",,,,"USW2-VectorSearch","","us-west-2","Amazon DynamoDB","Standard"
"ZBV6J5MDXZTQ4YJD","JRTCKXETXF","ZBV6J5MDXZTQ4YJD.JRTCKXETXF.6YS6EN2CT7","OnDemand","$0.15 per million read request units in AWS GovCloud (US)","2026-07-01","0","Inf","ReadRequestUnits","0.0000001500","USD",,,,"Amazon DynamoDB PayPerRequest Throughput","AmazonDynamoDB","AWS GovCloud (US-West)","AWS Region",,"DDB-ReadUnits","DynamoDB PayPerRequest Read Request Units","UGW1-ReadRequestUnits","PayPerRequestThroughput","us-gov-west-1","Amazon DynamoDB",
"ZC9YV7UXCZHMG8A7","JRTCKXETXF","ZC9YV7UXCZHMG8A7.JRTCKXETXF.6YS6EN2CT7","OnDemand","$0.00272 per GB of vector data searched in Israel (Tel Aviv)","2026-07-01","0","Inf","GB","0.0027200000","USD",,,,"Amazon DynamoDB PayPerRequest Throughput","AmazonDynamoDB","Israel (Tel Aviv)","AWS Region",,,,"ILC1-VectorSearch","","il-central-1","Amazon DynamoDB","Standard"
"ZD5GAZ9VNRDR7JDN","JRTCKXETXF","ZD5GAZ9VNRDR7JDN.JRTCKXETXF.6YS6EN2CT7","OnDemand","$0.0010180 per hour for units of IA write capacity in Asia Pacific (Hong Kong)","2026-07-01","0","Inf","WriteCapacityUnit-Hrs","0.0010180000","USD",,,,"Provisioned IOPS","AmazonDynamoDB","Asia Pacific (Hong Kong)","AWS Region",,"DDB-WriteUnitsIA","DynamoDB Provisioned Write Units IA","APE1-IA-WriteCapacityUnit-Hrs","CommittedThroughput","ap-east-1","Amazon DynamoDB",
"ZESHGP3PW45NJY4Q","JRTCKXETXF","ZESHGP3PW45NJY4Q.JRTCKXETXF.6YS6EN2CT7","OnDemand","$0.6825 per GB of IA vector write requests in Mexico (Central)","2026-07-01","0","Inf","GB","0.6825000000","USD",,,,"Amazon DynamoDB PayPerRequest Throughput","AmazonDynamoDB","Mexico (Central)","AWS Region",,,,"MXC1-IA-VectorWriteRequest","","mx-central-1","Amazon DynamoDB",
"ZEYVX9RJQS8VBH8B","JRTCKXETXF","ZEYVX9RJQS8VBH8B.JRTCKXETXF.6YS6EN2CT7","OnDemand","$0.0012190 per hour for units of IA write capacity in South America (Sao Paulo)","2026-07-01","0","Inf","WriteCapacityUnit-Hrs","0.0012190000","USD",,,,"Provisioned IOPS","AmazonDynamoDB","South America (Sao Paulo)","AWS Region",,"DDB-WriteUnitsIA","DynamoDB Provisioned Write Units IA","SAE1-IA-WriteCapacityUnit-Hrs","CommittedThroughput","sa-east-1","Amazon DynamoDB",
"ZFXZEGHPSFS26MXD","JRTCKXETXF","ZFXZEGHPSFS26MXD.JRTCKXETXF.HBHVWY47CM","OnDemand","USD0.0 per ReadCapacityUnit-Hrs for ReadCapacityUnit-Hrs:CommittedThroughput in Middle East (Bahrain)","2026-07-01","0","18600","ReadCapacityUnit-Hrs","0.0000000000","USD",,,,"Provisioned IOPS","AmazonDynamoDB","Middle East (Bahrain)","AWS Region",,"DDB-ReadUnits","DynamoDB Provisioned Read Units","MES1-ReadCapacityUnit-Hrs","CommittedThroughput","me-south-1","Amazon DynamoDB",
"ZFXZEGHPSFS26MXD","JRTCKXETXF","ZFXZEGHPSFS26MXD.JRTCKXETXF.E63J5HTPNN","OnDemand","USD0.0001617 per ReadCapacityUnit-Hrs for ReadCapacityUnit-Hrs:CommittedThroughput in Middle East (Bahrain)","2026-07-01","18600","Inf","ReadCapacityUnit-Hrs","0.0001617000","USD",,,,"Provisioned IOPS","AmazonDynamoDB","Middle East (Bahrain)","AWS Region",,"DDB-ReadUnits","DynamoDB Provisioned Read Units","MES1-ReadCapacityUnit-Hrs","CommittedThroughput","me-south-1","Amazon DynamoDB",
"ZFXZEGHPSFS26MXD","YTVHEVGPBZ","ZFXZEGHPSFS26MXD.YTVHEVGPBZ.6YS6EN2CT7","Reserved","Amazon DynamoDB, Reserved Read Capacity used this month","2026-08-04","0","Inf","ReadCapacityUnit-Hrs","0.0000320000","USD","1yr","Heavy Utilization","standard","Provisioned IOPS","AmazonDynamoDB","Middle East (Bahrain)","AWS Region",,"DDB-ReadUnits","DynamoDB Provisioned Read Units","MES1-ReadCapacityUnit-Hrs","CommittedThroughput","me-south-1","Amazon DynamoDB",
"ZFXZEGHPSFS26MXD","YTVHEVGPBZ","ZFXZEGHPSFS26MXD.YTVHEVGPBZ.2TG2D8R56U","Reserved","Upfront Fee","2026-08-04",,,"Quantity","0.3729","USD","1yr","Heavy Utilization","standard","Provisioned IOPS","AmazonDynamoDB","Middle East (Bahrain)","AWS Region",,"DDB-ReadUnits","DynamoDB Provisioned Read Units","MES1-ReadCapacityUnit-Hrs","CommittedThroughput","me-south-1","Amazon DynamoDB",
"ZG4NWR8P7ACEBJWS","JRTCKXETXF","ZG4NWR8P7ACEBJWS.JRTCKXETXF.M9QGYPQ72M","OnDemand","USD0.0 per Requests for Streams-Requests:GetRecords in Asia Pacific (Hong Kong)","2026-07-01","0","2500000","Requests","0.0000000000","USD",,,,"API Request","AmazonDynamoDB","Asia Pacific (Hong Kong)","AWS Region",,"DDB-StreamsReadRequests","DynamoDB Streams read request (GetRecords API)","APE1-Streams-Requests","GetRecords","ap-east-1","Amazon DynamoDB",
"ZG4NWR8P7ACEBJWS","JRTCKXETXF","ZG4NWR8P7ACEBJWS.JRTCKXETXF.AUKFMGQW43","OnDemand","USD0.00000025 per Requests for Streams-Requests:GetRecords in Asia Pacific (Hong Kong)","2026-07-01","2500000","Inf","Requests","0.0000002500","USD",,,,"API Request","AmazonDynamoDB","Asia Pacific (Hong Kong)","AWS Region",,"DDB-StreamsReadRequests","DynamoDB Streams read request (GetRecords API)","APE1-Streams-Requests","GetRecords","ap-east-1","Amazon DynamoDB",
"ZH7BR2ADZYK728QK","JRTCKXETXF","ZH7BR2ADZYK728QK.JRTCKXETXF.6YS6EN2CT7","OnDemand","$0.2052 per GB-Month of storage used for DynamoDB PITR backup in Asia Pacific (Malaysia)","2026-07-01","0","Inf","GB-Mo","0.2052000000","USD",,,,"Database Storage","AmazonDynamoDB","Asia Pacific (Malaysia)","AWS Region","Amazon DynamoDB - Point-In-Time-Restore (PITR) Backup Storage",,,"APS7-TimedPITRStorage-ByteHrs","","ap-southeast-5","Amazon DynamoDB",
"ZHRGYS37PRKU6NZT","JRTCKXETXF","ZHRGYS37PRKU6NZT.JRTCKXETXF.6YS6EN2CT7","OnDemand","$0.885 per million IA write request units in EU (Ireland)","2026-07-01","0","Inf","WriteRequestUnits","0.0000008850","USD",,,,"Amazon DynamoDB PayPerRequest Throughput","AmazonDynamoDB","EU (Ireland)","AWS Region",,"DDB-WriteUnitsIA","DynamoDB PayPerRequest Write Request Units IA","EU-IA-WriteRequestUnits","PayPerRequestThroughput","eu-west-1","Amazon DynamoDB",
"ZM3FKKWKS69QR83G","JRTCKXETXF","ZM3FKKWKS69QR83G.JRTCKXETXF.G2A93NZ7DT","OnDemand","$0.00 per GB-Month of storage for first 25 free GB-Months","2026-07-01","0","25","GB-Mo","0.0000000000","USD",,,,"Database Storage","AmazonDynamoDB","Asia Pacific (Seoul)","AWS Region","Amazon DynamoDB - Indexed DataStore",,,"APN2-TimedStorage-ByteHrs","","ap-northeast-2","Amazon DynamoDB",
"ZM3FKKWKS69QR83G","JRTCKXETXF","ZM3FKKWKS69QR83G.JRTCKXETXF.VYAP54KATQ","OnDemand","$0.27075 per GB-Month of storage used beyond first 25 free GB-Months","2026-07-01","25","Inf","GB-Mo","0.2707500000","USD",,,,"Database Storage","AmazonDynamoDB","Asia Pacific (Seoul)","AWS Region","Amazon DynamoDB - Indexed DataStore",,,"APN2-TimedStorage-ByteHrs","","ap-northeast-2","Amazon DynamoDB",
"ZRSZR58WFT59XDD5","JRTCKXETXF","ZRSZR58WFT59XDD5.JRTCKXETXF.6YS6EN2CT7","OnDemand","$0.81667 per GB of IA vector write requests in Asia Pacific (Hong Kong)","2026-07-01","0","Inf","GB","0.8166700000","USD",,,,"Amazon DynamoDB PayPerRequest Throughput","AmazonDynamoDB","Asia Pacific (Hong Kong)","AWS Region",,,,"APE1-IA-VectorWriteRequest","","ap-east-1","Amazon DynamoDB",
"ZSUEN684W573T6MD","JRTCKXETXF","ZSUEN684W573T6MD.JRTCKXETXF.6YS6EN2CT7","OnDemand","$0.1026 per GB-Month of storage for Amazon DynamoDB On-Demand Backups in Asia Pacific (Taipei)","2026-07-01","0","Inf","GB-Month","0.1026000000","USD",,,,"Amazon DynamoDB On-Demand Backup Storage","AmazonDynamoDB","Asia Pacific (Taipei)","AWS Region","Amazon DynamoDB - On-Demand Backup Storage",,,"APE2-TimedBackupStorage-ByteHrs","","ap-east-2","Amazon DynamoDB",
"ZUVUJ5AQTMRAKSRG","JRTCKXETXF","ZUVUJ5AQTMRAKSRG.JRTCKXETXF.6YS6EN2CT7","OnDemand","$0.1869 per million DynamoDB IA Read Request Units in Asia Pacific (New Zealand)","2026-07-01","0","Inf","ReadRequestUnits","0.0000001869","USD",,,,"Amazon DynamoDB PayPerRequest Throughput","AmazonDynamoDB","Asia Pacific (New Zealand)","AWS Region",,"DDB-ReadUnitsIA","DynamoDB PayPerRequest Read Request Units IA","APS8-IA-ReadRequestUnits","PayPerRequestThroughput","ap-southeast-6","Amazon DynamoDB",
"ZVWTUTN3ZXUV3KU3","JRTCKXETXF","ZVWTUTN3ZXUV3KU3.JRTCKXETXF.6YS6EN2CT7","OnDemand","$0.78 per GB of vector write requests in South America (Sao Paulo)","2026-07-01","0","Inf","GB","0.7800000000","USD",,,,"Amazon DynamoDB PayPerRequest Throughput","AmazonDynamoDB","South America (Sao Paulo)","AWS Region",,,,"SAE1-VectorWriteRequest","","sa-east-1","Amazon DynamoDB","Standard"
"ZX2UBHDKFGF756JN","JRTCKXETXF","ZX2UBHDKFGF756JN.JRTCKXETXF.HBHVWY47CM","OnDemand","$0.00 per hour for 25 units of write capacity for a month (free tier)","2026-07-01","0","18600","WriteCapacityUnit-Hrs","0.0000000000","USD",,,,"Provisioned IOPS","AmazonDynamoDB","Asia Pacific (Osaka)","AWS Region",,"DDB-WriteUnits","DynamoDB Provisioned Write Units","APN3-WriteCapacityUnit-Hrs","CommittedThroughput","ap-northeast-3","Amazon DynamoDB",
"ZX2UBHDKFGF756JN","JRTCKXETXF","ZX2UBHDKFGF756JN.JRTCKXETXF.E63J5HTPNN","OnDemand","$0.000742 per hour for units of write capacity beyond the free tier","2026-07-01","18600","Inf","WriteCapacityUnit-Hrs","0.0007420000","USD",,,,"Provisioned IOPS","AmazonDynamoDB","Asia Pacific (Osaka)","AWS Region",,"DDB-WriteUnits","DynamoDB Provisioned Write Units","APN3-WriteCapacityUnit-Hrs","CommittedThroughput","ap-northeast-3","Amazon DynamoDB",
"ZX2UBHDKFGF756JN","YTVHEVGPBZ","ZX2UBHDKFGF756JN.YTVHEVGPBZ.6YS6EN2CT7","Reserved","Amazon DynamoDB, Reserved Write Capacity used this month","2026-08-04","0","Inf","WriteCapacityUnit-Hrs","0.0001470000","USD","1yr","Heavy Utilization","standard","Provisioned IOPS","AmazonDynamoDB","Asia Pacific (Osaka)","AWS Region",,"DDB-WriteUnits","DynamoDB Provisioned Write Units","APN3-WriteCapacityUnit-Hrs","CommittedThroughput","ap-northeast-3","Amazon DynamoDB",
"ZX2UBHDKFGF756JN","YTVHEVGPBZ","ZX2UBHDKFGF756JN.YTVHEVGPBZ.2TG2D8R56U","Reserved","Upfront Fee","2026-08-04",,,"Quantity","1.714","USD","1yr","Heavy Utilization","standard","Provisioned IOPS","AmazonDynamoDB","Asia Pacific (Osaka)","AWS Region",,"DDB-WriteUnits","DynamoDB Provisioned Write Units","APN3-WriteCapacityUnit-Hrs","CommittedThroughput","ap-northeast-3","Amazon DynamoDB",
"ZYXUKUJEQQX357EY","JRTCKXETXF","ZYXUKUJEQQX357EY.JRTCKXETXF.6YS6EN2CT7","OnDemand","$0.695 per million write request units","2026-07-01","0","Inf","WriteRequestUnits","0.0000006950","USD",,,,"Amazon DynamoDB PayPerRequest Throughput","AmazonDynamoDB","US West (N. California)","AWS Region",,"DDB-WriteUnits","DynamoDB PayPerRequest Write Request Units","USW1-WriteRequestUnits","PayPerRequestThroughput","us-west-1","Amazon DynamoDB",
"ZZYBMDK8NF9E89RN","JRTCKXETXF","ZZYBMDK8NF9E89RN.JRTCKXETXF.6YS6EN2CT7","OnDemand","$0.228 per GB-Month of storage used for DynamoDB PITR backup","2026-07-01","0","Inf","GB-Mo","0.2280000000","USD",,,,"Database Storage","AmazonDynamoDB","Asia Pacific (Tokyo)","AWS Region","Amazon DynamoDB - Point-In-Time-Restore (PITR) Backup Storage",,,"APN1-TimedPITRStorage-ByteHrs","","ap-northeast-1","Amazon DynamoDB",
